local_x_km,local_y_km,positive_gp_Hi_m,positive_gp_Hs_m,positive_gp_Hi_std_m,positive_gp_Hs_std_m,positive_gp_pred_cs2_m,positive_gp_pred_is2_m
12.5,12.5,2.7727019923599032,0.12514842271503535,0.09079489616407196,0.012178665374293523,0.22035350210361845,0.38362497579386234
23.295454545454547,12.5,2.776346327314643,0.12330125570057414,0.08222383028256358,0.011517247012255894,0.2218452756993683,0.38270689336378105
34.09090909090909,12.5,2.775958035558804,0.12214531483841841,0.07735893847411324,0.011446990256693823,0.2224947242430592,0.3818482752137935
44.88636363636363,12.5,2.7714772080942853,0.12155402659912112,0.0749737827250712,0.011569797161619327,0.22237110996221401,0.3809532528711336
55.68181818181818,12.5,2.7629619939911625,0.12140709542270063,0.07391152100769455,0.011600993711649707,0.22155251015141222,0.3799429633115937
66.47727272727272,12.5,2.7506262884959467,0.12162293375759647,0.07357572922388814,0.011461697871245822,0.22011044898060664,0.37878248973296685
77.27272727272727,12.5,2.7348854808733045,0.122167773367402,0.074001376966241,0.011273496117283118,0.21810932229938956,0.37749217317694267
88.06818181818181,12.5,2.7164111143948158,0.12304809444383898,0.07559394514409475,0.011295568882138913,0.21561674023396593,0.3761480779749749
98.86363636363636,12.5,2.6961948887088076,0.12429063125876459,0.07869605309238802,0.011767068001578002,0.21272228839090745,0.37487466787168516
109.6590909090909,12.5,2.6755924305246586,0.1259181702571117,0.08323153887514052,0.012711406991434972,0.2095566498941599,0.3738323537044303
120.45454545454545,12.5,2.6562254473256335,0.1279435431404044,0.08874308202021136,0.013956029701661512,0.20628477978838716,0.3732028310470184
131.25,12.5,2.6397828280933258,0.1303767137274681,0.0946687258980971,0.015304642409629966,0.20308049809602968,0.37317291894615173
142.04545454545453,12.5,2.6278203228350665,0.13322659971017273,0.10054043435243912,0.01663734186672231,0.20010407797633567,0.3739145247843626
152.8409090909091,12.5,2.621566445079289,0.13649371505391517,0.106038737396384,0.017921561175594427,0.19748598179442053,0.37555878145769245
163.63636363636363,12.5,2.6217330012196096,0.14015359539311395,0.11094740879981009,0.019175553796260632,0.19531659770010046,0.37816416034917183
174.4318181818182,12.5,2.6283300210424856,0.1441337216433461,0.11506938364801012,0.020408602116605196,0.19364033010225912,0.381680455823646
185.22727272727272,12.5,2.640500942978646,0.1482901027954562,0.11815802633226327,0.02156022866395463,0.1924520498335575,0.3859146847740066
196.02272727272725,12.5,2.656528451475994,0.1523930115202285,0.11992772586150204,0.02249179697299012,0.19170623979216625,0.3905216226089148
206.8181818181818,12.5,2.6740736866888515,0.15612840586879967,0.12014126907497258,0.023042090124984392,0.19134160809587336,0.3950302711895467
217.61363636363635,12.5,2.690474021770527,0.15911628290962015,0.11869342175483857,0.023089649978578514,0.19130181710244165,0.39888853242143796
228.4090909090909,12.5,2.703055929813382,0.16094830316315586,0.11565605961479329,0.022599054232341292,0.1915463025881622,0.40152311312478856
239.20454545454544,12.5,2.7094601245975807,0.16124917986644172,0.11127230438104894,0.02163949639836855,0.19204819775657417,0.40241753887152354
250.0,12.5,2.7079753983617536,0.1597673632792963,0.10589590107494297,0.020360074895049558,0.19277567653784783,0.40121180608949386
260.7954545454545,12.5,2.6978729851594814,0.15649548369514524,0.09988550715486733,0.018913741275595544,0.19365556928674713,0.397823130446942
271.59090909090907,12.5,2.679591351730014,0.15173714039141786,0.09351398964731077,0.017378410212988128,0.19455312039860756,0.3925128388495684
282.3863636363636,12.5,2.654532358788849,0.14599511893346304,0.08699108935029067,0.015770504296183693,0.1953170910181382,0.3857856379060662
293.1818181818182,12.5,2.624712782699555,0.13983009363504834,0.08056566196003498,0.014120110935351907,0.1958271033570089,0.378252618267604
303.9772727272727,12.5,2.5924249299459348,0.13376957479206783,0.07462885559527008,0.012534119267352388,0.1960119270503149,0.37053075147808984
314.77272727272725,12.5,2.559917270452569,0.12825614289079645,0.06973563995000641,0.011211503473278596,0.19584641886535573,0.36317229485572916
325.5681818181818,12.5,2.5291004828295707,0.12361907644847149,0.06645533048992278,0.010381992439236086,0.19533718755586307,0.3566134413839029
336.3636363636364,12.5,2.5012826911628774,0.12005436659269861,0.06503800776864267,0.010144516735570016,0.1945063541759637,0.35113200659166743
347.1590909090909,12.5,2.476972094314065,0.11761411261090904,0.06513493296523976,0.010329134522989699,0.19337688002334236,0.34681892168997186
357.95454545454544,12.5,2.4558972024038392,0.11625120324529234,0.06599579347788569,0.01062802828713476,0.19194801955802931,0.34361197872227556
368.75,12.5,2.4371856581579205,0.11588501186168743,0.06696009011543763,0.010808974590841288,0.19017509622492149,0.34136131379597173
379.5454545454545,12.5,2.419566263057576,0.11644003729731782,0.06780740108144061,0.010799076659054933,0.18796791575011307,0.3398782321059901
390.34090909090907,12.5,2.4015756295057376,0.11786106825359426,0.06886550964298413,0.010698810285390353,0.18520370118374732,0.3389679267887965
401.1363636363636,12.5,2.3817641994421006,0.12011014592511925,0.07088420160053137,0.01076490316270848,0.18175083772283188,0.3384492611220462
411.9318181818182,12.5,2.3588971630853663,0.1231478993997072,0.07467185193957765,0.011305533401027646,0.17750141337499106,0.3381629589274345
422.7272727272727,12.5,2.3321382999872857,0.12690303516450807,0.0806269973227594,0.012457535666590126,0.17240902078732356,0.33796960171652146
433.52272727272725,12.5,2.301128970945256,0.1312535877790097,0.0885828578585921,0.014091993769235403,0.1665083700028122,0.3377447806494492
444.3181818181818,12.5,2.265930110804457,0.1360353887319318,0.09808979413854091,0.01597663302019026,0.1599040529495121,0.3373789096871137
455.1136363636363,12.5,2.226934672884907,0.1410579434515166,0.10873378196912054,0.017928232434450173,0.15275173559455704,0.3367791312532743
465.9090909090909,12.5,2.1847800878189747,0.14612157508399534,0.12028827954318679,0.019865957781860785,0.14523859462225452,0.3358721190752743
476.70454545454544,12.5,2.140265949323095,0.15103518142388922,0.13271239641216287,0.021805204594020987,0.137563944080529,0.3346078709249152
487.5,12.5,2.0942822572337323,0.1556344133226186,0.1460647256232035,0.023816856728984714,0.1299207339268222,0.3329649231289577
12.5,23.295454545454547,2.77942556392285,0.12689344067589398,0.08260842612658133,0.011779486197057107,0.22002638695861956,0.3855744507001347
23.295454545454547,23.295454545454547,2.781946048141063,0.12466936276535541,0.07440052310974857,0.011123546399496483,0.2216237706420715,0.3842702518452082
34.09090909090909,23.295454545454547,2.7803287276398225,0.12306177782188482,0.07004658971507673,0.011061241523714946,0.22241229348029773,0.38296148286697784
44.88636363636363,23.295454545454547,2.7745358821140047,0.12195976518014363,0.06813210034376478,0.011176941189990347,0.22245422556535105,0.38156570423911185
55.68181818181818,23.295454545454547,2.764649587079379,0.12125828856145676,0.06734457569842159,0.011180106132723688,0.22182107223369135,0.3800173885841279
66.47727272727272,23.295454545454547,2.750909267621153,0.12088998425678889,0.06702742555608365,0.010994814047143586,0.22057857514018822,0.37829439333263754
77.27272727272727,23.295454545454547,2.7337583310229414,0.12083299031297746,0.06723161267024237,0.010745247694076436,0.21878699742809649,0.37642846002743774
88.06818181818181,23.295454545454547,2.713900569718542,0.1211021603726697,0.0684166110026707,0.01068521500443882,0.2165123780930547,0.37450500606360737
98.86363636363636,23.295454545454547,2.6923630415890862,0.12172937829176203,0.07098557915530841,0.011041713569876778,0.21384498911235938,0.37265589982074815
109.6590909090909,23.295454545454547,2.670526189243362,0.1227428847464248,0.07491909971519625,0.011838194179495578,0.21091489574414618,0.37104804998431445
120.45454545454545,23.295454545454547,2.650031013188235,0.12416200269012963,0.0797969253999689,0.012911161063399665,0.20788522756831324,0.369869795298019
131.25,23.295454545454547,2.632589325673439,0.1260034166908684,0.08507767314968905,0.014071881447764497,0.204928228419473,0.36931514666268905
142.04545454545453,23.295454545454547,2.619778766573939,0.1282835401366407,0.09031775008118606,0.015208614913323221,0.2022020221667227,0.3695636412260617
152.8409090909091,23.295454545454547,2.6128399425036677,0.13101122281105557,0.09523138827366895,0.01629856300442087,0.1998333770137142,0.37075359282041404
163.63636363636363,23.295454545454547,2.6124761417702103,0.13417028843062778,0.0996358830521198,0.01736937612177013,0.1979068215129003,0.37294842605149164
174.4318181818182,23.295454545454547,2.6186596212935447,0.13769506023250275,0.10335436767113096,0.01843671739134306,0.1964586504156909,0.3760987522747347
185.22727272727272,23.295454545454547,2.6304785097553607,0.1414462335653031,0.10614429033209366,0.019445856093402086,0.195475046563866,0.38000901432091183
196.02272727272725,23.295454545454547,2.6461526359685004,0.14519721340708747,0.10771313656727624,0.020264948819093662,0.1949019303278202,0.38432951155009554
206.8181818181818,23.295454545454547,2.663261906327451,0.14863765801868462,0.10781242652755417,0.020737410345596386,0.1946671516586988,0.3885832150343944
217.61363636363635,23.295454545454547,2.6790571396161433,0.1513952551119599,0.10633441814223969,0.02074648485358967,0.19470056374458464,0.3922142508976744
228.4090909090909,23.295454545454547,2.6907930459320877,0.15307594409173883,0.10336563591817101,0.02026377580311887,0.19494543058808478,0.39465178274318014
239.20454545454544,23.295454545454547,2.696072043965283,0.1533248468790648,0.0991787404360085,0.019366555843561412,0.19535861300474006,0.3953896893873621
250.0,23.295454545454547,2.6931912898291053,0.15191201850740993,0.09415789343679816,0.018207485040993652,0.1958962643918727,0.39408413280345433
260.7954545454545,23.295454545454547,2.6814672561248942,0.14883656890107005,0.0886744957814092,0.016933583149764637,0.19648615836356448,0.39066172539256655
271.59090909090907,23.295454545454547,2.6613881669144086,0.1443734254455655,0.08298576180258202,0.015609667322884517,0.19701596982648,0.3853688185705664
282.3863636363636,23.295454545454547,2.6344311377293668,0.13898443975680103,0.07725180727169735,0.014231930000034317,0.1973669322261394,0.37868918788713374
293.1818181818182,23.295454545454547,2.6027137211519857,0.13319321933024605,0.07165299173329538,0.012808239680736924,0.19745154574415494,0.371218443750649
303.9772727272727,23.295454545454547,2.5686345697494652,0.12749816714199702,0.06651835625099566,0.011426909608853607,0.19722729434327282,0.3635642979623999
314.77272727272725,23.295454545454547,2.534532527365199,0.12232096492235867,0.06236228701380141,0.010271963145837382,0.19669114358879738,0.3562738516470648
325.5681818181818,23.295454545454547,2.50237377508577,0.11797647322542082,0.05972751008008143,0.009558891369250087,0.19586422626447894,0.3497790118159703
336.3636363636364,23.295454545454547,2.473477986356242,0.11465245463517976,0.058832335375552804,0.009378309365753418,0.19477481010692843,0.34435300553584036
347.1590909090909,23.295454545454547,2.4483353061295605,0.11240492310752231,0.059303167495307056,0.00957843092223106,0.19344159528746907,0.34008761005660965
357.95454545454544,23.295454545454547,2.4266242752527667,0.11119730834543214,0.06037494754594151,0.009880335202198203,0.1918522180830889,0.3369227512154731
368.75,23.295454545454547,2.407388065538142,0.11095862724268489,0.06137390648273823,0.010068427357952648,0.18994724751602168,0.33470639186265755
379.5454545454545,23.295454545454547,2.389252985997157,0.11162180229678177,0.06206535830864147,0.010072812394105901,0.18762054556198896,0.333244883141172
390.34090909090907,23.295454545454547,2.3706546875587797,0.11313922367142033,0.0627624116633663,0.009984741809430665,0.1847340458265838,0.3323380457832181
401.1363636363636,23.295454545454547,2.3500622592148774,0.11547951437520293,0.06420908891063135,0.01003964478102648,0.1811435406310591,0.3318007369746763
411.9318181818182,23.295454545454547,2.326192378370053,0.11860840219137128,0.06722732043718924,0.010518389017812959,0.17673290708456652,0.3314721215125865
422.7272727272727,23.295454545454547,2.2981914554352487,0.12245995453126056,0.07225650762795187,0.011549801426580455,0.1714506853281027,0.3312147223858152
433.52272727272725,23.295454545454547,2.2657121578074135,0.12691837699312714,0.07918514030916675,0.013023818946545338,0.1653291011791405,0.3309096974062814
444.3181818181818,23.295454545454547,2.228863825541101,0.1318226942693291,0.08761224743479004,0.014727083231793076,0.15847599084216704,0.3304548707372795
455.1136363636363,23.295454545454547,2.1881181361090913,0.1369818391987837,0.09718089876143095,0.016490740779755375,0.15105574227584576,0.3297653597810648
465.9090909090909,23.295454545454547,2.1442093582016395,0.14219280795281253,0.10774039849437786,0.018249704483708898,0.14326782829359244,0.32877579394708495
476.70454545454544,23.295454545454547,2.0980393085441875,0.1472602276146752,0.11933471774955942,0.020039640866914135,0.13532499624402416,0.3274440326409583
487.5,23.295454545454547,2.0505940609641105,0.15201656804706923,0.13209388507187309,0.021952474317945996,0.12743232364224547,0.3257565897569982
12.5,34.09090909090909,2.7833970904475964,0.12982273216846515,0.07779053664094926,0.011933090557333827,0.21869861777732624,0.3880683017077703
23.295454545454547,34.09090909090909,2.784763510063828,0.1271482891791027,0.07010871948754893,0.011273276971048548,0.22044229101602736,0.3863228359010035
34.09090909090909,34.09090909090909,2.7819256177652782,0.12498288392778227,0.06629156611346423,0.011180778460146831,0.2214342383569059,0.3844897463868454
44.88636363636363,34.09090909090909,2.774880324153974,0.12324844154488218,0.06478822582906688,0.011252680992605828,0.22172078782291615,0.382513502940701
55.68181818181818,34.09090909090909,2.7637463418477397,0.12186996179510033,0.06420247913143308,0.011211168982833032,0.2213593953154526,0.3803537144541565
66.47727272727272,34.09090909090909,2.7488006828651144,0.12080402061861069,0.06385350600284183,0.010986841960758628,0.2204054973124609,0.3780091653907926
77.27272727272727,34.09090909090909,2.730525152007276,0.12004536685124126,0.06379236802567323,0.010696878051700031,0.2189135177274012,0.3755274288760662
88.06818181818181,34.09090909090909,2.709661884896893,0.11961771100010202,0.06448242921333477,0.010566852866792665,0.21694828422211807,0.3730042658377297
98.86363636363636,34.09090909090909,2.6872663013911593,0.11955627561631704,0.06634656793539184,0.010789496777656579,0.21460109259757623,0.3705769242166503
109.6590909090909,34.09090909090909,2.6647169909279627,0.11989233261778476,0.06942489578896127,0.01138773848713437,0.21199999940640313,0.3684142586195548
120.45454545454545,34.09090909090909,2.6436306343460063,0.12064935264816752,0.07337120588094533,0.012225425336936185,0.209303066889606,0.3667049516220586
131.25,34.09090909090909,2.625693111248693,0.12184808680744677,0.0777025601874821,0.013137102908951365,0.20667734834838875,0.365643128881542
142.04545454545453,34.09090909090909,2.6124577137236473,0.12350948296900367,0.08202544248517887,0.014025200199735162,0.2042756661743025,0.3654089418607776
152.8409090909091,34.09090909090909,2.6051354175949135,0.12564801304667023,0.08610473685012511,0.014877216074908953,0.20221827477533313,0.36614152535511213
163.63636363636363,34.09090909090909,2.6043845584747554,0.12825353390330033,0.08980256822949244,0.015728645572343353,0.20058131234353713,0.36790378458958767
174.4318181818182,34.09090909090909,2.610115289608684,0.13126514136007805,0.0929687984783671,0.016600118755826,0.19939161092985153,0.370643094640667
185.22727272727272,34.09090909090909,2.621360412875146,0.1345460792349369,0.09536819631736097,0.01744326961796498,0.1986279411537136,0.3741598109077004
196.02272727272725,34.09090909090909,2.6363030672265415,0.13787134929393505,0.09670178742740586,0.01813533538497228,0.1982313636949946,0.37810145626611524
206.8181818181818,34.09090909090909,2.6524862428147595,0.1409354246919518,0.09670849605529715,0.018527198221783454,0.19812292160432185,0.3819904765075995
217.61363636363635,34.09090909090909,2.667127207164723,0.1433801122118905,0.09527770988007145,0.018509472681335036,0.1982204592593325,0.3852774090062144
228.4090909090909,34.09090909090909,2.6774697049048015,0.14483933083514194,0.09251425384458328,0.018063449862724658,0.19844935308399173,0.3874100325774083
239.20454545454544,34.09090909090909,2.681145411526936,0.14499905557700607,0.08872663834517953,0.017275325531261317,0.19874516468325357,0.3879142247013559
250.0,34.09090909090909,2.6765243065499464,0.14367143955729655,0.08433306359765128,0.016297688076981898,0.19904664170794698,0.3864836637240497
260.7954545454545,34.09090909090909,2.663003688990076,0.14086819209271506,0.07971505120626494,0.015265210981447657,0.19928263207591437,0.3830624738037539
271.59090909090907,34.09090909090909,2.6411174336857344,0.13682353957261356,0.07510361146855431,0.01422484787762226,0.19936999257250138,0.3778730887913254
282.3863636363636,34.09090909090909,2.612382568230973,0.13193405053845778,0.07059000553106748,0.01315151534376075,0.19923321770257565,0.37135737551466746
293.1818181818182,34.09090909090909,2.578974301315135,0.1266637740358123,0.06625637690043652,0.012030272110560965,0.19882653649078866,0.3640749719192166
303.9772727272727,34.09090909090909,2.543354714860351,0.12146635824961038,0.0623264187966298,0.010926345454780788,0.19814092973813513,0.3566086985278283
314.77272727272725,34.09090909090909,2.507910368286733,0.11673286825315686,0.05921102773039878,0.009994608042597579,0.19719673836197893,0.34948908863138617
325.5681818181818,34.09090909090909,2.4746213021459096,0.11275809840988965,0.05735463373210364,0.009412826741328102,0.1960285618052135,0.34313533709244554
336.3636363636364,34.09090909090909,2.444787106528918,0.10972069328189578,0.05691815843433982,0.009253713929136988,0.19466797887752824,0.33781208647240685
347.1590909090909,34.09090909090909,2.4188661148035036,0.10768411780583657,0.05756803506813232,0.009406032752839067,0.19312585091368095,0.3336129959033277
357.95454545454544,34.09090909090909,2.3964900977100005,0.10662861987631918,0.05863928144958949,0.009654292605029136,0.1913747853244435,0.33048490375082534
368.75,34.09090909090909,2.3766280517963443,0.10649837631893695,0.05953227902649754,0.009820184855769694,0.1893383960771535,0.32827859580147645
379.5454545454545,34.09090909090909,2.3578164868196434,0.10723796554399788,0.060026344942286855,0.009841641037282675,0.1868940209639533,0.32679910558319886
390.34090909090907,34.09090909090909,2.3384065089022625,0.10880883525665436,0.06039031375503952,0.0097935888130544,0.18388918148270597,0.32584365839469176
401.1363636363636,34.09090909090909,2.3168069983845614,0.11118630995469747,0.061284453230105125,0.00986867425958093,0.18016925627326857,0.32522544065538883
411.9318181818182,34.09090909090909,2.291708035808995,0.11434083471979768,0.06345383044968073,0.010289997903700773,0.17561247231626134,0.32478412132843165
422.7272727272727,34.09090909090909,2.262253686723105,0.11821230527296844,0.06733789713974353,0.011163525090845625,0.17016363720490618,0.32438609460004647
433.52272727272725,34.09090909090909,2.2281148262993304,0.12269300801203939,0.07290940081864904,0.012410173611112135,0.16385208587225844,0.3239201697923277
444.3181818181818,34.09090909090909,2.1894529428397327,0.1276283780358267,0.07987423162324028,0.013855846718584613,0.15678737465518933,0.3232942543627631
455.1136363636363,34.09090909090909,2.146824565204016,0.13283045995843246,0.08798122507758818,0.01535745857157206,0.14914106397450086,0.3224346978683036
465.9090909090909,34.09090909090909,2.101068978569451,0.138097029003901,0.09718994879201766,0.016869827029057653,0.14112333960113735,0.3212878590457954
476.70454545454544,34.09090909090909,2.053198575891387,0.14323301726735616,0.10765295662793882,0.01845045823017108,0.13295853693257986,0.31982358327512406
487.5,34.09090909090909,2.004301713035697,0.14807244186798454,0.11958339168715246,0.020212999890835498,0.12486169630022839,0.3180403658528435
12.5,44.88636363636363,2.7847413360340147,0.13376447075164885,0.07503315800467322,0.012240890604395028,0.2164861571261746,0.39099832270693496
23.295454545454547,44.88636363636363,2.784971661830851,0.1305678753561963,0.06786316724464005,0.011564896850742114,0.21842093231899953,0.38876274697016494
34.09090909090909,44.88636363636363,2.7809778553368125,0.12774944574028727,0.0644912737940127,0.01143488862699478,0.2196800797918902,0.38634490717546927
44.88636363636363,44.88636363636363,2.7728055109779386,0.12527453311822706,0.06327188309062533,0.011454592896575131,0.22028915867601018,0.38372515886151537
55.68181818181818,44.88636363636363,2.76062401069296,0.12311089624976781,0.06277532250759944,0.0113568734769707,0.22028546597440982,0.3808987363773091
66.47727272727272,44.88636363636363,2.744759655004596,0.12124948523618173,0.06232252862859032,0.011079358129987138,0.21970914299034172,0.3778939743227505
77.27272727272727,44.88636363636363,2.725738433256288,0.11970828528869179,0.06196482386696184,0.010734666630239547,0.21860543101530822,0.3747795779042464
88.06818181818181,44.88636363636363,2.7043352434946697,0.11852308103411914,0.0621545185499461,0.010526104540193123,0.2170354297268526,0.37166333223595827
98.86363636363636,44.88636363636363,2.681613731556289,0.11773287834382008,0.06331236436264685,0.010618644932430176,0.21508904966304282,0.36868603580132936
109.6590909090909,44.88636363636363,2.658923021224065,0.11736902632173744,0.06550903138241668,0.011028709348288623,0.2128911647699344,0.36601346129918066
120.45454545454545,44.88636363636363,2.6378195258199826,0.11745398645253599,0.0684521118761071,0.011635772275664221,0.21059402515867712,0.3638271626035295
131.25,44.88636363636363,2.6199177212575084,0.11800726765119227,0.07171697709057882,0.012292841411452728,0.2083578258615295,0.3623127865200504
142.04545454545453,44.88636363636363,2.606699958694762,0.11904977902974187,0.07497491452989608,0.012917416754572895,0.20632786110408152,0.3616429057766232
152.8409090909091,44.88636363636363,2.5993081990607227,0.12059848437708146,0.0780662689672507,0.01351189986936736,0.2046155498590026,0.36195107069006416
163.63636363636363,44.88636363636363,2.5983309232782164,0.12264775355062932,0.08092732663464687,0.014127230756790668,0.2032868976871171,0.36329594160935663
174.4318181818182,44.88636363636363,2.603610708675124,0.12514054142991993,0.08345895389990962,0.014796910510786247,0.2023592373594004,0.3656204289461431
185.22727272727272,44.88636363636363,2.614130223745329,0.12794077061390913,0.08544105071977046,0.01548062258701444,0.2018055973977649,0.36872003155538197
196.02272727272725,44.88636363636363,2.628047791258856,0.13082234311609317,0.0865591488747272,0.016058742356478414,0.20156505411852668,0.37223885318678396
206.8181818181818,44.88636363636363,2.6429004487992223,0.13348359477321703,0.08652616416579971,0.01638281226259034,0.20155570864363878,0.37570143704582454
217.61363636363635,44.88636363636363,2.655920315143819,0.13558403811024042,0.08522097035459279,0.01634740108192585,0.2016864053968021,0.3785724198657132
228.4090909090909,44.88636363636363,2.6643978878773673,0.13679437511125608,0.08276966142941397,0.01594482922958397,0.20186551622695026,0.3803305638273266
239.20454545454544,44.88636363636363,2.6660500932185593,0.1368522068865041,0.07952887928639228,0.0152758901144567,0.2020068259661283,0.3805473222135273
250.0,44.88636363636363,2.659359017931459,0.13561717536952697,0.07596406289991617,0.014500610266530477,0.20203263664665616,0.37896188273639314
260.7954545454545,44.88636363636363,2.643823377312574,0.13311288277484945,0.07246535084039578,0.013744201676756551,0.20187548437991487,0.3755375734922476
271.59090909090907,44.88636363636363,2.62003713993465,0.1295333143984654,0.06920873316976037,0.013027760360733085,0.2014826703810861,0.3704747733177401
282.3863636363636,44.88636363636363,2.589550656754835,0.12520393591395437,0.06617083975094915,0.012292749770242193,0.20082472673706578,0.3641686242070117
293.1818181818182,44.88636363636363,2.554568750835185,0.12051811058697189,0.06329149148907491,0.011492975430246556,0.19990127600168256,0.35713193936133086
303.9772727272727,44.88636363636363,2.51758004991237,0.11587505560058278,0.06065708164510744,0.010666972552127785,0.19873865215502487,0.34991188056178735
314.77272727272725,44.88636363636363,2.4809822103797576,0.11162983930049897,0.05856011283710604,0.009941965731655124,0.1973798886720373,0.3430147115087449
325.5681818181818,44.88636363636363,2.446739851805862,0.10805653993634845,0.05735962368627571,0.009468199643562944,0.19587032327682727,0.33684333863355
336.3636363636364,44.88636363636363,2.4161127949799432,0.10532677984872059,0.057205238450208216,0.00931491119098998,0.19424149794288634,0.3316532063118042
347.1590909090909,44.88636363636363,2.3895078281343234,0.10351048459993993,0.057853999983621535,0.009411107037356892,0.192494926452238,0.32753705480175566
357.95454545454544,44.88636363636363,2.3664944463879785,0.10260202673198071,0.058778308987817225,0.009596978459497184,0.19058814649911496,0.32444508008812856
368.75,44.88636363636363,2.3459644202208287,0.10255984301977569,0.05947782232173056,0.009729295226072052,0.1884280300740469,0.3222299298343632
379.5454545454545,44.88636363636363,2.326370916750848,0.10334046631497072,0.05975726143706895,0.009754551908174026,0.18587589966392357,0.32069621829871214
390.34090909090907,44.88636363636363,2.3059926742475874,0.10491543645866733,0.05983875659267404,0.009733363806737647,0.18276554257370076,0.31964060301666225
401.1363636363636,44.88636363636363,2.2831924497033134,0.10726866201993458,0.060280894863791894,0.009821015519278465,0.17893229806139485,0.3188774300000916
411.9318181818182,44.88636363636363,2.2566461029714224,0.11037796734510097,0.06171749782140094,0.010191580415710822,0.17424846959643595,0.31825007185716614
422.7272727272727,44.88636363636363,2.225509830117846,0.11419073921514138,0.0645383931669836,0.010925639868330622,0.16865567941544982,0.3176315104244215
433.52272727272725,44.88636363636363,2.189490873667548,0.11860739866211725,0.0687576306919401,0.011958926474126285,0.16218227239779456,0.31692017759876523
444.3181818181818,44.88636363636363,2.148817511826682,0.1234808129607123,0.07417906167162518,0.013146736089053177,0.15494047294776858,0.3160363450904922
455.1136363636363,44.88636363636363,2.1041424596868814,0.12862909390195978,0.08067621977208479,0.014370601373921703,0.14710845436660355,0.3149208907137587
465.9090909090909,44.88636363636363,2.0564195632662,0.1338552446653214,0.08835293916748731,0.015608535562050403,0.13890547270826006,0.3135360639977622
476.70454545454544,44.88636363636363,2.0067791630665033,0.13896942766024223,0.09750922279475957,0.016946672509422424,0.13056529274252454,0.311867963281508
487.5,44.88636363636363,1.956415512957197,0.14381148069762523,0.10847157912536785,0.018529619716535644,0.12231074875124795,0.30993047161856946
12.5,55.68181818181818,2.783625022916258,0.13849895513162466,0.07315949439857924,0.01238811216399994,0.213538043421181,0.39422692481754723
23.295454545454547,55.68181818181818,2.7827883692291318,0.134710629895532,0.06636100631971623,0.01168843293484182,0.21571285634546722,0.3914594026272857
34.09090909090909,55.68181818181818,2.777760257922328,0.1311551892952253,0.06328978111714668,0.011542169617687668,0.21730233838539642,0.3884103761360126
44.88636363636363,55.68181818181818,2.768649997723121,0.12784942652221795,0.06222315928517031,0.011528327544658162,0.21830808947486222,0.38510335405654883
55.68181818181818,55.68181818181818,2.7556921224626603,0.12481401457110775,0.06171026849785961,0.011373224892014656,0.21874272063590522,0.38157791786905465
66.47727272727272,55.68181818181818,2.7392724897960186,0.12208405639491907,0.06108359574083563,0.011021074793782788,0.2186263273824497,0.37789995919696034
77.27272727272727,55.68181818181818,2.7199622129170193,0.1197082771881232,0.06040918715478062,0.010592530295975108,0.21799058427705648,0.3741647205978089
88.06818181818181,55.68181818181818,2.698556231143823,0.11773912540310426,0.060145453268456155,0.010291493167975771,0.21688876613692581,0.37049390233059004
98.86363636363636,55.68181818181818,2.6761018657149056,0.11622040413255444,0.06071034543367032,0.010273968800203849,0.21540617904470744,0.3670299569872013
109.6590909090909,55.68181818181818,2.653889535605369,0.11518017465289655,0.0621676625076616,0.010543702742568934,0.2136634128724729,0.36393008381804914
120.45454545454545,55.68181818181818,2.6333811596431986,0.11463324648762305,0.06422426292710232,0.010971778786700002,0.21180723198203438,0.3613603680255349
131.25,55.68181818181818,2.6160775193400183,0.11459040057951767,0.06647744227896328,0.011411157650408869,0.2099909449311133,0.35948818323011017
142.04545454545453,55.68181818181818,2.6033454574540653,0.1150660220435523,0.06865857819601759,0.011789091851458215,0.2083514493024712,0.35846919416213374
152.8409090909091,55.68181818181818,2.5962225944428416,0.11607537550187892,0.07070771695079597,0.01212858171572392,0.2069900729222111,0.3584246432203419
163.63636363636363,55.68181818181818,2.5952115036433963,0.11761598909568692,0.07267766801524529,0.012509620538353429,0.20596178952795094,0.3594062792992261
174.4318181818182,55.68181818181818,2.600089717039372,0.11963472883606906,0.07455940694333335,0.012992496364705985,0.20527467085987594,0.3613528543306695
185.22727272727272,55.68181818181818,2.6097969654990174,0.12199470927273859,0.07616037828960819,0.013547335562009618,0.20489765781424177,0.36405472534458555
196.02272727272725,55.68181818181818,2.6224746719171086,0.12446509602427384,0.07713405838968178,0.014046411688779691,0.20477085822399016,0.36715084839896395
206.8181818181818,55.68181818181818,2.6356761168246297,0.12674523426459666,0.07714173430773313,0.01432755406564822,0.20481349902542154,0.37016820931782485
217.61363636363635,55.68181818181818,2.6466894965832415,0.12851270254123875,0.07603579174570164,0.014280761809744254,0.20492959773751512,0.372590187272881
228.4090909090909,55.68181818181818,2.6529020707682225,0.12947783636879437,0.07396489966673848,0.013909841549676352,0.2050141414103933,0.3739338664499447
239.20454545454544,55.68181818181818,2.652159095269007,0.1294320179435084,0.07135074635521302,0.01334036109043421,0.20496243585060317,0.3738223851322479
250.0,55.68181818181818,2.643081154347262,0.128281441468185,0.06872480277531773,0.012755743377747975,0.20468370626158494,0.3720425873504077
260.7954545454545,55.68181818181818,2.625286116109764,0.12606129981618175,0.06648029981236267,0.012279906368672029,0.20411624553417507,0.3685786794168749
271.59090909090907,55.68181818181818,2.599447516326535,0.12292992073699141,0.06469459819523295,0.011898048355710818,0.20323713308380684,0.36361429872380285
282.3863636363636,55.68181818181818,2.5671578621510336,0.11914586958057705,0.06317248498279389,0.01150046434774115,0.20206136738855426,0.35750177397539107
293.1818181818182,55.68181818181818,2.5306394800310956,0.11503188509112687,0.06167712153166352,0.010999632884944327,0.20063263876611295,0.3507058477825833
303.9772727272727,55.68181818181818,2.4923814594616407,0.11093114356664537,0.06016112718631746,0.01040895832326893,0.19901081990258002,0.34373410842145513
314.77272727272725,55.68181818181818,2.454765230934769,0.10716263005584371,0.0588384219395184,0.009841171592486524,0.19725878017170217,0.33706558040265694
325.5681818181818,55.68181818181818,2.4197199139736387,0.10398203353468895,0.05804873209915773,0.009441497026297993,0.19542906775695704,0.33108638955297015
336.3636363636364,55.68181818181818,2.388449392400736,0.10155555192248826,0.057990802034249896,0.009291211897212076,0.1935505119917307,0.32604219078472824
347.1590909090909,55.68181818181818,2.361286419668067,0.099955940926579,0.05852788083499089,0.00934964702383357,0.19161505473224594,0.3220198447018189
357.95454545454544,55.68181818181818,2.337713592109209,0.0991845479408183,0.059248110039700215,0.009489714752564136,0.18956681559248692,0.318965228758844
368.75,55.68181818181818,2.316531154139322,0.09920824298031505,0.05972873178402098,0.009588237407634745,0.18729788441015618,0.3167272106630217
379.5454545454545,55.68181818181818,2.296107298612274,0.09999266964851285,0.0597967267948353,0.009596952320008536,0.18465509405262906,0.3151078011467394
390.34090909090907,55.68181818181818,2.2746541071855924,0.10151940298121707,0.05964404665354926,0.009569313125153382,0.18145913959436633,0.3139036576578425
401.1363636363636,55.68181818181818,2.250495470321369,0.10378331254548072,0.05975579672690039,0.00964214845164504,0.1775346729347075,0.3129327388163645
411.9318181818182,55.68181818181818,2.222301055540122,0.10677309681921349,0.060670078147486824,0.009964361271802238,0.1727468401101678,0.31204544643650767
422.7272727272727,55.68181818181818,2.189253807925021,0.11044547023531277,0.06269725106766644,0.010597049596571685,0.16703453653979364,0.3111242046037048
433.52272727272725,55.68181818181818,2.151119472731289,0.11470845437401324,0.06582365927218316,0.011471110385979073,0.1604277924217109,0.3100790463813438
444.3181818181818,55.68181818181818,2.108214745708909,0.11942234849635956,0.06988932340717098,0.012447910499779974,0.15304380250176305,0.3088449097594096
455.1136363636363,55.68181818181818,2.061304894789052,0.12441410271206338,0.07486720682980343,0.013421241505796,0.14506743909964587,0.3073809022417388
465.9090909090909,55.68181818181818,2.0114695688980593,0.12949708266146223,0.08101835201874304,0.014390790009803759,0.13672515688114037,0.30566999107108117
476.70454545454544,55.68181818181818,1.9599638834754423,0.1344923029382127,0.08882954387066368,0.015478848044873572,0.1282575171507168,0.30371922912704025
487.5,55.68181818181818,1.9080903463806609,0.13925006784149618,0.09878261174067025,0.016874329901670513,0.11989262263607435,0.30156142272728054
12.5,66.47727272727272,2.7802310053247523,0.14378496010060496,0.07153685616458744,0.01225809111610731,0.21001789476079785,0.39760301825511324
23.295454545454547,66.47727272727272,2.7784443423568432,0.139339685874595,0.06494596981207282,0.011535793584116796,0.21248417075264547,0.3942698885645534
34.09090909090909,66.47727272727272,2.772552799776884,0.13497497637585723,0.062044251102879984,0.011410600930910831,0.21446535675887188,0.39055677546074313
44.88636363636363,66.47727272727272,2.7627444028761294,0.13076734778674146,0.061032620276260094,0.011395701849817374,0.2159357417736694,0.3865377926866201
55.68181818181818,66.47727272727272,2.7493332702699753,0.1267993189335901,0.060431589241544924,0.011190712585394298,0.21687944970576886,0.38230472008529937
66.47727272727272,66.47727272727272,2.7327745308261786,0.1231587066692647,0.05958599513095328,0.010747334153236662,0.21729244828890662,0.377968093250587
77.27272727272727,66.47727272727272,2.7136842691150505,0.11993187077070616,0.05859354804360221,0.010209541408326918,0.2171887089729947,0.3736545505581365
88.06818181818181,66.47727272727272,2.69286412711424,0.11719215683736069,0.05794713796808344,0.009807698467123312,0.2166097320854122,0.36950128066963017
98.86363636363636,66.47727272727272,2.6713210544252797,0.1149887219427791,0.058075368242284466,0.009709696046895703,0.21563332684409023,0.3656502242372339
109.6590909090909,66.47727272727272,2.650257742892393,0.11334255586459278,0.059005670042671446,0.009900984761883799,0.21437497084648668,0.3622442425988633
120.45454545454545,66.47727272727272,2.6310074524781983,0.11225361502677622,0.06038586450992656,0.010219545859890931,0.21297660940662666,0.35942522421827106
131.25,66.47727272727272,2.6149153440087747,0.1117153305253489,0.061786094725636447,0.010498104474805604,0.21158535410988827,0.3573317107395596
142.04545454545453,66.47727272727272,2.603187756276037,0.11172727700069496,0.0629774442878915,0.010665753655514709,0.21032986825722919,0.3560918105298742
152.8409090909091,66.47727272727272,2.5967215167923676,0.11229669713726204,0.06401176039587848,0.010769121882846096,0.20930128676713097,0.3558061074782674
163.63636363636363,66.47727272727272,2.5959167973917143,0.1134215053097268,0.06509888180667313,0.010930721215152867,0.2085434524073821,0.356515723398378
174.4318181818182,66.47727272727272,2.600489240649852,0.11505262731058626,0.06636626838659893,0.011254447213203414,0.2080554229901331,0.3581556927770492
185.22727272727272,66.47727272727272,2.6093434400669864,0.11705110992220873,0.06766569039178841,0.011724159865030089,0.20780363488361278,0.360511170459942
196.02272727272725,66.47727272727272,2.6206118193950747,0.1191771945939688,0.06859786926806495,0.012189669986161132,0.2077325710114469,0.36321384492196934
206.8181818181818,66.47727272727272,2.631885735361003,0.1211279070220729,0.06874103453641778,0.012457973980433192,0.20776689744256868,0.36579311507649426
217.61363636363635,66.47727272727272,2.6405495468489955,0.12259776659638191,0.06790153791624329,0.012405071085747739,0.2078107440431168,0.3677545738499229
228.4090909090909,66.47727272727272,2.6441338740816,0.12333566512971698,0.06624896548868627,0.012046173351987296,0.2077513170177798,0.36865782600469676
239.20454545454544,66.47727272727272,2.6406502065811424,0.12318423392772589,0.06428388097876712,0.011542336011097646,0.20747099093428248,0.3681799393369317
250.0,66.47727272727272,2.6288806866347483,0.12209385935744538,0.06261902885235375,0.011119239929550868,0.20686977923087657,0.36615620021286915
260.7954545454545,66.47727272727272,2.608579561852466,0.12011249437345689,0.06163891180137381,0.010908988920355397,0.20589286644174637,0.36259435367998205
271.59090909090907,66.47727272727272,2.5805197259141663,0.11736875541945907,0.06127657980506101,0.010848720849910879,0.20454566338852898,0.35766760649251217
282.3863636363636,66.47727272727272,2.546348589691591,0.11406281140673208,0.06112597546061667,0.010761411451062103,0.20288391000547124,0.3516928434910717
293.1818181818182,66.47727272727272,2.508301012164768,0.11045420199394115,0.06077533745476036,0.010514465002914074,0.20099039787300688,0.3450914575874737
303.9772727272727,66.47727272727272,2.4688472862788355,0.10683491856249182,0.060081096434261176,0.01010314441531281,0.19895358654136983,0.3383328469176144
314.77272727272725,66.47727272727272,2.430330438391366,0.10349136033113454,0.05923537360637506,0.009639787041993308,0.1968517304577238,0.3318689088519534
325.5681818181818,66.47727272727272,2.3946273747758813,0.10066408603231887,0.058619293850267686,0.009282643020115411,0.19474086165410093,0.32606951380661126
336.3636363636364,66.47727272727272,2.3628710677924953,0.09851477949217644,0.058519042186737466,0.009135003784644725,0.1926449588546211,0.32116957689620873
347.1590909090909,66.47727272727272,2.3352969477360976,0.09711425886954875,0.05889574969923637,0.009176277564831626,0.1905467621840579,0.3172442292234257
357.95454545454544,66.47727272727272,2.311273540057034,0.09646230500170258,0.05941353552755899,0.00929055605940231,0.188379185106414,0.3142260983275873
368.75,66.47727272727272,2.2894916156670178,0.0965266479714728,0.05969323535660508,0.009358888625756899,0.18602215054898383,0.311953007069386
379.5454545454545,66.47727272727272,2.2682288196622427,0.09727733139531153,0.05957513177220254,0.009333679541780104,0.18331022358460783,0.31022043874354494
390.34090909090907,66.47727272727272,2.245632167692962,0.09870408886023242,0.05923912166115338,0.009267934272118222,0.18005229783578738,0.3088238931770909
401.1363636363636,66.47727272727272,2.2199901037208107,0.10081360543402416,0.05913539048653711,0.009298593105571086,0.17606219124577502,0.307585909804494
411.9318181818182,66.47727272727272,2.1899716304515273,0.10360791124883845,0.05974157391431476,0.009572692114741377,0.17119701220202124,0.30636624556970266
422.7272727272727,66.47727272727272,2.1547998754950513,0.1070540921080655,0.06128319396941702,0.01014010965912869,0.16539373552281503,0.30505893468281253
433.52272727272725,66.47727272727272,2.1143211084339204,0.1110667224150457,0.0636653603645425,0.010912559334185265,0.15868704693237712,0.3035872146951078
444.3181818181818,66.47727272727272,2.0689632836825322,0.11551385460084301,0.06669688647902759,0.011736939479882231,0.15120135091170506,0.30190334829336557
455.1136363636363,66.47727272727272,2.0196220589245235,0.12023528174632629,0.07040067149918947,0.012505724530460055,0.1431277243086304,0.2999894027413216
465.9090909090909,66.47727272727272,1.967514874507186,0.12506157550306635,0.07517706554300314,0.013234850039314391,0.13469700687452024,0.2978551777202181
476.70454545454544,66.47727272727272,1.9140285271291702,0.12983182982021782,0.08171626850104609,0.014085524712279612,0.1261529726982781,0.29553452563175514
487.5,66.47727272727272,1.860576161397721,0.13441240210551003,0.09069072215540455,0.015301211037605941,0.11772590807031083,0.29308337960619224
12.5,77.27272727272727,2.7747316087741587,0.14937104361254658,0.07009662605608354,0.011968885933209382,0.2060943140062699,0.40096716887877637
23.295454545454547,77.27272727272727,2.7721525137159104,0.14421185688667149,0.063598899609254,0.011229145863688852,0.20890286732571428,0.39704493005955505
34.09090909090909,77.27272727272727,2.7656053291468448,0.13898033004316893,0.060776486337534553,0.011154423544667494,0.21133226595325413,0.39264915998853556
44.88636363636363,77.27272727272727,2.7553708607372163,0.13382179255451893,0.05975998074875185,0.011161435230643382,0.2133255526853891,0.3879125015916292
55.68181818181818,77.27272727272727,2.741857049707192,0.12888896818538392,0.05904137088558469,0.010913903645245132,0.21483488453613991,0.3829863587737323
66.47727272727272,77.27272727272727,2.725598963675664,0.12432965700462738,0.057978292020030096,0.01037421479753249,0.21582889288729984,0.37803218624218515
77.27272727272727,77.27272727272727,2.7072604900066066,0.1202732246764353,0.056706873138485304,0.009718428089349014,0.21630093762138553,0.37321211726216724
88.06818181818181,77.27272727272727,2.68764141439218,0.11681667308442925,0.05577027246996832,0.0092190560347094,0.21627818467962176,0.36867986863464297
98.86363636363636,77.27272727272727,2.6676885018972047,0.11401410592294287,0.055620301105890994,0.009071297206859712,0.21582908085981375,0.3645744720654355
109.6590909090909,77.27272727272727,2.6484902627212636,0.11187549120129207,0.056231437902057584,0.009237966252112522,0.21506353617313134,0.36101884205698553
120.45454545454545,77.27272727272727,2.6312174894105733,0.11037913608463967,0.05715571212992767,0.009507743505976947,0.2141191394507489,0.3581222664756168
131.25,77.27272727272727,2.6170164153949944,0.1094926284030742,0.05790363695352058,0.00968268309100329,0.21313727110406266,0.35598384007996103
142.04545454545453,77.27272727272727,2.606884597364375,0.1091912881351167,0.05826286234843887,0.009688024507626293,0.2122388649365895,0.35469229855716927
152.8409090909091,77.27272727272727,2.6015339584349566,0.109464982313976,0.05838787354819611,0.009590803924694606,0.21150575720127554,0.3543162584616493
163.63636363636363,77.27272727272727,2.6012343252035937,0.11030517536124866,0.05866135427787591,0.00956033153799776,0.21097177046325571,0.354878406649156
174.4318181818182,77.27272727272727,2.6056353475310683,0.11166489533500634,0.059383889478109714,0.009757456311621619,0.21062768162356818,0.35630823935881933
185.22727272727272,77.27272727272727,2.6136136257571883,0.11340178118300627,0.06047132787470793,0.01018391323216197,0.21043898380257695,0.35838552225002934
196.02272727272725,77.27272727272727,2.6233048954135905,0.11526402321154383,0.06145770402650172,0.01065452953451965,0.21035771410745002,0.3607337757863663
206.8181818181818,77.27272727272727,2.632370578937788,0.11694614777999027,0.061818481917550135,0.010934577893977275,0.21031749035591835,0.36288808993841
217.61363636363635,77.27272727272727,2.6383389387159664,0.11816032079940983,0.06130224420239512,0.010882119397644045,0.21022721485708612,0.3643818521277471
228.4090909090909,77.27272727272727,2.6389335572653665,0.1186915871419514,0.06009265681557155,0.010522859888277114,0.20997302898809764,0.3648207683913064
239.20454545454544,77.27272727272727,2.63237222493252,0.11842836426957644,0.058763884859038704,0.010056733773904331,0.20943190565663766,0.36393623852423634
250.0,77.27272727272727,2.617623879589561,0.11736148476490803,0.05800306239515299,0.009762562371878426,0.20849957150258183,0.3616120291455621
260.7954545454545,77.27272727272727,2.5945958628811754,0.1155534510170945,0.058166635650002435,0.009785913517240239,0.20712881258471005,0.35788246835002396
271.59090909090907,77.27272727272727,2.564177398667392,0.11310977117608832,0.059018682346621866,0.01000539175304019,0.20535123184590756,0.3529168074084313
282.3863636363636,77.27272727272727,2.5280792156823493,0.110183635177185,0.059952461014261264,0.010173217818470586,0.20325738334465426,0.3470054554469317
293.1818181818182,77.27272727272727,2.488541699800476,0.10698353145442836,0.06042668238168416,0.010120459540441627,0.20096115474895443,0.34053429887818165
303.9772727272727,77.27272727272727,2.44799728358819,0.10375861897867283,0.06025128690517692,0.009833729629216234,0.19857257183171323,0.33393842192546075
314.77272727272725,77.27272727272727,2.408726896037852,0.10076682235366004,0.05963442927379005,0.009432036300924684,0.1961802952532448,0.32764297954314037
325.5681818181818,77.27272727272727,2.3725350817638584,0.0982354548314091,0.0590239772670905,0.009093163182001122,0.19384056987207685,0.3220007746193367
336.3636363636364,77.27272727272727,2.3404681670004326,0.09632178795466463,0.05880294792308996,0.008945750772577163,0.1915707880812283,0.31723437957248474
347.1590909090909,77.27272727272727,2.312642201079642,0.09509005391124725,0.05901263812365983,0.008981711431472018,0.18934491818157934,0.31340156147404685
357.95454545454544,77.27272727272727,2.288288439082303,0.09453115160347207,0.05936105051673932,0.009082984082811812,0.1870865696181766,0.3104140562703953
368.75,77.27272727272727,2.2659752534723774,0.0946075337940671,0.05948964600899204,0.009126035369407808,0.18466579025869184,0.30809292685097045
379.5454545454545,77.27272727272727,2.2438858016894607,0.09528871805121852,0.05924475152293533,0.009061213266596693,0.18190740176977993,0.3062232268097983
390.34090909090907,77.27272727272727,2.220102850997844,0.0965684653146582,0.05880188508657735,0.008943849363300548,0.17861105212285255,0.3045964644986109
401.1363636363636,77.27272727272727,2.192881947239735,0.09846258842224351,0.058597534486091146,0.008920386246578576,0.17458160273316875,0.3030381311199564
411.9318181818182,77.27272727272727,2.160895379379978,0.1009860062089493,0.0590755948085844,0.0091501032930495,0.16966880961639152,0.301417446140329
422.7272727272727,77.27272727272727,2.1234171563991127,0.10411565497431399,0.06038476406623245,0.009677696056869226,0.1638091771018842,0.2996408244618229
433.52272727272725,77.27272727272727,2.0803926504753414,0.10777146611404373,0.06232764250612252,0.01038856064502792,0.15704473862777377,0.29764584020349594
444.3181818181818,77.27272727272727,2.0323799536572653,0.11183151812923715,0.06464714413459496,0.011106875330681661,0.14950775972242492,0.29540569733809535
455.1136363636363,77.27272727272727,1.9804206862172629,0.11615491312113843,0.0673753750973545,0.011718415870656586,0.14139331536147257,0.2929316522435409
465.9090909090909,77.27272727272727,1.9258816225979782,0.12059849521833718,0.07101178980445866,0.012249594372684632,0.13293244100297885,0.2902679759777888
476.70454545454544,77.27272727272727,1.8702884015255372,0.12502889821713534,0.07642735187001407,0.012894080147669807,0.12436723224154024,0.28748277155809526
487.5,77.27272727272727,1.815167722627966,0.12933566582479938,0.08449100752600522,0.013947633151869678,0.11592620683277462,0.28466045295273734
12.5,88.06818181818181,2.767264338365451,0.15499942034959452,0.06908017799189807,0.01183570285083188,0.20193598823405312,0.4041517511864654
23.295454545454547,88.06818181818181,2.764082936452978,0.14908333518420872,0.06263232836323407,0.011073920234134388,0.20513274485145694,0.39963024877611497
34.09090909090909,88.06818181818181,2.757112679562553,0.14294742817401188,0.05983326762801013,0.011031767271881609,0.20805755927265862,0.39455001959990516
44.88636363636363,88.06818181818181,2.746739621109125,0.1368143598550469,0.05877773464589437,0.011043112468146961,0.21061846504048917,0.389109585191356
55.68181818181818,88.06818181818181,2.733478974483984,0.13091474875001594,0.05795281814833366,0.0107482403575037,0.21273248854700225,0.3835268421032869
66.47727272727272,88.06818181818181,2.7179574387009433,0.1254625662383639,0.05673392680536868,0.010123426992162381,0.21433847149673035,0.37801978395993974
77.27272727272727,88.06818181818181,2.7008940424100296,0.1206338915166877,0.055286401543216644,0.009371699915636291,0.2154077276958432,0.37278944148513193
88.06818181818181,88.06818181818181,2.6830867247722257,0.11655025089315964,0.05418661595545414,0.008798160790563723,0.2159525709444427,0.3680066744597853
98.86363636363636,88.06818181818181,2.665410681240982,0.11326911796115915,0.05389925586349154,0.008621055308991515,0.21603181596781434,0.36380527896401
109.6590909090909,88.06818181818181,2.6488176377517427,0.11078579694684655,0.05434474769074497,0.008782419272289704,0.21574957568488912,0.3602832417035712
120.45454545454545,88.06818181818181,2.634281556160205,0.10905157270561032,0.054988430041212254,0.009030560136388083,0.21523863552387806,0.3575097932229729
131.25,88.06818181818181,2.622705496433062,0.10800100078397933,0.05528725212030546,0.009145210655866329,0.21463423103127235,0.3555347887488328
142.04545454545453,88.06818181818181,2.614828426056587,0.10757578837168619,0.05503224786463606,0.009046662364396905,0.2140498571173428,0.3543956730676453
152.8409090909091,88.06818181818181,2.6111257614620675,0.10773673830797556,0.054449592205479375,0.008811810982497831,0.21355954352098838,0.3541153384124411
163.63636363636363,88.06818181818181,2.611690323409884,0.1084558307213894,0.05406298320095121,0.008641874246326477,0.21318991501279028,0.3546838541933235
174.4318181818182,88.06818181818181,2.6160802205112828,0.1096788975495723,0.05433844699005612,0.008747440969689173,0.21292630469694487,0.35601588463048844
185.22727272727272,88.06818181818181,2.6231477075814604,0.11125755038841377,0.055270408753034746,0.009149849528109865,0.21273521612080962,0.3578843423902254
196.02272727272725,88.06818181818181,2.631061086218069,0.11293072669093257,0.05634397069439474,0.00963307479391843,0.21257768232267304,0.35990967238477023
206.8181818181818,88.06818181818181,2.6376051344387617,0.11439798903549651,0.05695118917224818,0.009929966557263218,0.2123974421421081,0.3616436559721919
217.61363636363635,88.06818181818181,2.6405097594252753,0.11539353877599864,0.05679032414360713,0.00988695018300187,0.21211169383916761,0.36265672446404107
228.4090909090909,88.06818181818181,2.637743908582436,0.11573636957265852,0.05604483689096403,0.009538003544334825,0.21161240922749405,0.3626047046934475
239.20454545454544,88.06818181818181,2.62777553588676,0.11535281205904338,0.05532286895990645,0.009109919007593658,0.21078053337318253,0.36127243099844164
250.0,88.06818181818181,2.6097928254062936,0.11426630502847247,0.0553346026681563,0.00891855547511259,0.20951564545307538,0.3585900613377931
260.7954545454545,88.06818181818181,2.583874444789592,0.1125539112064706,0.0563825903480069,0.009114943421376073,0.20778006724338252,0.3546204552690921
271.59090909090907,88.06818181818181,2.5510347180248374,0.1103066387367602,0.05808901493863196,0.009526736020433866,0.2056273830890355,0.3495359284278532
282.3863636363636,88.06818181818181,2.5130436735591086,0.10764647557121208,0.05972240407076227,0.009860395003854574,0.20317310526364346,0.34361114133935583
293.1818181818182,88.06818181818181,2.4721339638873827,0.10474602423666764,0.060684775656607806,0.009930770801822385,0.2005517433646948,0.3372057847764376
303.9772727272727,88.06818181818181,2.4306797504199102,0.10182101450433645,0.06077929520516894,0.00972243764254182,0.19788709747770084,0.33072510478213846
314.77272727272725,88.06818181818181,2.3908725703746345,0.09910364497478863,0.06023722824210646,0.009358064942972248,0.19527368656726346,0.3245665518872873
325.5681818181818,88.06818181818181,2.354414056575118,0.09680591159465676,0.05955739796069254,0.009026743052188722,0.19276595450497797,0.31906114468869085
336.3636363636364,88.06818181818181,2.322240170054579,0.09507785426837904,0.05919751750967121,0.008875348198572016,0.19037386739080625,0.3144145947522027
347.1590909090909,88.06818181818181,2.294329966466258,0.09397382977086519,0.05925988449128869,0.008904323683640853,0.1880627126530392,0.31066310458879737
357.95454545454544,88.06818181818181,2.2697688885008813,0.09347324886854859,0.05948767683660152,0.008993822603951072,0.1857474439031235,0.307694766628345
368.75,88.06818181818181,2.2470010363690864,0.09353076945755467,0.05954159019306064,0.009017935012803483,0.18328953895556038,0.305311904347168
379.5454545454545,88.06818181818181,2.224113828367439,0.09411111319438767,0.05927149014424718,0.008925658306954597,0.18050649448984343,0.3032859894968628
390.34090909090907,88.06818181818181,2.1991258799483178,0.09520593811135693,0.058841909745683575,0.008772987535213718,0.17719238649722305,0.3014002149482315
401.1363636363636,88.06818181818181,2.170263146944026,0.09683280816502689,0.05866553369600813,0.008711123990471624,0.17314788022153202,0.29947816028161944
411.9318181818182,88.06818181818181,2.136206706803613,0.09901354140848449,0.05914916325473515,0.008907196527374475,0.16821954425759536,0.297394858419274
422.7272727272727,88.06818181818181,2.0962890530611733,0.10173226456427736,0.060376146161791884,0.009401120069231635,0.16234581140601242,0.2950680335236374
433.52272727272725,88.06818181818181,2.050565094393143,0.10491543767397693,0.06206690807549195,0.010058154065874556,0.15557647328871707,0.2924515353171991
444.3181818181818,88.06818181818181,1.9997338021561497,0.10845740826133005,0.06391344944132375,0.01069022829514241,0.14804906914713617,0.28954506642209304
455.1136363636363,88.06818181818181,1.9449947637112095,0.11224523269165167,0.06594367992606552,0.011182519154828303,0.13995878358369743,0.2863964626106227
465.9090909090909,88.06818181818181,1.8878753151954768,0.11617204709956601,0.0687096706828953,0.011568424241542686,0.13153205530354242,0.28309274556288355
476.70454545454544,88.06818181818181,1.8300476544086086,0.12014295697013289,0.07320122741547863,0.012057637800759207,0.12300359007521233,0.2797448195087056
487.5,88.06818181818181,1.773155064907357,0.12408046857733242,0.08044197078135926,0.012974463971798885,0.11459461731886866,0.2764728137938385
12.5,98.86363636363636,2.7579111321940255,0.1604111620199564,0.0686591008962738,0.012151672054172,0.19770637270478758,0.40698241671054414
23.295454545454547,98.86363636363636,2.7543440383434628,0.1537162641230631,0.06226628731287314,0.011341392657380432,0.20132748605621686,0.40186921426224137
34.09090909090909,98.86363636363636,2.74720059888574,0.14666398688386062,0.0594557220029959,0.011252820500589397,0.20478148102281662,0.3961226482250593
44.88636363636363,98.86363636363636,2.736982018272774,0.13956076025419273,0.0583445026825421,0.011205807159366706,0.2079385885485125,0.39001272501539835
55.68181818181818,98.86363636363636,2.7243220992930026,0.13272203461550625,0.05745199457535837,0.010844304958846508,0.21067776351695233,0.3838299432466443
66.47727272727272,98.86363636363636,2.7099504430364685,0.1264331475136242,0.05617959254078808,0.01015804309063036,0.21290615326517118,0.37785370809652247
77.27272727272727,98.86363636363636,2.6946511906692105,0.12091921470166335,0.05470439535395558,0.00936100202216932,0.21457269869432524,0.3723266515888166
88.06818181818181,98.86363636363636,2.6792278619930827,0.11632569014466212,0.05359304332798019,0.00875791794978143,0.2156760086743115,0.3674371451386537
98.86363636363636,98.86363636363636,2.6644846491738976,0.11271081314495153,0.05327725896238185,0.008555883255855786,0.21626688238214836,0.36331196823915995
109.6590909090909,98.86363636363636,2.6512169774382603,0.11005227800744935,0.053640394296476976,0.00869003085430484,0.2164433187974171,0.36002001935367545
120.45454545454545,98.86363636363636,2.6401661796790425,0.10827067289093868,0.05411859357757558,0.008908576691645888,0.21633168516925316,0.35758406324028835
131.25,98.86363636363636,2.631950197781052,0.10726179242640205,0.054151373081826215,0.008990302702791955,0.2160600307527161,0.3559962004637205
142.04545454545453,98.86363636363636,2.627002549799041,0.10692529101098983,0.05353245693359423,0.008852219745536275,0.21573446718736494,0.3552316295117696
152.8409090909091,98.86363636363636,2.625510210964759,0.10718097555477239,0.05252132228008803,0.008568487045913075,0.2154228198154147,0.35525355400079484
163.63636363636363,98.86363636363636,2.6273320964617684,0.10796477135021623,0.05171246976583925,0.008343042495685663,0.21514836131715404,0.35600165329286065
174.4318181818182,98.86363636363636,2.6318795913944455,0.10919493622837279,0.0516636911530856,0.008396233106735294,0.21489728481770143,0.3573554778235708
185.22727272727272,98.86363636363636,2.637975063742363,0.11071037279231655,0.05244068867867144,0.008760707536135934,0.2146405073363566,0.3590757732905808
196.02272727272725,98.86363636363636,2.6438818202595975,0.11225567545532711,0.053548334063098654,0.009225231223306221,0.21434579421386332,0.36079709710737595
206.8181818181818,98.86363636363636,2.6475783525167023,0.11354932715591466,0.05435736085284506,0.009521286432524877,0.21396619754393364,0.36210522781758087
217.61363636363635,98.86363636363636,2.647056952429097,0.11435407268233246,0.05453896395525844,0.00949629879647957,0.21342978789914044,0.36261870745779323
228.4090909090909,98.86363636363636,2.640582260287824,0.11452164660761249,0.05425616890016786,0.009188801463668206,0.21264044652509864,0.3620479868313323
239.20454545454544,98.86363636363636,2.626914987206026,0.11400835280468109,0.054088287984783524,0.008828251989809835,0.2114923693610971,0.3602302549180136
250.0,98.86363636363636,2.605501134204813,0.11285843532947372,0.05468499919933929,0.008721569291701899,0.20990014594296968,0.3571378230535777
260.7954545454545,98.86363636363636,2.5766160027139646,0.11115805896582148,0.056265822324130695,0.00899964529125454,0.20784158947895562,0.3528609169795673
271.59090909090907,98.86363636363636,2.5413911911275107,0.1089974775947997,0.058397542081495425,0.009480505774390453,0.20538321836567747,0.3475838023550133
282.3863636363636,98.86363636363636,2.5016380041212605,0.10648677762417001,0.06033520005702847,0.00987305081872921,0.20265205079886386,0.34157711860265283
293.1818181818182,98.86363636363636,2.4595643156515257,0.10377791023038928,0.06149100237532559,0.009995340587245796,0.19979229988722266,0.3351833177859552
303.9772727272727,98.86363636363636,2.4174664952231364,0.10106213442796443,0.061682703035754086,0.00983070323055687,0.19693410864767028,0.3287820637745782
314.77272727272725,98.86363636363636,2.377419976095608,0.09854782379762418,0.061153484316239036,0.009496949521191856,0.19417387495092858,0.3227416033436535
325.5681818181818,98.86363636363636,2.340985790121603,0.09642649616976133,0.06041517551269753,0.009177758859451796,0.1915633139015743,0.31736351010758
336.3636363636364,98.86363636363636,2.3089480438851204,0.09483207978444849,0.05994978695811481,0.009018886369309032,0.18910585559820808,0.3128259399877137
347.1590909090909,98.86363636363636,2.2811407197674938,0.09380857829039431,0.05990538492918115,0.009029526126143621,0.1867575320391012,0.3091423331415062
357.95454545454544,98.86363636363636,2.2565163214356216,0.09332790123668275,0.06007535609611509,0.009101724998748083,0.1844236287631508,0.30618132766781353
368.75,98.86363636363636,2.2333998262782586,0.09333678589313742,0.06015059588408983,0.009116217187468561,0.18195767681744823,0.30372696684664224
379.5454545454545,98.86363636363636,2.2097813829172694,0.09379118676509116,0.05998319360053844,0.00902320125725114,0.17917205815518594,0.30153416987881676
390.34090909090907,98.86363636363636,2.1836130655834336,0.09467365192282812,0.05971103837973988,0.008875267861835668,0.17585920980194292,0.2993726056061737
401.1363636363636,98.86363636363636,2.153093571486093,0.09599346267149558,0.059692607405228616,0.00881400498267509,0.171821845090619,0.2970570959630341
411.9318181818182,98.86363636363636,2.1169225776736296,0.09776695504308996,0.06026428023893846,0.008990740069888902,0.16691178846515897,0.2944607777515847
422.7272727272727,98.86363636363636,2.0744972813172127,0.0999803326090686,0.06145385373037373,0.009434605738838545,0.16107311901786994,0.29150973093021665
433.52272727272725,98.86363636363636,2.025979706551132,0.1025741194239721,0.0629607557016729,0.010014714421402738,0.1543586257751061,0.2881791508564738
444.3181818181818,98.86363636363636,1.9722132828091672,0.1054684390583519,0.06447508694971647,0.0105541886699807,0.14690582131816193,0.28450234150824805
455.1136363636363,98.86363636363636,1.9145653884752725,0.10858730721060937,0.0660292609885439,0.010949548644713557,0.13890566423572484,0.28057113062918543
465.9090909090909,98.86363636363636,1.8547353892747815,0.11186925401098603,0.06819006103533747,0.011240376148631633,0.13057577791234878,0.27652294661611826
476.70454545454544,98.86363636363636,1.794550809970003,0.11526787526501256,0.07198910467233416,0.01163357396326768,0.12213842454252097,0.272519511697851
487.5,98.86363636363636,1.7357745215880758,0.11875003593311412,0.0785234714951045,0.01244387647944672,0.1138010547001126,0.2687250477233153
12.5,109.6590909090909,2.7466832639375767,0.16535843258785088,0.06864188536340234,0.012850215454178922,0.19355477214568656,0.4092851376589843
23.295454545454547,109.6590909090909,2.7429714503944416,0.15788904808577398,0.0623266236521305,0.011967821182844068,0.1976233073409975,0.40360894424520943
34.09090909090909,109.6590909090909,2.735921405615502,0.1499368675653412,0.05949945921318695,0.011761168390881406,0.2016250182439898,0.39723605989198896
44.88636363636363,109.6590909090909,2.726154852370547,0.14189711174086075,0.05833843229300412,0.011599010306652677,0.20538990380772099,0.3905120974695047
55.68181818181818,109.6590909090909,2.714431740719337,0.13417512504343437,0.057421073620764575,0.011152960124629204,0.20875662678568344,0.38380454127915453
66.47727272727272,109.6590909090909,2.7015935638499284,0.12713087618630817,0.05618036782913466,0.01042424380040396,0.21159964595636968,0.37745747345559505
77.27272727272727,109.6590909090909,2.6884994769237043,0.12103944077202501,0.05479131785833146,0.009622251340041795,0.21384603153003356,0.3717568340855761
88.06818181818181,109.6590909090909,2.675967794911437,0.11606917206503649,0.053778091133294334,0.009023452860910703,0.21548228282731066,0.3669087599808917
98.86363636363636,109.6590909090909,2.664734318193501,0.11227690334292374,0.05350983816264569,0.008799492826966855,0.21655275926862116,0.3630317565462582
109.6590909090909,109.6590909090909,2.655424115447534,0.1096202614257097,0.053849253752869954,0.008890052499529589,0.21714931833493908,0.3601624002499952
120.45454545454545,109.6590909090909,2.648516748306484,0.10798596844015627,0.05425053424263175,0.009073991769150606,0.21739070100316282,0.3582716471836718
131.25,109.6590909090909,2.6443086283468915,0.10722604508695822,0.05416844593884606,0.00914621977102662,0.2173968900608745,0.35728642298121965
142.04545454545453,109.6590909090909,2.6428860665352323,0.10719028027551415,0.05340268023147402,0.009022342279549228,0.21726683776996802,0.35710971110528567
152.8409090909091,109.6590909090909,2.6440999837822936,0.10774577532393738,0.05221595492894155,0.008764587633635938,0.2170640944767976,0.3576316792644538
163.63636363636363,109.6590909090909,2.6475228851101313,0.10877601329167691,0.051208097468237165,0.008555604081017534,0.21681278487280634,0.3587244415040805
174.4318181818182,109.6590909090909,2.6523739436859155,0.11015369326300306,0.05095228240449753,0.008590551834093841,0.21650586754113899,0.3602148767423623
185.22727272727272,109.6590909090909,2.6574452462530114,0.11169920981364541,0.05156773303802703,0.00890423396177027,0.2161220964444229,0.36184742162759526
196.02272727272725,109.6590909090909,2.6611499976933892,0.11317398093580977,0.052636709222139054,0.009319757096397714,0.21563513924947028,0.3632844843223688
206.8181818181818,109.6590909090909,2.661728642857795,0.11432872685047302,0.053570278539007574,0.009595883308416013,0.2150066670242496,0.3641625198351974
217.61363636363635,109.6590909090909,2.6574949878713685,0.11496221542081964,0.054036311495087294,0.009591892036723138,0.21417744694012145,0.3641597633229029
228.4090909090909,109.6590909090909,2.6470561442909375,0.11495927636834669,0.05415952062697032,0.009346277378798113,0.21306803732570567,0.3630465193539016
239.20454545454544,109.6590909090909,2.629502654714739,0.11430032472958128,0.05443992214302008,0.009069200692946816,0.21159333451047158,0.36071213326965174
250.0,109.6590909090909,2.6045685600074457,0.11304160022855153,0.05541282741617208,0.00902305148220215,0.20969142001267185,0.3571680582092606
260.7954545454545,109.6590909090909,2.5727412937928618,0.11127542299540384,0.05721503881109723,0.009306581430928643,0.20735900913587332,0.3525314524141546
271.59090909090907,109.6590909090909,2.5352604053779815,0.10910170502328537,0.05943050494090028,0.00976144432523363,0.2046683395401242,0.3470049009990806
282.3863636363636,109.6590909090909,2.493958821970766,0.106634541842209,0.06137855864344601,0.010132782002615706,0.20174633522114815,0.34086417957868437
293.1818181818182,109.6590909090909,2.451000814838345,0.10401850614428113,0.06252278955286127,0.010254057578459848,0.1987369773049713,0.33444188209554604
303.9772727272727,109.6590909090909,2.408585570340946,0.1014284649219653,0.06270580472919844,0.010107177886695086,0.19576985985060613,0.32809573805729103
314.77272727272725,109.6590909090909,2.368648175333167,0.09905093888495892,0.062172317808510506,0.009799053953186018,0.19293950060082649,0.32216360435939984
325.5681818181818,109.6590909090909,2.33257703364604,0.09705293365886603,0.06141881206055055,0.00949645179861251,0.19029388750061002,0.31691134827777084
336.3636363636364,109.6590909090909,2.3009731984825263,0.09554593602739053,0.06091537033010249,0.009331452340124445,0.1878303762967583,0.312481773748463
347.1590909090909,109.6590909090909,2.2735183974216895,0.09456277286118214,0.060839394132216985,0.009321242433820084,0.18549547132459057,0.30886421178755863
357.95454545454544,109.6590909090909,2.249041845415352,0.09407054783610191,0.06103872013091071,0.00937864687430757,0.18318420656596895,0.3059107790855578
368.75,109.6590909090909,2.2257545825181877,0.09400789719870965,0.06123819645528757,0.009397730190597297,0.18074282607512712,0.30338766315073074
379.5454545454545,109.6590909090909,2.2015480423087057,0.09431807846512788,0.061286865554932755,0.00933111350124383,0.17798079166386752,0.30103029826211086
390.34090909090907,109.6590909090909,2.174304390945108,0.09496748518830286,0.06128010531609431,0.009222942646976285,0.17469275277264792,0.29858949012631647
401.1363636363636,109.6590909090909,2.1421947817310736,0.09594748295125151,0.06149800355155074,0.009191929555314282,0.1706891970971664,0.29586446178261044
411.9318181818182,109.6590909090909,2.103941947695824,0.09725881792328768,0.06218796776252224,0.009356221017506976,0.16583371965116708,0.29271978171416513
422.7272727272727,109.6590909090909,2.0590096876155823,0.09888663675368978,0.06333932145841313,0.009731696365398817,0.16007812056328216,0.28908787203102526
433.52272727272725,109.6590909090909,2.007664266481481,0.10079218593755691,0.06468222068760537,0.010209113925564157,0.15347390125705618,0.2849696754543678
444.3181818181818,109.6590909090909,1.9508951416171647,0.10293070732740248,0.06595009161920973,0.010641331785107398,0.14615313191296136,0.28043886966924836
455.1136363636363,109.6590909090909,1.8902452027801389,0.10527180710714701,0.06719566345861999,0.010946209659493812,0.1382982089981433,0.2756381986802828
465.9090909090909,109.6590909090909,1.8275962608799607,0.10780739368048854,0.06897889190116271,0.011170051975280452,0.13011427793173796,0.27076225142635685
476.70454545454544,109.6590909090909,1.7649402838373616,0.11054755736757167,0.07231247217640709,0.011504823406188145,0.12180734447246731,0.2660301977269476
487.5,109.6590909090909,1.7041642501189809,0.11351144226894311,0.07828966031658222,0.012230130389368859,0.11356682828200518,0.26165643307195674
12.5,120.45454545454545,2.73352094188732,0.1696028516614987,0.06856198873442529,0.01353453890606509,0.18961727609464052,0.4108850070982841
23.295454545454547,120.45454545454545,2.729929197048332,0.16139675924640973,0.06233325237783029,0.012583971124155704,0.19413884239386936,0.40470071891862197
34.09090909090909,120.45454545454545,2.7232587498238754,0.15259536265994514,0.05951250892961653,0.012258968862938821,0.19868844394114782,0.39776781864902605
44.88636363636363,120.45454545454545,2.714250722249502,0.14368633086613625,0.058328634579542765,0.011980519258948113,0.20305354289768401,0.3905099924533968
55.68181818181818,120.45454545454545,2.703792346362255,0.1351666562644743,0.05741214036385608,0.011452224021841878,0.20703158254409768,0.3833730711806301
66.47727272727272,120.45454545454545,2.6928402065659416,0.12747086966450577,0.05622635008729334,0.010686765561606604,0.21046471490773883,0.3767661056179588
77.27272727272727,120.45454545454545,2.6823338372824126,0.12092325229997206,0.05494575108073043,0.009886348215822701,0.21325916132964914,0.37101838176656515
88.06818181818181,120.45454545454545,2.673111298131332,0.11571454173912286,0.05405885891053994,0.009299578273144083,0.2153901461871239,0.36635396456585956
98.86363636363636,120.45454545454545,2.665838962553425,0.11189959164236336,0.05388620984953402,0.009069256388281328,0.21689582173060368,0.36288256959706483
109.6590909090909,120.45454545454545,2.6609633415898064,0.1094141498964595,0.05427404492566087,0.009139319869984655,0.21786211348118864,0.36060629761555235
120.45454545454545,120.45454545454545,2.6586849363388523,0.10810784042697964,0.054692380964206457,0.009315029563092407,0.21840022729797412,0.35944017043951965
131.25,120.45454545454545,2.658952816462268,0.10778437136036541,0.054610816037123935,0.009406471706947316,0.21862204423138565,0.35923998228446463
142.04545454545453,120.45454545454545,2.661475032814972,0.10823695331855578,0.05383036973486024,0.009326627671340638,0.21862006322862482,0.35982844997994756
152.8409090909091,120.45454545454545,2.6657319200393133,0.10927007084933384,0.052603566390348425,0.009122975147443264,0.21845580671174333,0.36101202205000277
163.63636363636363,120.45454545454545,2.6709781585500245,0.11070290239439315,0.051513304811096235,0.008953675142696052,0.21815799632258503,0.3625835162260677
174.4318181818182,120.45454545454545,2.6762291748861537,0.11235448894976338,0.0511288241072758,0.00898901686378956,0.21772996838578373,0.36431018560763617
185.22727272727272,120.45454545454545,2.680257422903875,0.11402341822286446,0.05161324633191015,0.009265794967851378,0.21716141863330293,0.3659189588768323
196.02272727272725,120.45454545454545,2.6816535534797286,0.11548830733938992,0.052627832578067656,0.009638921565055107,0.2164346249711039,0.36710329281543824
206.8181818181818,120.45454545454545,2.6789676664263418,0.11653878335320696,0.053637797371040304,0.009896577018063353,0.21552096939548773,0.3675601120978448
217.61363636363635,120.45454545454545,2.670883830310371,0.117015936541955,0.054314425265729244,0.00991100158339439,0.21437534026590277,0.36703698785176353
228.4090909090909,120.45454545454545,2.656389536088813,0.11683945734335933,0.05473801632455613,0.009717967701897576,0.21293795304897706,0.36536936186550073
239.20454545454544,120.45454545454545,2.634929899657684,0.11601178059107713,0.055320528883073816,0.009504122448781316,0.2111482878970745,0.3624998908306908
250.0,120.45454545454545,2.606537569552424,0.1145995816988911,0.05649114010507049,0.009489742171420675,0.20896997543625942,0.3584791916320424
260.7954545454545,120.45454545454545,2.5719106619163323,0.11270357593256321,0.05833098111435997,0.009750437483663065,0.20641714027542252,0.35345278430083593
271.59090909090907,120.45454545454545,2.532392099181417,0.11043742169984334,0.06046030068817474,0.010151663035908757,0.20356480891931344,0.3476439766811143
282.3863636363636,120.45454545454545,2.4898246904672727,0.10792738916562793,0.06227643768023858,0.010474390328178085,0.20053368178906125,0.34133820411801497
293.1818181818182,120.45454545454545,2.446312451776644,0.10532013339424989,0.06330435207334592,0.010569495210383075,0.19746008171239746,0.3348631189659093
303.9772727272727,120.45454545454545,2.403939610217357,0.10278110212153324,0.06341704038907621,0.010419528431028141,0.1944669947420621,0.32855755415008003
314.77272727272725,120.45454545454545,2.364483054533833,0.10047823653309704,0.06286331242811014,0.010122413251198146,0.19164320213837008,0.32272939081459967
325.5681818181818,120.45454545454545,2.329143652374918,0.09855469034996196,0.06212495690060611,0.009830552128300512,0.18903098319313053,0.317607669845936
336.3636363636364,120.45454545454545,2.298331846613361,0.09709969245571136,0.06165769101975111,0.009665321343972251,0.18662070520788412,0.3132991685730384
347.1590909090909,120.45454545454545,2.271567832298736,0.09613261779826823,0.061651211171098265,0.009649042754560511,0.18434971689143606,0.3097665127016684
357.95454545454544,120.45454545454545,2.247549932081356,0.0956126641969979,0.0619841563315117,0.009709873112249232,0.18210384382599176,0.30684229636278737
368.75,120.45454545454545,2.2243731437086893,0.09546760842528289,0.06239799171491956,0.009752105812296179,0.17972346743450102,0.30427267691811716
379.5454545454545,120.45454545454545,2.1998279198680937,0.0956237182424861,0.06272701046606782,0.009728124575033602,0.1770174535197023,0.3017703274152169
390.34090909090907,120.45454545454545,2.17172273246471,0.09602521306457239,0.06301778102126067,0.009670226898714475,0.17378585818902514,0.2990625313451209
401.1363636363636,120.45454545454545,2.1381964346519475,0.09663938801528828,0.06347527918267135,0.009671791787542664,0.16985011523934107,0.2959280549805967
411.9318181818182,120.45454545454545,2.0979889819537165,0.09744851671186451,0.06427691590894201,0.00982064152975934,0.16508669197748865,0.29222023938705566
422.7272727272727,120.45454545454545,2.050627926703611,0.09843721581260667,0.06539697146878043,0.010123238765200713,0.1594544915175137,0.28787791822170006
433.52272727272725,120.45454545454545,1.9964863962722195,0.09959004429215768,0.06661241805738445,0.010491983886793548,0.15300245894378087,0.28292989185663486
444.3181818181818,120.45454545454545,1.9367035545594145,0.10090342677688251,0.06771523123468923,0.010811654127687661,0.14585398952633127,0.27749489104828035
455.1136363636363,120.45454545454545,1.873003379093415,0.10239942959343629,0.0687866945101439,0.011024115091758413,0.1381794059436608,0.2717720267058888
465.9090909090909,120.45454545454545,1.8074578260546992,0.1041294090699184,0.07037299530630688,0.01118333955435273,0.13016856811608657,0.2660181593814288
476.70454545454544,120.45454545454545,1.7422317295981358,0.10616469698442542,0.07344015933699553,0.01146562821708239,0.12200928523071874,0.2605141593192586
487.5,120.45454545454545,1.6793429179468802,0.10857853526930161,0.07903663235764653,0.012115149666598128,0.11387257689047185,0.2555265992101409
12.5,131.25,2.7183047005516943,0.17290520777059235,0.06800507188831456,0.013809715536215208,0.18602411874051042,0.4116001785019956
23.295454545454547,131.25,2.7151203008683376,0.16404397481670654,0.0618446530077823,0.012820786529008966,0.19098055140952275,0.40499604547064877
34.09090909090909,131.25,2.7091384453570764,0.1544902736059497,0.05906124035212284,0.012440980596468695,0.19605302113145803,0.3976045396822548
44.88636363636363,131.25,2.7012108853219075,0.14482378242754101,0.057888196791626954,0.012100102291834747,0.20098578204812087,0.38992617673596447
55.68181818181818,131.25,2.6923432319110434,0.135629574624647,0.05697467428396686,0.011516234087385318,0.2055362419223796,0.3824816643618634
66.47727272727272,131.25,2.6835992740683956,0.1274116507955886,0.05580744037934063,0.010714786973560951,0.20951644965024852,0.375740582079552
77.27272727272727,131.25,2.6759942292110432,0.12054038797302129,0.05458033021584208,0.009903183435323716,0.21281313621733394,0.3700728631606163
88.06818181818181,131.25,2.670384073561711,0.11522924413359298,0.0537872335706847,0.009324985948470083,0.21538985561744423,0.3657205437216287
98.86363636363636,131.25,2.6673637658400278,0.11153270732169417,0.053736430714229164,0.009114017824141535,0.21727737682772172,0.36278547907956016
109.6590909090909,131.25,2.6671974348861225,0.10936433368426687,0.054253119166851056,0.009212037124233234,0.2185554732329646,0.361234666005856
120.45454545454545,131.25,2.6697997649820278,0.10853429036164881,0.05478657925514634,0.009427200941100286,0.21932850586960556,0.36092480527819804
131.25,131.25,2.6747633575504586,0.10879516682489429,0.05478839843459288,0.009567975970888216,0.21970095948659285,0.36163760425217134
142.04545454545453,131.25,2.6814084302095234,0.10988023747822305,0.05404591994166934,0.009539012199744557,0.21975986737255432,0.36311211994831205
152.8409090909091,131.25,2.6888361639923324,0.11152642625944255,0.05280468776886004,0.009376869626475262,0.21956676646829418,0.3650666743037116
163.63636363636363,131.25,2.695980723717654,0.11348301252306082,0.051651312857332224,0.009231055134727705,0.2191580321300531,0.36721054682804716
174.4318181818182,131.25,2.7016631821811,0.11551164797426547,0.05117726713298989,0.009270248602326572,0.21855060798728915,0.3692497265538165
185.22727272727272,131.25,2.7046519427390048,0.11738596277394596,0.051589411863319036,0.009539829727516196,0.21774867303177298,0.37089306524110194
196.02272727272725,131.25,2.703732805648016,0.11889891870366866,0.052594957642447634,0.009907470766297234,0.21674670566245025,0.3718649345284081
206.8181818181818,131.25,2.6977911952808196,0.11987996045451832,0.05368011552404093,0.010169006111443857,0.21552798692347197,0.371926105131524
217.61363636363635,131.25,2.6859084627878897,0.12021536648185675,0.054504905127494674,0.010198685543434654,0.21406268997422617,0.3708983865007268
228.4090909090909,131.25,2.6674708377354324,0.11986152704204649,0.05511122520840035,0.010030202362167938,0.2123115426392095,0.3686856121988318
239.20454545454544,131.25,2.64228314966813,0.11884399513276767,0.055852277348454535,0.009841084504352017,0.21023849968526775,0.365285074013623
250.0,131.25,2.6106692033470886,0.11724233755563626,0.057097512478765586,0.009835770422007058,0.20783048017068848,0.36078749565929036
260.7954545454545,131.25,2.5735262840677033,0.11516884504203524,0.058902513199564493,0.010080973587364244,0.20511589192766203,0.3553677820056769
271.59090909090907,131.25,2.5322939503601973,0.11275278612029341,0.06091190803525797,0.010450181537123992,0.2021707194459518,0.34927056419956437
282.3863636363636,131.25,2.4888181798668785,0.1101356179651375,0.06257251695747988,0.010738242732311134,0.19910692479378503,0.3427923525510247
293.1818181818182,131.25,2.445131928859533,0.10747124221724808,0.0634540946887463,0.01080445464645355,0.19604893633152656,0.33625835899509443
303.9772727272727,131.25,2.4031928679415913,0.10492127976133284,0.0634605030967677,0.010634218981965577,0.19310855565878135,0.3299912394070688
314.77272727272725,131.25,2.364612629612643,0.10264014489289888,0.06285954708528502,0.01032581307918088,0.1903650568371756,0.32427172024437195
325.5681818181818,131.25,2.3304056578596866,0.1007517540985161,0.06214248375599146,0.010031388826580948,0.18785237124048937,0.3192953971426089
336.3636363636364,131.25,2.3007957536244787,0.09932591254538561,0.06176745168638511,0.009872989939261155,0.18555260645851532,0.3151354470975853
347.1590909090909,131.25,2.275135023247649,0.0983663898754319,0.06192278313115743,0.009875277500184429,0.1833945445424149,0.3117255701209047
357.95454545454544,131.25,2.251976997433527,0.0978189072654106,0.062480223096950685,0.009967896145681266,0.18125665217691303,0.3088734195121208
368.75,131.25,2.229290919709246,0.0975949718038226,0.0631640222047008,0.010052915020351393,0.17897564746232825,0.30630026351003453
379.5454545454545,131.25,2.2047610429951146,0.0975991157343906,0.06377909407309881,0.01007641379220729,0.17636208069241116,0.3036921030060218
390.34090909090907,131.25,2.176116718755878,0.09774933694348224,0.06433115675065905,0.010059672852532835,0.17322325573659583,0.3007492600502655
401.1363636363636,131.25,2.1414555141166494,0.09798681663778254,0.06497953244143816,0.010079558022830816,0.16939181714124624,0.29722764285592707
411.9318181818182,131.25,2.099523585772221,0.09827654630999508,0.06587064123304831,0.010207282427118228,0.16475521994870404,0.2929690335718833
422.7272727272727,131.25,2.049906777294679,0.09860500799383692,0.06698516223565731,0.010445194497472172,0.15927745736970725,0.2879197895631425
433.52272727272725,131.25,1.99308758035636,0.09898198425192409,0.06814153514076765,0.010719100973015183,0.15300404240527524,0.28213818638401983
444.3181818181818,131.25,1.930358719818708,0.09944786511377827,0.06917834182004698,0.010935602413964197,0.14604844282077692,0.27579038554942836
455.1136363636363,131.25,1.8636276772882014,0.10008030484605147,0.07020001179148339,0.011055705884928595,0.1385672955657553,0.2691343335282766
465.9090909090909,131.25,1.7951596769775693,0.1009922487900852,0.07173926831402502,0.011142057684991512,0.13073422796862008,0.26249100870564135
476.70454545454544,131.25,1.7272984213274314,0.10231671539018405,0.07471529794331662,0.01136342219888614,0.12271922548247999,0.2562039354171712
487.5,131.25,1.6621999827543337,0.10417908796388607,0.08012331671523105,0.011942775593566107,0.11467686391040545,0.250591267388746
12.5,142.04545454545453,2.700872873244088,0.17502489171806518,0.06686054197851334,0.013505103393679985,0.18290187742232933,0.41124332498777816
23.295454545454547,142.04545454545453,2.698401959192278,0.16564285322874195,0.06073796607038975,0.012522975448470015,0.1882454862297223,0.4043469133687182
34.09090909090909,142.04545454545453,2.693442486254136,0.15549368802207786,0.05801909384078991,0.012181768654039457,0.1937826279794876,0.3966432237594582
44.88636363636363,142.04545454545453,2.686939556314759,0.14524123751898033,0.05688522161482132,0.011858726799698079,0.19921719837693683,0.38870221445512737
55.68181818181818,142.04545454545453,2.679995003368607,0.13554634155343318,0.05596068623731211,0.011260170399947134,0.20427157024843695,0.3811084049334607
66.47727272727272,142.04545454545453,2.673756140173398,0.12696987018543016,0.054747167921437155,0.010425854037556994,0.2087326985041536,0.3743804739190935
77.27272727272727,142.04545454545453,2.6692947887923713,0.1199213377702824,0.05348461949042986,0.00958644797656585,0.2124699512993766,0.3689220512930204
88.06818181818181,142.04545454545453,2.6674748414621807,0.11463780362890182,0.052724855412416234,0.009010248355689822,0.21543362128884697,0.3649927026823268
98.86363636363636,142.04545454545453,2.668817485679083,0.11117800247130817,0.052806162944086577,0.00884484837245145,0.217644087077692,0.3626894333283664
109.6590909090909,142.04545454545453,2.6734049187937625,0.10943537430571991,0.053523909560974976,0.009021707814852358,0.2191737775290585,0.3619456515096302
120.45454545454545,142.04545454545453,2.680870203871613,0.10918036671801179,0.054258956276188076,0.009323875528647562,0.22012081248728604,0.3625599977791469
131.25,142.04545454545453,2.690461871780215,0.11011555361772736,0.05440188594874691,0.00953682208428441,0.2205829408757037,0.36424219222976373
142.04545454545453,142.04545454545453,2.701132724872736,0.11191688419861641,0.053709142916175755,0.009549602204679122,0.2206423434061424,0.3666516515341079
152.8409090909091,142.04545454545453,2.711629139801135,0.11425567296963521,0.052430071481837676,0.00939431932490744,0.22036199739018605,0.3694225424495504
163.63636363636363,142.04545454545453,2.7205888518587313,0.11681117204759127,0.05119142427620026,0.009234987283468964,0.21978857232942756,0.37218307950689233
174.4318181818182,142.04545454545453,2.7266599568053764,0.119285542979101,0.050648460659657904,0.009271013487373874,0.2189561500690795,0.37457877774282733
185.22727272727272,142.04545454545453,2.7286247041942846,0.12142445719769229,0.05105583250140513,0.0095671572374379,0.2178870913602128,0.3763001950862366
196.02272727272725,142.04545454545453,2.7254777228007283,0.12303256794649367,0.05212255581795926,0.009979121780460254,0.21659111670117828,0.37710219822123126
206.8181818181818,142.04545454545453,2.71644777349284,0.12397746083525149,0.05330504849800216,0.010277720632443742,0.21506526100962348,0.3768090712455485
217.61363636363635,142.04545454545453,2.701014573317981,0.12418977446606179,0.05422934383702479,0.01032216299988893,0.21329559238271678,0.37531639180184434
228.4090909090909,142.04545454545453,2.6789562579421715,0.12366260588883922,0.05491121768156684,0.010146606482786487,0.21126261954607634,0.3725956628703284
239.20454545454544,142.04545454545453,2.6504220282424025,0.1224459425213409,0.05568839798685483,0.009941687954694125,0.20895235218000074,0.36869810885143817
250.0,142.04545454545453,2.616005583790475,0.12063485545819265,0.05692582064574504,0.009929141647004055,0.20637117314723558,0.36375414451649735
260.7954545454545,142.04545454545453,2.5767845422612012,0.11835566773354264,0.05868056672029135,0.010181208704567492,0.20355830023223448,0.35796779154839437
271.59090909090907,142.04545454545453,2.534284970673193,0.11575442021197337,0.06060000948439215,0.010559564714860963,0.20058890334302612,0.35160474808285813
282.3863636363636,142.04545454545453,2.490350407523461,0.11298880725440834,0.06213860187537806,0.010844568557332524,0.19756498170854023,0.3449727449924305
293.1818181818182,142.04545454545453,2.4469363521886445,0.11022245554497552,0.06288273658391456,0.010890005790293415,0.19459690716287484,0.3383956251983638
303.9772727272727,142.04545454545453,2.4058685203582826,0.10761734776707395,0.0627624020699284,0.01068525326758044,0.19178221911578372,0.33218225439688903
314.77272727272725,142.04545454545453,2.3685944422657377,0.10531995373323585,0.062081020489943683,0.010340692091966008,0.1891874712670177,0.3265902741306915
325.5681818181818,142.04545454545453,2.335951979007217,0.10344099807909334,0.06136976034395316,0.010026754221773257,0.18683568190675223,0.32178715656352563
336.3636363636364,142.04545454545453,2.3079884453222403,0.1020346569711912,0.061111769189233694,0.009880933469703706,0.18469951225306344,0.3178162423703776
347.1590909090909,142.04545454545453,2.283885846186756,0.10108771712852857,0.06148330797425148,0.009927656856123492,0.1826997867138031,0.31458111761270613
357.95454545454544,142.04545454545453,2.262041131938745,0.10052704184686509,0.062311163647614555,0.010080989894447666,0.18070957403619944,0.31185943523286475
368.75,142.04545454545453,2.240287947197006,0.10024212580449608,0.0632683532941217,0.010224806348464186,0.17856431288062774,0.30934246613957894
379.5454545454545,142.04545454545453,2.216199564659392,0.10011160194228196,0.06412101151341323,0.010292651499044925,0.17607821741844254,0.30668608628328703
390.34090909090907,142.04545454545453,2.1874215183138186,0.10002518031257965,0.06485265245262345,0.010299383354807269,0.17306657410943138,0.3035616953540175
401.1363636363636,142.04545454545453,2.1520005398579927,0.09989830805077593,0.06561713429992241,0.010319490110166307,0.16937199476809583,0.2997015955793779
411.9318181818182,142.04545454545453,2.108676296244819,0.09968119925225524,0.06657203205181124,0.010423775224461411,0.1648900744805301,0.2949364302239434
422.7272727272727,142.04545454545453,2.057085229650547,0.09936515707735012,0.06772098001244342,0.010614869221614514,0.15958731137763862,0.2892213513241319
433.52272727272725,142.04545454545453,1.9978185672572908,0.098987063924453,0.06890873364152118,0.010821172504375177,0.15350459821548396,0.2826453692503405
444.3181818181818,142.04545454545453,1.9323216587548515,0.09863177171066298,0.06999553540204194,0.010956802592125744,0.14674507891292335,0.2754223276589832
455.1136363636363,142.04545454545453,1.8626803967845103,0.09843144252688653,0.07109428912730589,0.010993751403361762,0.1394518080278819,0.26786770277243893
465.9090909090909,142.04545454545453,1.7913476947933378,0.09855783082769784,0.07272484792649642,0.011003947195602385,0.13178324770446487,0.2603640314958272
476.70454545454544,142.04545454545453,1.7208457069165708,0.09920194392516224,0.07577026797163934,0.011158862801627867,0.12389372509035809,0.25331483345285516
487.5,142.04545454545453,1.6534743065143154,0.10053770824247854,0.08117965542190887,0.01167686367065649,0.11592411397989559,0.247087890798452
12.5,152.8409090909091,2.681049388642405,0.17573170191673088,0.06539928261931287,0.012759799433909478,0.18036937667447941,0.4096329448727884
23.295454545454547,152.8409090909091,2.679608617057409,0.16601976326580833,0.05929839600171115,0.011827120054489881,0.1860197848360393,0.4026129373668973
34.09090909090909,152.8409090909091,2.6760281806493245,0.15550204341829973,0.05666321343308154,0.011604965351959581,0.19192396366403283,0.3947954600836185
44.88636363636363,152.8409090909091,2.6713198220731265,0.14490759759455,0.05558390161312345,0.011367133734312567,0.19775393125209587,0.38680367310979
55.68181818181818,152.8409090909091,2.6666445318362135,0.1349486778831322,0.05463209355713364,0.010790541327996455,0.20320763383610882,0.3792647429272803
66.47727272727272,152.8409090909091,2.6631919648969515,0.12622136176734194,0.053318122860139636,0.009930158088025417,0.20805549379972169,0.372726748138011
77.27272727272727,152.8409090909091,2.662054190829531,0.11916179698607116,0.05194450484763048,0.009050648900942008,0.21215311866842607,0.3676143045100922
88.06818181818181,152.8409090909091,2.6640813145714417,0.11403022908504157,0.0511595736673917,0.008467603287594643,0.21543547761378926,0.3642019034627512
98.86363636363636,152.8409090909091,2.669716491325422,0.11089719405543781,0.051367377858243614,0.0083634850472287,0.21790759072429539,0.36258658794004683
109.6590909090909,152.8409090909091,2.67886485517678,0.10964098746873907,0.052327226453330024,0.008652804191326129,0.2196320894944525,0.36267221107581654
120.45454545454545,152.8409090909091,2.690895300877082,0.10999568348866898,0.053316020951820704,0.00907054218087622,0.22070071073612593,0.3642035767982405
131.25,152.8409090909091,2.704749918125461,0.1116213261060606,0.05363627468687574,0.00936475083159668,0.22120399966268314,0.3668277159926398
142.04545454545453,152.8409090909091,2.7190668083384635,0.11414664163035085,0.05300457919645204,0.009404770003560936,0.2212188585385283,0.37013715883717435
152.8409090909091,152.8409090909091,2.7322954138539677,0.11718686980345679,0.051680486054701935,0.009222238878178248,0.22081016721097957,0.3736948182107277
163.63636363636363,152.8409090909091,2.7428275403347837,0.12035720546670335,0.050352636329985524,0.00901315418009078,0.2200366972056761,0.3770574400921725
174.4318181818182,152.8409090909091,2.749170481347887,0.12330069359960129,0.049767496103121533,0.009037749309411475,0.21895287018972293,0.3798137545244444
185.22727272727272,152.8409090909091,2.750138671100074,0.12573313275393921,0.050226821818592754,0.009391520684946312,0.2176023245985442,0.3816366242810157
196.02272727272725,152.8409090909091,2.7449429186940315,0.1274691822236902,0.05140363014241258,0.009892909222498232,0.21601181278252202,0.3823110020191417
206.8181818181818,152.8409090909091,2.733143299901357,0.12841047971434863,0.05268840754365191,0.01025817845901627,0.21419328733631668,0.38172051465081674
217.61363636363635,152.8409090909091,2.7145918960151882,0.1285268331378966,0.053662076484479015,0.010318579796230496,0.21214904554074066,0.3798280701733327
228.4090909090909,152.8409090909091,2.689428340923909,0.12784476137207912,0.054327608899753035,0.010111170609803157,0.20987810331395865,0.37666728163485486
239.20454545454544,152.8409090909091,2.658115165315591,0.12643820572046469,0.055040967724589974,0.009856939213568543,0.20738550818846577,0.37233966207130453
250.0,152.8409090909091,2.6214859019322745,0.12441880801422268,0.05620541182378318,0.009822823798927835,0.20469326961321027,0.3670128713993312
260.7954545454545,152.8409090909091,2.580774775017918,0.12192812098312406,0.05790158856724711,0.010099952681043373,0.20184817427188148,0.36091836920774895
271.59090909090907,152.8409090909091,2.537581599857828,0.11912994480796184,0.05976209099983525,0.01052083798472985,0.19892262941419966,0.3543422601811207
282.3863636363636,152.8409090909091,2.493740747585169,0.11619876734936854,0.0612161543162387,0.010828378440940407,0.1960076227942702,0.3476031728981702
293.1818181818182,152.8409090909091,2.45112482198938,0.11330906965645492,0.061843722990647845,0.010860595885741042,0.19319821592375022,0.34102380080870687
303.9772727272727,152.8409090909091,2.411424632233653,0.11062607589878565,0.06159253622605557,0.010611149716963695,0.19057565096060622,0.3349009412736221
314.77272727272725,152.8409090909091,2.375926843590843,0.10829304620838759,0.060807237037209305,0.010210198173453932,0.18819127636123884,0.32947284317018993
325.5681818181818,152.8409090909091,2.345304277113011,0.10641315760767828,0.06007669845115136,0.009860963564902035,0.18605505306590714,0.3248840745246848
336.3636363636364,152.8409090909091,2.3194415148232883,0.1050290764092461,0.05992525998753557,0.009730011748486471,0.18412919834820293,0.3211525160508131
347.1590909090909,152.8409090909091,2.2973538716066715,0.10411039300223997,0.06050881075469959,0.009838891202161772,0.18232706961692088,0.318151852088622
357.95454545454544,152.8409090909091,2.2772772117410285,0.10356148180255594,0.061583192417952126,0.010070475917989348,0.18051802792570595,0.3156266883836158
368.75,152.8409090909091,2.2569076895418543,0.10324593880161735,0.06275320750260278,0.010278339643577796,0.17853835357058662,0.31323534946526665
379.5454545454545,152.8409090909091,2.2337093490040334,0.10301409660252718,0.06374929621682954,0.010380751149153449,0.1762075458794957,0.31060207517741145
390.34090909090907,152.8409090909091,2.205244720750627,0.10272699753213405,0.06455489539314686,0.010392002428582774,0.17334918758089032,0.3073691609131674
401.1363636363636,152.8409090909091,2.1695045936060433,0.1022757888605242,0.06535394178527869,0.010397210466152522,0.16981445702448747,0.3032457732793733
411.9318181818182,152.8409090909091,2.1252105954969407,0.10159823828405246,0.06634963493750423,0.01048076974531346,0.16550446698829324,0.2980518353777544
422.7272727272727,152.8409090909091,2.0720400213812327,0.10069291094023387,0.0675791139018995,0.010648310180142404,0.16038572449481658,0.29175198227664423
433.52272727272725,152.8409090909091,2.010687265692852,0.09962511263839793,0.06889529619492168,0.010820049459333791,0.15449311838299967,0.28446630225656344
444.3181818181818,152.8409090909091,1.942739917324601,0.09852267821005115,0.0701541525618473,0.010904922378551162,0.14791924704577916,0.27645416993404154
455.1136363636363,152.8409090909091,1.8704450210480934,0.09756758407295639,0.07146037131528905,0.010878775581781856,0.14079455031391883,0.2680834357061158
465.9090909090909,152.8409090909091,1.79642431526541,0.09698297726510377,0.07331771146380743,0.010822513744520689,0.1332647491879503,0.259790943265493
476.70454545454544,152.8409090909091,1.723365629490841,0.09700974699638683,0.07658001273109423,0.010917088939332143,0.12547199718718643,0.2520331156639509
487.5,152.8409090909091,1.6537117122655647,0.09786500237670674,0.08215776786217426,0.011388034087711683,0.11754657089470885,0.24522347495867405
12.5,163.63636363636363,2.6586899220593367,0.17483867895022964,0.06415536275429658,0.01200660141466902,0.17852297916004947,0.4066214893207363
23.295454545454547,163.63636363636363,2.658591364848809,0.16503853214744268,0.05809186121729124,0.011137229683411106,0.18436897218790163,0.39968198832350454
34.09090909090909,163.63636363636363,2.6567588827622335,0.15444852937885598,0.055541303713677784,0.011042625914105444,0.19050240821581724,0.3919994663001711
44.88636363636363,163.63636363636363,2.654232475853385,0.14382761302590483,0.054509661962948104,0.010898111915057533,0.19658045289301462,0.38422122236208406
55.68181818181818,163.63636363636363,2.652182071732154,0.13390323795741607,0.05352416023431055,0.010356744125537479,0.20229291871647948,0.37698612314450586
66.47727272727272,163.63636363636363,2.651785330675354,0.12527895736376685,0.052103191290607934,0.0094848966605487,0.20740448387356855,0.3708462560302547
77.27272727272727,163.63636363636363,2.6541024454832693,0.11839989025232905,0.05060428460734003,0.008572953532203179,0.21176200160323472,0.3662291866214478
88.06818181818181,163.63636363636363,2.659930628498666,0.11354294086860917,0.04976878090047442,0.007980783519358842,0.21528485581163895,0.3634155543898708
98.86363636363636,163.63636363636363,2.6696227645020385,0.11079660539880831,0.05007634258698276,0.0079331044616001,0.21795772486489914,0.3625054918354096
109.6590909090909,163.63636363636363,2.6829170561279554,0.11003229118507454,0.05125623586152654,0.008328404597711303,0.21982958753406748,0.3633802128280675
120.45454545454545,163.63636363636363,2.6989552296370936,0.11095887082139867,0.052487557025735314,0.00885238474324696,0.22098305985271552,0.3657425219776717
131.25,163.63636363636363,2.716436995793593,0.11320986691967252,0.05299638469285247,0.009219847950646823,0.22149873588214533,0.36919489862435995
142.04545454545453,163.63636363636363,2.73376416566902,0.11638294056610295,0.05246511370026852,0.009283431953880239,0.22144693019907935,0.37328275686306805
152.8409090909091,163.63636363636363,2.749173346618121,0.12005280578373947,0.051157349539570886,0.009073633963354425,0.22089408518782283,0.3775177013367213
163.63636363636363,163.63636363636363,2.7608883304926954,0.12378438688364907,0.049805852555363496,0.00881638776237045,0.21991112933068635,0.38140305090572824
174.4318181818182,163.63636363636363,2.7673259751411066,0.12716878517406727,0.04922940499987669,0.008836983813676461,0.218573898930509,0.38448118335586456
185.22727272727272,163.63636363636363,2.7673513561358756,0.12989287645029546,0.049760404554433535,0.009262469594119633,0.21694870695082838,0.38640990270393
196.02272727272725,163.63636363636363,2.7603824857066233,0.1317783911983077,0.05102617036452489,0.00986318367147901,0.21508013585971217,0.3870012169624968
206.8181818181818,163.63636363636363,2.746270047863099,0.13275130129397125,0.05236146698086542,0.010298082999129371,0.2129965302442817,0.38618689194718064
217.61363636363635,163.63636363636363,2.72518717984117,0.13281011384429353,0.05331737883447482,0.010372741234781362,0.21071721189180884,0.38398430178316023
228.4090909090909,163.63636363636363,2.697587831703271,0.13200805885330247,0.05389460446995647,0.010127339291828841,0.2082586918630257,0.38047940260297614
239.20454545454544,163.63636363636363,2.6642090229614643,0.13044070775129032,0.054474294865252494,0.009812015682629094,0.20564230976018766,0.37581821866673226
250.0,163.63636363636363,2.626092493119355,0.12823626614536537,0.05550810873057098,0.009742954005306453,0.20290233929508916,0.3702022836320842
260.7954545454545,163.63636363636363,2.5846040677979802,0.12555170014166184,0.05711176301289641,0.01003731548746897,0.20009036459913043,0.3638879631763115
271.59090909090907,163.63636363636363,2.5414018180592963,0.12256913008082607,0.058902087073582965,0.010495900684266373,0.19727404600541118,0.357180515963849
282.3863636363636,163.63636363636363,2.4983002255657434,0.11947968520599433,0.06027928527776302,0.010822686275810693,0.19453230937913676,0.35040821940996675
293.1818181818182,163.63636363636363,2.45708202407794,0.11646903012677466,0.06081128383711103,0.010840506000960174,0.19194396678847958,0.34389210784792995
303.9772727272727,163.63636363636363,2.419300453155486,0.11370761560079709,0.060453240024651404,0.010546200907259799,0.18957249338759796,0.33791803036027834
314.77272727272725,163.63636363636363,2.3860825269590635,0.11133885460304978,0.059576626485831535,0.010087178093100684,0.1874521521827188,0.33270734977650973
325.5681818181818,163.63636363636363,2.357942125819011,0.10946234420128617,0.05881462356907317,0.009698611189925144,0.18557812496962264,0.3283851844882846
336.3636363636364,163.63636363636363,2.3346136390084267,0.10811294467975266,0.05872756195038293,0.009579235390924314,0.18390130652351847,0.32494790878912055
347.1590909090909,163.63636363636363,2.3149556647943523,0.1072443991354049,0.05944699944366162,0.009745752611921796,0.18232784271021854,0.32224132073888434
357.95454545454544,163.63636363636363,2.2970523467504966,0.10673819023253674,0.06066081587044515,0.010045854905202076,0.18072462454073393,0.3199776909415632
368.75,163.63636363636363,2.2784744986291328,0.10643143671503437,0.061920044352493354,0.010303611936755165,0.17893041297253542,0.3177832817697855
379.5454545454545,163.63636363636363,2.2565878365655303,0.10614593925328301,0.06293726288621743,0.010424856952150655,0.17677129123298058,0.31525169355958954
390.34090909090907,163.63636363636363,2.2288801445521105,0.10571486099436003,0.06371396530616072,0.010426939794980784,0.17407954598165581,0.3119975538243132
401.1363636363636,163.63636363636363,2.193290258393697,0.10500695055651979,0.0644822397194849,0.010410639491600853,0.17071421065579734,0.3077086624685872
411.9318181818182,163.63636363636363,2.148516970804631,0.10394936573618951,0.06550691189809586,0.010480029433545302,0.16658030771762866,0.30219501036201757
422.7272727272727,163.63636363636363,2.0942677257915414,0.10254910591249493,0.06686133357047505,0.010644402409248315,0.16164251318386005,0.2954304050702386
433.52272727272725,163.63636363636363,2.0313259926849474,0.1008996477002096,0.06839243303442415,0.010809381206621435,0.1559283628660407,0.28756433411876076
444.3181818181818,163.63636363636363,1.9613975762713973,0.09916823479467474,0.06993557690622189,0.010873164884775197,0.14951948828460537,0.27889661895012385
455.1136363636363,163.63636363636363,1.8868607440143321,0.09757977031180859,0.07157432849135467,0.01081204099067643,0.14253464468277455,0.269839428518859
465.9090909090909,163.63636363636363,1.810473983620164,0.09639847504996933,0.07378767801411232,0.010714089594957697,0.13510956405531865,0.26087320327224184
476.70454545454544,163.63636363636363,1.735061059470855,0.09590221228607133,0.07739478194309954,0.010769415840474177,0.12737877416453464,0.25249497771234264
487.5,163.63636363636363,1.6631904576583052,0.09634065350224416,0.08326476709753856,0.011212400171150966,0.11946647677100582,0.2451546806839649
12.5,174.4318181818182,2.6337569427002294,0.17227197503488811,0.06361550793132979,0.011737004184009515,0.1774028207063217,0.40215275066365624
23.295454545454547,174.4318181818182,2.6352848746897415,0.16265598613932586,0.057626174509721725,0.010896790208760943,0.1833118946937377,0.39551658721294314
34.09090909090909,174.4318181818182,2.635553482381263,0.15233448596996654,0.05513119346239652,0.010832449343707529,0.1895085270208987,0.3882475560759897
44.88636363636363,174.4318181818182,2.6355802152954255,0.14204355370599628,0.05411457583259259,0.01071364908790531,0.1956611457927593,0.38097439096713154
55.68181818181818,174.4318181818182,2.636488004328646,0.13248549580186547,0.05310144662345527,0.010193808811490193,0.2014695894039755,0.37431317522692675
66.47727272727272,174.4318181818182,2.6393846440923823,0.12424442408483789,0.05162371184162256,0.009338494536999217,0.20670271716177985,0.36879481371434797
77.27272727272727,174.4318181818182,2.6452399685812598,0.11775601417906911,0.050066016156372684,0.008438085484412107,0.21120340731893036,0.36483057699316734
88.06818181818181,174.4318181818182,2.654743103526304,0.11329866536392497,0.04920920128565631,0.007859608269430713,0.2148786450489657,0.36269065625766483
98.86363636363636,174.4318181818182,2.668122490087144,0.1109705285410441,0.0495675602055225,0.007841033477436529,0.2176940927024525,0.3624687637531393
109.6590909090909,174.4318181818182,2.6849693116614,0.1106497622506605,0.050868243073789655,0.008282216774981569,0.21967904508353941,0.36403523714899494
120.45454545454545,174.4318181818182,2.7042642382769264,0.11204617595302713,0.05226138692975177,0.00885927717447849,0.2208984146814929,0.3670763997677506
131.25,174.4318181818182,2.7245471940859862,0.114788515060448,0.052945603032359984,0.009277563477340548,0.2214186418354301,0.3711743447843133
142.04545454545453,174.4318181818182,2.7440734403210354,0.11846093775712137,0.052584647656782016,0.009382233294863413,0.22130251079750207,0.3758493397765124
152.8409090909091,174.4318181818182,2.760961542977693,0.12261527609053466,0.05142894009405822,0.009200742750813024,0.2206175730757088,0.38058424616612857
163.63636363636363,174.4318181818182,2.7733633652081116,0.1267865978616287,0.05019949596313707,0.00896545802372699,0.21944494267475798,0.38485361685498376
174.4318181818182,174.4318181818182,2.7796869901392722,0.13053482951431006,0.04970530921481162,0.009017612012790896,0.2178781517020432,0.38817685399759877
185.22727272727272,174.4318181818182,2.778872047133043,0.1335253789996464,0.050270663321097454,0.009490061074500651,0.21600427802276514,0.39020451907543524
196.02272727272725,174.4318181818182,2.770497994103172,0.13557545126315165,0.05151909413151833,0.010137431886309237,0.21388779366559532,0.39076260553883546
206.8181818181818,174.4318181818182,2.754636683502821,0.1366183577064051,0.05279142542850112,0.01060192923636035,0.21157619952388484,0.38981161082152815
217.61363636363635,174.4318181818182,2.731715976390224,0.13666723525988644,0.05364581355530047,0.010681019583833093,0.20910718888429247,0.3874063669479416
228.4090909090909,174.4318181818182,2.7024487829429056,0.13579303636847231,0.054087634584172914,0.010415167213652652,0.20651424711872426,0.3836729254604987
239.20454545454544,174.4318181818182,2.667805193827582,0.1341092090469379,0.05450556329847647,0.01006234968879039,0.2038328402672073,0.37879475925506784
250.0,174.4318181818182,2.629007612026449,0.13176077014778886,0.05536874683359487,0.00995375249670646,0.20110642656538508,0.37300451884558794
260.7954545454545,174.4318181818182,2.587532711411778,0.128920858430791,0.056816067583176276,0.010219922991093443,0.19838872478179576,0.36658180375759425
271.59090909090907,174.4318181818182,2.545074682072387,0.12578806841939474,0.05847677421249616,0.010659350667940803,0.19574139511977912,0.3598473651186836
282.3863636363636,174.4318181818182,2.5034106985951365,0.1225681605339305,0.059754437990974775,0.010967585934196711,0.1932306488147633,0.3531358538803082
293.1818181818182,174.4318181818182,2.4642254818284344,0.11945797486782603,0.06021540609334671,0.010962178802936463,0.19091818654622236,0.3467657727769584
303.9772727272727,174.4318181818182,2.428933303686264,0.11663500743528407,0.059810963888827756,0.010639572367067592,0.18884848082872785,0.34101315965326995
314.77272727272725,174.4318181818182,2.398502243521897,0.11424542394587647,0.05890873036258096,0.010151989827380449,0.18703723179260132,0.3360844057428724
325.5681818181818,174.4318181818182,2.3732858820882763,0.11238735828387154,0.05813896477576404,0.00974489485733269,0.18546343248096078,0.33208653178236824
336.3636363636364,174.4318181818182,2.3528695227867034,0.11108963218168322,0.05805653624549025,0.009627830681900098,0.18406571676377437,0.3289957731282122
347.1590909090909,174.4318181818182,2.3359749232370133,0.11029372257005232,0.058774713786302384,0.0098148074732246,0.18274299461750756,0.3266346892319847
357.95454545454544,174.4318181818182,2.320566015263643,0.10986256060625052,0.059959183620215545,0.010139338829925244,0.1813604472980162,0.3246896382252563
368.75,174.4318181818182,2.304113694377883,0.10960955079595516,0.06115151638338159,0.010412875294411823,0.17976037136048564,0.3227594799447859
379.5454545454545,174.4318181818182,2.283902577372518,0.10932936550658041,0.062073409495522584,0.010535636778847945,0.17777642902944635,0.32041000152379756
390.34090909090907,174.4318181818182,2.257358428224378,0.10882841349732877,0.06275506134349015,0.010527500920825324,0.17525029341810472,0.317230312547386
401.1363636363636,174.4318181818182,2.2223802469159737,0.10795478569808481,0.06347340510392828,0.010498756282322433,0.172049102485179,0.312889366952397
411.9318181818182,174.4318181818182,2.1776540666150717,0.1066271888816223,0.0645413708045416,0.010564146202701243,0.16808157075848615,0.3071898222766966
422.7272727272727,174.4318181818182,2.1229095899734873,0.1048608934783988,0.06605937831004656,0.010734107923659529,0.16330980087358477,0.30011370330612386
433.52272727272725,174.4318181818182,2.058988442730613,0.10277371547851198,0.06786945025323182,0.010905623777914856,0.15775297411644182,0.2918338967422651
444.3181818181818,174.4318181818182,1.9876777745427199,0.10056668210587788,0.06978501602147119,0.010970650540834929,0.15148119203959529,0.28268276881817583
455.1136363636363,174.4318181818182,1.911449915679744,0.09850020972352011,0.07186055065758189,0.010905715021012296,0.14460200001811044,0.2731076100087116
465.9090909090909,174.4318181818182,1.8331606312526587,0.09686910372561201,0.07453728151252509,0.010802471610411337,0.13724320767739098,0.26362083974988565
476.70454545454544,174.4318181818182,1.7557266545215315,0.09597313055767824,0.07858321328219015,0.01085311988633473,0.1295361497346313,0.2547448748697324
487.5,174.4318181818182,1.6818001508769183,0.09607497054104508,0.08481056837757756,0.011290246775840332,0.12160616124837476,0.246947749137989
12.5,185.22727272727272,2.6064238265613344,0.16818021841994013,0.06384302535000715,0.01202267471004727,0.17693853740377685,0.39635026878049034
23.295454545454547,185.22727272727272,2.6097953274263905,0.15900304881486038,0.057959935060638415,0.011166861890641542,0.1827816159982599,0.3902206035463237
34.09090909090909,185.22727272727272,2.612444742886697,0.14926937468042767,0.055480569084038124,0.011018403754976897,0.18888039433724274,0.3836206096125777
44.88636363636363,185.22727272727272,2.615315764062977,0.13964030081513926,0.05443994704580925,0.010846766335869255,0.19494025333894868,0.3771181602275638
55.68181818181818,185.22727272727272,2.619430526872671,0.1307559721317755,0.05340785854059337,0.010330958639919058,0.20068744945109057,0.37127465942629556
66.47727272727272,185.22727272727272,2.625771949645147,0.1231569693089118,0.05193619555536603,0.009523240387369038,0.2059035633284851,0.36657694169040345
77.27272727272727,185.22727272727272,2.6351636661575273,0.11725234352860651,0.05040636271428454,0.00868787206293236,0.21043182143512548,0.3634018909432437
88.06818181818181,185.22727272727272,2.6481319165491226,0.11330490249053783,0.049575354936213664,0.008156565838476548,0.21417118793162004,0.3619913362373084
98.86363636363636,185.22727272727272,2.6647417604244645,0.1114068528120554,0.04993509312400919,0.00813933387987294,0.21707348622133957,0.3624173958224558
109.6590909090909,185.22727272727272,2.6844630706896644,0.1114562066642853,0.05124403361615715,0.008557502476145224,0.21914323381509535,0.36455153157237885
120.45454545454545,185.22727272727272,2.7061912422485803,0.11319212478972872,0.05270674042764364,0.009127548154804458,0.22041872598948523,0.36809174194615124
131.25,185.22727272727272,2.7283931039533833,0.1162598864248025,0.053547969972184695,0.009573312957902164,0.22094874195956768,0.372624029396949
142.04545454545453,185.22727272727272,2.749268590977309,0.12024755459520085,0.05342734982274197,0.009743457743960328,0.22078784327792222,0.37766553314790247
152.8409090909091,185.22727272727272,2.7669127035868732,0.12470273485076726,0.05256154766559294,0.009660722313084897,0.22000359871002398,0.38269361789348116
163.63636363636363,185.22727272727272,2.7795010527152684,0.12915394070437136,0.05159941587371211,0.009534857543987477,0.2186835668870955,0.3871807302889933
174.4318181818182,185.22727272727272,2.7855198262710736,0.1331571978079138,0.051250610329904946,0.009657409301967923,0.2169319248843833,0.3906518283949967
185.22727272727272,185.22727272727272,2.7840068032019505,0.13636838727867986,0.05179303082377543,0.01013381196675607,0.21485189128487506,0.3927611854870867
196.02272727272725,185.22727272727272,2.774642777701311,0.13858595587607964,0.052901321917161424,0.01075128998281637,0.21252993462091416,0.3933323191637935
206.8181818181818,185.22727272727272,2.757644126338255,0.13973211923492293,0.053989395427994635,0.011187288079696534,0.21003557043593732,0.39233326571968163
217.61363636363635,185.22727272727272,2.7336230489182705,0.13981949288972018,0.05466076946620092,0.01125234324886273,0.20742642559393637,0.3898381105314931
228.4090909090909,185.22727272727272,2.7034929982205353,0.1389263927727815,0.05493258403087006,0.010984544301926242,0.20475293192955532,0.3859994581772775
239.20454545454544,185.22727272727272,2.668413700275825,0.1371788949857664,0.05518132626626172,0.010626034276165089,0.20206319484160232,0.3810298958005467
250.0,185.22727272727272,2.629760467026481,0.1347381120102529,0.0558551703170608,0.010480758471525908,0.1994073303973814,0.37518973047002885
260.7954545454545,185.22727272727272,2.5891007115096962,0.13179364910135963,0.05709472542388967,0.010671129700253383,0.19683887588729038,0.3687798627968176
271.59090909090907,185.22727272727272,2.548138712947992,0.1285567038529014,0.05857528917085665,0.011029771146704904,0.19441303396851042,0.3621310286140935
282.3863636363636,185.22727272727272,2.5085941057714316,0.12524439313404243,0.05974199523167909,0.011281199014729262,0.19218310447972298,0.3555797833575515
293.1818181818182,185.22727272727272,2.472044778643252,0.12206425504225941,0.06017245514987581,0.011249549125677216,0.19019302327926815,0.34944082179952174
303.9772727272727,185.22727272727272,2.4397653713702816,0.11920242297574807,0.059803141137736646,0.010926995187555334,0.1884672380715739,0.3439814255017601
314.77272727272725,185.22727272727272,2.4125672600040406,0.11681028544587371,0.05896525669473622,0.010455929963327712,0.1870016475533174,0.33939499805005174
325.5681818181818,185.22727272727272,2.3906433035116352,0.1149864878213214,0.05823346989453985,0.010064128364108738,0.18575783102818136,0.335771813735747
336.3636363636364,185.22727272727272,2.373429496701681,0.11375538637955872,0.05810723763252115,0.009940642182390628,0.18466119768404227,0.33306905749930055
347.1590909090909,185.22727272727272,2.3595377252549907,0.11305153111214951,0.05869401697948618,0.010101532634298452,0.1836031016241384,0.33109269587694357
357.95454545454544,185.22727272727272,2.346853844735604,0.11272640592541516,0.059696835277563594,0.010397884737946114,0.18244725403173281,0.3295126825841615
368.75,185.22727272727272,2.332781336816669,0.11257462146244457,0.06069891164581399,0.010651456875297833,0.18104000662662056,0.3279074137224871
379.5454545454545,185.22727272727272,2.314545840050883,0.11236646432085177,0.061458320517388636,0.010765013451487707,0.17922331640377587,0.3258191569666435
390.34090909090907,185.22727272727272,2.2895268564191835,0.11188292610373597,0.06203876641693015,0.010758271409687667,0.17684912117907742,0.32281412680546473
401.1363636363636,185.22727272727272,2.2555978870494773,0.11095232696502662,0.06274630698626506,0.01073919723607588,0.17379365952445375,0.3185445843858128
411.9318181818182,185.22727272727272,2.211446731020421,0.10948595946441374,0.06391040850146201,0.010815951789452901,0.16997026461103806,0.3128081331381459
422.7272727272727,185.22727272727272,2.1568189158456135,0.10750541466643683,0.06563996423484063,0.010995808326348165,0.1653389463998332,0.30559295121647667
433.52272727272725,185.22727272727272,2.0925776722251723,0.10514643820288008,0.06778032041917954,0.011180222122516811,0.15991047132295036,0.2970869018861611
444.3181818181818,185.22727272727272,2.0205515060061483,0.10263680015946963,0.07012911937146439,0.011264129056394828,0.15374336179989562,0.28764566159192007
455.1136363636363,185.22727272727272,1.9432665472429798,0.10026436813845639,0.07270761948794953,0.011225201273862891,0.14693448531463396,0.277741656427468
465.9090909090909,185.22727272727272,1.8636317965143412,0.0983440214286467,0.07590677108945154,0.01115383996045801,0.13960532217067603,0.26790716536562836
476.70454545454544,185.22727272727272,1.784607566442041,0.09718278890148159,0.08042662334549329,0.011234679977391816,0.13188750594032955,0.25867437881528826
487.5,185.22727272727272,1.7088775205114546,0.097035906129228,0.08700806979632165,0.01168438368760484,0.12391417342510198,0.25050941970049767
12.5,196.02272727272725,2.5771102299712867,0.16294452825069372,0.06441480383719103,0.01243771759343928,0.17694704615712573,0.38952817726598876
23.295454545454547,196.02272727272725,2.5824328788994877,0.15439017857925652,0.05864468615049603,0.011564686274405786,0.1826256234469674,0.3840465557533456
34.09090909090909,196.02272727272725,2.5876067051039153,0.14547176934961903,0.0561610342606237,0.011314180095504077,0.18850591813633244,0.37829169127485446
44.88636363636363,196.02272727272725,2.5934652972578207,0.13674470890894674,0.05507585258891456,0.011077229784331545,0.19434475455008918,0.3727450064952929
55.68181818181818,196.02272727272725,2.6008849104716663,0.1287579834240231,0.05402226443971068,0.010568880896095919,0.19990733649546288,0.3678879250394574
66.47727272727272,196.02272727272725,2.6106762438652362,0.12198714112618923,0.05257339788097472,0.009825006583784563,0.20499577553441178,0.36414296948893726
77.27272727272727,196.02272727272725,2.6234708058645437,0.11679888618482552,0.051092996207260294,0.009073641478383744,0.2094581535007853,0.36183663226274315
88.06818181818181,196.02272727272725,2.6395957998579176,0.11342943660740032,0.050291823627327904,0.008599038766469447,0.2131881377988736,0.3611707561408895
98.86363636363636,196.02272727272725,2.6589438531042004,0.11196300892945958,0.05063083381560746,0.008578321248225051,0.21612397202173117,0.3621934555207877
109.6590909090909,196.02272727272725,2.680884580722981,0.11232030487870125,0.05190983063253724,0.008955668702068664,0.21824594262364153,0.36478156253025845
120.45454545454545,196.02272727272725,2.704281751441654,0.1142798018709186,0.05341240976286998,0.009498068230048413,0.21956548311499188,0.36865750728680213
131.25,196.02272727272725,2.727606452069538,0.11751907572972001,0.05441134201219913,0.009960647807345024,0.2201125257859091,0.3734305801795868
142.04545454545453,196.02272727272725,2.7490889433207624,0.1216473567189838,0.05456689022640617,0.010202549323306238,0.21993221083999828,0.37863611434229233
152.8409090909091,196.02272727272725,2.766886964072122,0.12622774869798012,0.05404867066421024,0.01023992145248672,0.21908952361644093,0.38376911048945206
163.63636363636363,196.02272727272725,2.779277858338324,0.13080443049546825,0.0534056968124455,0.010245888321478257,0.21767349029720745,0.38832392015390266
174.4318181818182,196.02272727272725,2.7848752856644388,0.13494822127935974,0.05322312460419288,0.010444993170219075,0.21579301623697728,0.3918495296325003
185.22727272727272,196.02272727272725,2.7828241132158595,0.13831470055087786,0.05372291835195947,0.010908323723582664,0.2135628993007208,0.39401139798766044
196.02272727272725,196.02272727272725,2.772878581845895,0.14068198366702278,0.05463691975357651,0.01146180476934527,0.21108957594578162,0.39462648593371785
206.8181818181818,196.02272727272725,2.7553398803773184,0.1419490798285869,0.05547422973652395,0.011835249712085116,0.20846545754909784,0.3936554499580318
217.61363636363635,196.02272727272725,2.7309385710976937,0.1421142263093853,0.055903688403134894,0.011863949722716803,0.20576936243177452,0.39117480868910504
228.4090909090909,196.02272727272725,2.700730281025915,0.14125224963204439,0.055964446986698245,0.011585261366474415,0.20306894145123938,0.38734983336467277
239.20454545454544,196.02272727272725,2.666018335644455,0.13949514798337512,0.056021346304063184,0.011219428320205773,0.2004240465073327,0.3824125837160246
250.0,196.02272727272725,2.6282958368665335,0.13701624334758164,0.05649812034106764,0.011035753268210439,0.1978900355631866,0.376644537502052
260.7954545454545,196.02272727272725,2.58919226389995,0.13401817965617785,0.057537566273119234,0.011146981941948327,0.19551926076053472,0.37036242073844466
271.59090909090907,196.02272727272725,2.550400034696628,0.1307217099353031,0.058861416112674626,0.01142144687216017,0.1933599519352027,0.3639024626709882
282.3863636363636,196.02272727272725,2.5135641755323803,0.12735222958996378,0.05996080686756325,0.011620196312734098,0.19145252005530392,0.35759913023062817
293.1818181818182,196.02272727272725,2.4801465175997413,0.12412650707920826,0.06042420698834992,0.011578440121221499,0.18982303122024544,0.3517612905700377
303.9772727272727,196.02272727272725,2.451281261752305,0.12124017541665535,0.06016322289369238,0.011282031088939336,0.1884753071771944,0.3466479927076755
314.77272727272725,196.02272727272725,2.427628200696358,0.11885250471346544,0.05945349714349677,0.01085550300856029,0.18738440130959066,0.3424420774301289
325.5681818181818,196.02272727272725,2.4092297351032586,0.11706646292259852,0.058791480550969284,0.010496713876472441,0.1864932942013841,0.3392208596506021
336.3636363636364,196.02272727272725,2.3953926080529393,0.11590705796256716,0.058611368618592743,0.010366480801247257,0.18571324738468065,0.3369282267994815
347.1590909090909,196.02272727272725,2.384645336100588,0.11530752486483724,0.05902339914871978,0.01048445009658881,0.18492752651900607,0.3353603414424866
357.95454545454544,196.02272727272725,2.3748282038474775,0.11511393417846222,0.05979438697246792,0.01073103815262508,0.1839982269482934,0.3341784790669743
368.75,196.02272727272725,2.363310775300338,0.11510786032100888,0.06057934120457976,0.010951774959423807,0.18277588035270587,0.33294820837905004
379.5454545454545,196.02272727272725,2.3472864850784076,0.11503940507200414,0.06119053979831104,0.011058560731567722,0.1811110780442539,0.3311940977985131
390.34090909090907,196.02272727272725,2.3241072318505807,0.1146662395142282,0.06172650137277827,0.011069801764907204,0.17886675573929367,0.3284629352343892
401.1363636363636,196.02272727272725,2.2916319566006664,0.11379676002012543,0.06250768946960403,0.011083705536679839,0.1759295084322196,0.3243913452383237
411.9318181818182,196.02272727272725,2.2485504629504995,0.11233225384317055,0.06385772132866757,0.011193902057237802,0.17221886175388246,0.3187700705508398
422.7272727272727,196.02272727272725,2.194613537393867,0.1102962144199124,0.06587586774568205,0.011402239698048152,0.16769424861781884,0.3115891941561993
433.52272727272725,196.02272727272725,2.130686350033034,0.10783668098030587,0.06840280461901377,0.011617797910638907,0.16235929534719726,0.3030454777181076
444.3181818181818,196.02272727272725,2.058606466324715,0.10520044837498337,0.07122114634179108,0.011742997937966512,0.1562621196775763,0.29350901313758
455.1136363636363,196.02272727272725,1.9809130621826814,0.10269320624471157,0.07431797529249455,0.011756854340853556,0.14949032746557792,0.28346621591707366
465.9090909090909,196.02272727272725,1.9005209310835607,0.10063828201446558,0.07802901733721201,0.011744352535894769,0.1421609671075658,0.2734559547525207
476.70454545454544,196.02272727272725,1.8203839066922343,0.09933696580330553,0.08298194518859275,0.011875898804003046,0.1344084119506345,0.26400567292094407
487.5,196.02272727272725,1.7431770753246165,0.09902671221459707,0.08985015003809854,0.012346864958863644,0.1263755115518737,0.2555680086462417
12.5,206.8181818181818,2.546407651375275,0.1570438426391695,0.06477321712287132,0.012540374238690428,0.17720509988029373,0.3820880625690075
23.295454545454547,206.8181818181818,2.553661992437693,0.14921121449945615,0.05908500866281205,0.01168022385282921,0.18265800212322222,0.37732234030597145
34.09090909090909,206.8181818181818,2.561339332516387,0.1412217850029865,0.05659481379077724,0.01138943488868821,0.18824963377945683,0.372490780846141
44.88636363636363,206.8181818181818,2.570143753749039,0.13351625152866714,0.0554647250693031,0.011135542112788884,0.19379158410457037,0.36797991725136747
55.68181818181818,206.8181818181818,2.580777817449159,0.1265381695216062,0.054371111541277384,0.010656724921485443,0.19909357251359358,0.3641781414410168
66.47727272727272,206.8181818181818,2.593850026153432,0.12068435061503924,0.05290294067944291,0.009974974640460748,0.2039832400081845,0.36143078388282474
77.27272727272727,206.8181818181818,2.6097747030854763,0.11626955919364214,0.05141705101986959,0.009291510639214642,0.20831658884693444,0.36000449559815806
88.06818181818181,206.8181818181818,2.6286695131052293,0.11350039383946557,0.05060641263049122,0.008862087104710027,0.21198268235551107,0.3600578731135186
98.86363636363636,206.8181818181818,2.6502641447938253,0.11245486996870989,0.05092892557332036,0.008849139216383752,0.21490612580443047,0.3616173023826884
109.6590909090909,206.8181818181818,2.673848984833944,0.11307389250822796,0.05221719426695298,0.009211569578564718,0.21704669889308448,0.364565466330915
120.45454545454545,206.8181818181818,2.6982923605847726,0.11517287739047424,0.05380161762851167,0.009745587032505144,0.21839424623495218,0.36865139700629257
131.25,206.8181818181818,2.7221261065730875,0.11846764813250103,0.054980336289234405,0.010227024063531334,0.21896230993517746,0.373517893422263
142.04545454545453,206.8181818181818,2.74367732144833,0.1226013011126165,0.05540584279416383,0.010523627594892346,0.21878610004107543,0.3787345410580101
152.8409090909091,206.8181818181818,2.7612302334449708,0.12716881800933402,0.05520376357021623,0.010647145575824505,0.2179250161786697,0.3838323434416598
163.63636363636363,206.8181818181818,2.773211092866799,0.1317462274931903,0.05484116167160579,0.010744810993878218,0.2164649017131359,0.3883440213159676
174.4318181818182,206.8181818181818,2.778380395140741,0.1359303832109352,0.05480846479993482,0.0109973975442059,0.21451473400841103,0.3918525981592362
185.22727272727272,206.8181818181818,2.775991041088216,0.13938409975206664,0.055280871315223225,0.011451552002438255,0.21219648697881724,0.39404014814366384
196.02272727272725,206.8181818181818,2.765859250569891,0.14186963383607748,0.056021239540576494,0.011951612826706573,0.20963267144275707,0.394719016806092
206.8181818181818,206.8181818181818,2.7483355905245945,0.14325918912053462,0.05660706715424732,0.012259791424213028,0.2069369736097242,0.3938361643461405
217.61363636363635,206.8181818181818,2.724217593070022,0.14352756764946112,0.0567651577807088,0.012230517948999042,0.20420934511837488,0.39145866857699435
228.4090909090909,206.8181818181818,2.694649981618755,0.14273666909584418,0.056567973347208915,0.011905484615026319,0.20153464569448204,0.3877521449431987
239.20454545454544,206.8181818181818,2.6610323629113397,0.14101682863374007,0.0563950026298778,0.011499452326234876,0.19898396972870008,0.38295772606266
250.0,206.8181818181818,2.624935240455404,0.13854737781907922,0.05667836691762797,0.011273052856996185,0.19661732295235784,0.37736937768618395
260.7954545454545,206.8181818181818,2.5880178303173786,0.1355387210353757,0.05757756880488638,0.011340802652704755,0.1944855852766014,0.37131247806074835
271.59090909090907,206.8181818181818,2.55193895102507,0.13221734983737132,0.05883967019468735,0.011586427425501129,0.19262998074040294,0.3651237372499897
282.3863636363636,206.8181818181818,2.518254945872097,0.12881374659448838,0.05996945778553043,0.011782987240074608,0.19107844049765907,0.3591317789399103
293.1818181818182,206.8181818181818,2.4883046195732295,0.1255518931977933,0.06054408272161535,0.01176567144181649,0.18983962437057486,0.3536374748131683
303.9772727272727,206.8181818181818,2.463083715968491,0.12263738012644484,0.06044084475109349,0.011512221478490245,0.18889666550992626,0.3488921760274527
314.77272727272725,206.8181818181818,2.4431123935362327,0.12024073530621962,0.05988288773238641,0.011132890556842644,0.1882030263163152,0.34507181958706284
325.5681818181818,206.8181818181818,2.4283056386208557,0.11847524950447628,0.059305757474078374,0.010805359404901543,0.18768195589017198,0.34224745629972075
336.3636363636364,206.8181818181818,2.417872112057003,0.11737373766672204,0.05910239316305616,0.010674510762564586,0.18722960995573598,0.34035805301261723
347.1590909090909,206.8181818181818,2.410285273077672,0.11687395010950578,0.059394085935057774,0.010764831520319384,0.1867206952828873,0.33919710414526216
357.95454545454544,206.8181818181818,2.4033663646286345,0.1168215315573923,0.060005429879634656,0.01097896436074531,0.1860155347896641,0.33842355721882145
368.75,206.8181818181818,2.394480813767003,0.11699073182587504,0.06065934823863484,0.011182928833937103,0.18496859691694054,0.33759736185794614
379.5454545454545,206.8181818181818,2.3808175779989607,0.11711705313285195,0.06122162257625559,0.0112985731730682,0.18343872098229572,0.3362322875684292
390.34090909090907,206.8181818181818,2.359719366435486,0.11693815906592649,0.061823166930922116,0.01134485446637731,0.18129982082486287,0.33385999814960815
401.1363636363636,206.8181818181818,2.3290346150447885,0.11624172899205194,0.06279254220843061,0.011412766000850616,0.1784497535348096,0.33010135237317145
411.9318181818182,206.8181818181818,2.287445774925823,0.11491432752071779,0.06443804214415877,0.011584612430024323,0.17481606022762247,0.3247359009686664
422.7272727272727,206.8181818181818,2.2346979816803496,0.11297562854814938,0.06683375393984788,0.011855719040125995,0.17035985483052718,0.3177504248750178
433.52272727272725,206.8181818181818,2.171649220285612,0.11058037472039628,0.06979789726570834,0.012136814897467001,0.1650799929396409,0.3093456604577135
444.3181818181818,206.8181818181818,2.1001258191396057,0.10798663207567738,0.07308998105399074,0.012333420718756222,0.15901666059291283,0.29989847256739005
455.1136363636363,206.8181818181818,2.022644698257388,0.10550743472231511,0.07666410030709515,0.012423510364640568,0.15225070561982318,0.28989810043848774
465.9090909090909,206.8181818181818,1.9420818807176605,0.10346317088887642,0.0808076861620181,0.012484966818668349,0.1448968059282689,0.279877207736105
476.70454545454544,206.8181818181818,1.8613417531067344,0.10214060749793086,0.08608999244621081,0.012674301013741038,0.13709275039372687,0.2703477059737656
487.5,206.8181818181818,1.7830620826914898,0.10175726208490919,0.09313848558757232,0.013170023247984134,0.12898933035687318,0.2617441648074674
12.5,217.61363636363635,2.5150127049666144,0.15095484205044926,0.0645898251652743,0.012163847271239864,0.1775019897163818,0.37444110399012326
23.295454545454547,217.61363636363635,2.5240513190607174,0.14386346287245663,0.05893020603657933,0.011350575421370523,0.18270185541466774,0.3703893954074969
34.09090909090909,217.61363636363635,2.5340466910728647,0.136813935242141,0.056437641968866144,0.011098521256839891,0.1879785533812828,0.36646911957251205
44.88636363636363,217.61363636363635,2.5455676628175143,0.1301364228355344,0.05527210089892255,0.010890864330264786,0.19319533116958953,0.36297426306644137
55.68181818181818,217.61363636363635,2.5591360594344104,0.12416930824243361,0.05411177485750712,0.010464293414448829,0.198205520075688,0.3601996187947975
66.47727272727272,217.61363636363635,2.5751525437039153,0.11922816293304939,0.0525523348938913,0.009829430908845088,0.20286318596059974,0.35841095432349074
77.27272727272727,217.61363636363635,2.593814487770572,0.11557403214634926,0.05096917141521016,0.009179100430780282,0.20703333975991822,0.3578138461337395
88.06818181818181,217.61363636363635,2.615040041335023,0.11338490145420371,0.05009049607685618,0.008771806373247745,0.2106009062361989,0.3585254230062119
98.86363636363636,217.61363636363635,2.6384146943692732,0.11273339750380508,0.0504126572923442,0.008780352982479452,0.21347836167625592,0.3605529116005915
109.6590909090909,217.61363636363635,2.663171676963584,0.11357610194701781,0.051783722488066994,0.009168963306762094,0.21561003345124002,0.3637839947252652
120.45454545454545,217.61363636363635,2.688210372860969,0.11575882117232734,0.05352210060949695,0.009730862314448958,0.21697091090429357,0.36799249723692445
131.25,217.61363636363635,2.712157880550646,0.11903442602255208,0.054904036376225984,0.01023858964021082,0.21756253737752718,0.37285755216830874
142.04545454545453,217.61363636363635,2.7334766413480205,0.12308552368717446,0.05555974841947021,0.010560549803916299,0.2174109181875161,0.377991086969188
152.8409090909091,217.61363636363635,2.750610584258871,0.12754850730164638,0.055587907344689956,0.010710699946572639,0.21656770522601296,0.3829703837603603
163.63636363636363,217.61363636363635,2.7621535274560958,0.13204063044432465,0.055418191368239104,0.010835080321474797,0.21511194301976488,0.38737514739688034
174.4318181818182,217.61363636363635,2.7670152042807348,0.13619167717967323,0.05549802453559716,0.011106856194903224,0.21314881567289903,0.390827569867855
185.22727272727272,217.61363636363635,2.764552149443884,0.13967764052991305,0.05597142604157678,0.011562015026045234,0.2108034531227323,0.39303007425101605
196.02272727272725,217.61363636363635,2.7546345125582365,0.1422501690654711,0.056596987858109196,0.012037932953468578,0.20821044609620318,0.39379324635961804
206.8181818181818,217.61363636363635,2.737641268816113,0.1437556773563199,0.056972333281549735,0.012295132945947616,0.20550191606658835,0.39304883662786316
217.61363636363635,217.61363636363635,2.7144008732569547,0.14414147816013853,0.05685691803587915,0.012190115394137141,0.20279753363521874,0.3908477786845199
228.4090909090909,217.61363636363635,2.68610317390964,0.14344987166551532,0.05636394957468386,0.011773217799162024,0.20019867431613705,0.3873466338300624
239.20454545454544,217.61363636363635,2.654199903912697,0.1418025374358361,0.05592459391695217,0.01128082864776417,0.19778715362968957,0.382785963505888
250.0,217.61363636363635,2.620299527767274,0.13937836935403336,0.05602767560260254,0.011006032820576305,0.1956272796266665,0.37746346478413384
260.7954545454545,217.61363636363635,2.5860593500552227,0.13638985097592382,0.056869894259865834,0.01108307393415778,0.19376848625404036,0.37170578248299624
271.59090909090907,217.61363636363635,2.553082520272209,0.13306447794537238,0.05819470689925915,0.011382866127911019,0.1922454718081812,0.3658444108809769
282.3863636363636,217.61363636363635,2.522824043122054,0.1296340567730018,0.05947091332909302,0.011649661923517926,0.19107458912966055,0.3601981228554269
293.1818181818182,217.61363636363635,2.496496407632917,0.12632756814367305,0.0602305349499243,0.011697394846053602,0.19024806509149472,0.35505787867969457
303.9772727272727,217.61363636363635,2.4749638970787773,0.12336087624037899,0.06031017667975312,0.011494473041811995,0.18972890000580972,0.35066829998009874
314.77272727272725,217.61363636363635,2.458625485104168,0.12091932294292251,0.05990055895733842,0.011148958013839506,0.1894488040233698,0.34720289813186545
325.5681818181818,217.61363636363635,2.4472981697004688,0.11913305530560431,0.05941683177674688,0.010839897360421466,0.18931052267071766,0.344734211463485
336.3636363636364,217.61363636363635,2.4401265734613427,0.11804997379126436,0.059249958336658394,0.010716273931775789,0.18919438012527673,0.3432050561837517
347.1590909090909,217.61363636363635,2.435558626121695,0.11761774832269282,0.05954073081543538,0.01080916335774215,0.18896643778960415,0.3424132226883734
357.95454545454544,217.61363636363635,2.431422404534731,0.11768607208478535,0.06014917916452972,0.011028951966441275,0.18848532669385362,0.3420212483238968
368.75,217.61363636363635,2.425107352418671,0.11802808933532426,0.06083843126565304,0.011248684186845765,0.1876087324117363,0.34159085751211904
379.5454545454545,217.61363636363635,2.413826169935732,0.11837243774006602,0.0615093636634895,0.011395534149140301,0.1862021237529704,0.34063349360039313
390.34090909090907,217.61363636363635,2.3949315388692987,0.11844274906595846,0.06231608262304441,0.011492084462908007,0.1841488613970329,0.33867196099658936
401.1363636363636,217.61363636363635,2.366263599399222,0.11800665598104537,0.06359193015015552,0.01163071743512678,0.18135789912226377,0.33531206178202344
411.9318181818182,217.61363636363635,2.3264862423043517,0.11693132674382654,0.06562713249952046,0.011891171109472288,0.17776639347867343,0.3303176572008835
422.7272727272727,217.61363636363635,2.275329516987621,0.11522664116482166,0.06846027270923281,0.01226199910600261,0.17333970540026,0.3236669976122867
433.52272727272725,217.61363636363635,2.213640196117355,0.11304839885196674,0.07187173123429226,0.012646293720437992,0.16807486535402302,0.31556037318907776
444.3181818181818,217.61363636363635,2.14322046646025,0.11065788765640952,0.07559060707434527,0.012943889500041971,0.16200756428654994,0.3063743569408279
455.1136363636363,217.61363636363635,2.0665357085912874,0.10836446102477451,0.07954390232497602,0.013127922921963778,0.15521536342749315,0.2965900996273311
465.9090909090909,217.61363636363635,1.986384441176939,0.10647486906848815,0.08398764606088657,0.013269782191947858,0.1478128407256265,0.28672237235729664
476.70454545454544,217.61363636363635,1.9055854211174077,0.10525512680503382,0.0894583465533402,0.013517154641272698,0.1399410713388713,0.27725929952015815
487.5,217.61363636363635,1.8267130402697433,0.10490245412161778,0.0965659251731738,0.014040224167205762,0.13175623029372213,0.26861435368501296
12.5,228.4090909090909,2.4836834976940776,0.1451030496899008,0.0639374077781601,0.011429830561543819,0.17766412356529612,0.3669688566642018
23.295454545454547,228.4090909090909,2.4942441679041782,0.13870840839326737,0.05826021728611342,0.01068347525476452,0.18260964039865518,0.36357177927566503
34.09090909090909,228.4090909090909,2.5062249326222537,0.13252924232973712,0.05577081567123021,0.010525651054495724,0.18757755347776417,0.3604782120142142
44.88636363636363,228.4090909090909,2.5200657936132047,0.126797353375493,0.054580835012297046,0.010406899969170958,0.1924761761076743,0.3578988821754846
55.68181818181818,228.4090909090909,2.536120878131104,0.12175702111339767,0.05333407306803915,0.010042279649621223,0.19719722408341425,0.35604419824452177
66.47727272727272,228.4090909090909,2.5546017860532206,0.11764966638130477,0.051623928971101796,0.009432357078241364,0.20161895019043635,0.35510737611315013
77.27272727272727,228.4090909090909,2.5755127361923655,0.11468676920539078,0.049864733511073914,0.008776340969527063,0.20561542484517542,0.3552383878414754
88.06818181818181,228.4090909090909,2.5985985682462367,0.11302041629422985,0.04886605001515396,0.008363577443788664,0.20906860171214814,0.3565176028670529
98.86363636363636,228.4090909090909,2.62332541157289,0.1127178140291157,0.04920013582053911,0.008402327954371047,0.21188149080489774,0.35893571017434056
109.6590909090909,228.4090909090909,2.6488914729524655,0.11374634551139216,0.050711947246364436,0.008853468697909829,0.213988236573481,0.362384301466862
120.45454545454545,228.4090909090909,2.6742454738258283,0.11597498703534799,0.05265120807467989,0.009475208653316431,0.21535523398999923,0.3666588352154368
131.25,228.4090909090909,2.6981239177095677,0.11918909909235331,0.05423064172404321,0.010013765005831293,0.2159762565125607,0.3714730613019597
142.04545454545453,228.4090909090909,2.719135084156287,0.12311069966531578,0.05504964832149866,0.010331221010090078,0.21586928170111275,0.37648229563547253
152.8409090909091,228.4090909090909,2.7358872642244365,0.12742033515743803,0.055201003083505125,0.01045061321700209,0.21507707140197738,0.3813125336469226
163.63636363636363,228.4090909090909,2.7471384200791933,0.13177981411765147,0.0551223309554389,0.010540416438249146,0.21366951683078977,0.3855924543064568
174.4318181818182,228.4090909090909,2.751938523712543,0.13585509759897524,0.05526797731808699,0.010799841388708008,0.21174511077949604,0.38898475561164575
185.22727272727272,228.4090909090909,2.7497386434091657,0.13933923551614646,0.05576627098109279,0.011266894969494727,0.20942885278798926,0.39121398305204014
196.02272727272725,228.4090909090909,2.740454244401379,0.14197759552763708,0.0563403509622526,0.011749572674166344,0.20686391063780996,0.39209110527515584
206.8181818181818,228.4090909090909,2.7244785047407354,0.14359355958668443,0.05656337250704191,0.0119760751394151,0.2041976817249569,0.3915330997631833
217.61363636363635,228.4090909090909,2.702645658697804,0.14410620417413889,0.05619995632660639,0.011787440576280277,0.20156732558056034,0.3895715513868527
228.4090909090909,228.4090909090909,2.6761557063543036,0.14353407879185648,0.05540349333222693,0.01124240753230346,0.19908949156452702,0.38634730960734687
239.20454545454544,228.4090909090909,2.646473850852936,0.14198431951431797,0.0546838502351577,0.010621062507687226,0.19685612008069314,0.38209208698372676
250.0,228.4090909090909,2.6152113175299516,0.1396295244482095,0.05462852682418781,0.010291253015141891,0.19493557535988762,0.3770994231555355
260.7954545454545,228.4090909090909,2.583995255616338,0.13667902127078624,0.05549093117594976,0.010428933881086195,0.19337596737939608,0.3716905217404591
271.59090909090907,228.4090909090909,2.554352575958369,0.13335662046199376,0.05698338663827802,0.010861053054455184,0.19220608141119558,0.3661861562440876
282.3863636363636,228.4090909090909,2.5276267994390573,0.12989198340982858,0.058493876791816016,0.011260491925968308,0.191431685272663,0.3608917159448956
293.1818181818182,228.4090909090909,2.5049053336329834,0.12651731221114731,0.05948332598484225,0.01140223511360714,0.191029766414121,0.35608712442076745
303.9772727272727,228.4090909090909,2.486932300627967,0.1234587166985804,0.0597487929732077,0.011247839521436416,0.19094441184001643,0.3520114566974811
314.77272727272725,228.4090909090909,2.47400623881117,0.12091849636143076,0.0594734633246828,0.010916703134260769,0.19108650711623298,0.34883952284774744
325.5681818181818,228.4090909090909,2.4658752463720353,0.11904836616599244,0.059093882737137705,0.010610191738394507,0.19133857490846906,0.3466517763268851
336.3636363636364,228.4090909090909,2.4616520223864407,0.1179170219090783,0.05903698102029328,0.010500079743123716,0.1915651141714485,0.3454023381858347
347.1590909090909,228.4090909090909,2.459787161630076,0.11748599856410974,0.05946846559456724,0.01062474078148574,0.19162418435305584,0.34489908552548215
357.95454545454544,228.4090909090909,2.458141392744225,0.11761295232017446,0.06025692028569886,0.01088738871116441,0.1913731334899741,0.3448136614149676
368.75,228.4090909090909,2.4541575534243445,0.11807750595938592,0.061171516676247165,0.011154235926263094,0.19067145918372996,0.3447180543338369
379.5454545454545,228.4090909090909,2.4451041157224878,0.11861248822325828,0.062121524028084046,0.011352239197505056,0.1893880623492264,0.34413260750721697
390.34090909090907,228.4090909090909,2.42836998478133,0.11893829349308589,0.0632665331409245,0.011509313108545647,0.18741209410674095,0.3425816922169523
401.1363636363636,228.4090909090909,2.4017969634921807,0.11880784417515242,0.06493575147566148,0.011726520790315996,0.1846614759491739,0.3396608869174395
411.9318181818182,228.4090909090909,2.364023435339138,0.11806659200111393,0.06739959637421687,0.012089487825423571,0.18108362690543492,0.33511598345778565
422.7272727272727,228.4090909090909,2.3147571447798327,0.11670945268324441,0.07065897139687811,0.012580989537989624,0.1766504760698835,0.3289122778551472
433.52272727272725,228.4090909090909,2.254831282174002,0.11488773192124868,0.07445285065974307,0.013089657184681566,0.17136029365759253,0.32124543717573273
444.3181818181818,228.4090909090909,2.186009993412925,0.11285623299506617,0.0784835850872873,0.01350335922615439,0.1652485964666173,0.31248340036175465
455.1136363636363,228.4090909090909,2.110677411968095,0.11090766282475326,0.08266450826907482,0.01378813237472154,0.15839424517531173,0.30308690018519896
465.9090909090909,228.4090909090909,2.0315189100580997,0.1093237822650262,0.08724132733892731,0.014010152460109277,0.1509147071897075,0.2935409956603631
476.70454545454544,228.4090909090909,1.9512356579320544,0.10834358280690753,0.09274421959897922,0.014313222551795485,0.14295469014838508,0.284302188151167
487.5,228.4090909090909,1.8723131606934253,0.10814257222808522,0.09979112435971574,0.014866694061196856,0.13467388247068118,0.2757591375085128
12.5,239.20454545454544,2.4532021798773336,0.1398374856254364,0.06324599812865728,0.010668125757301519,0.17756618625224746,0.3600013449213333
23.295454545454547,239.20454545454544,2.4649332803446042,0.13404948654500504,0.05753703954911087,0.009985604171175345,0.1822737656958275,0.3571577693517046
34.09090909090909,239.20454545454544,2.4784497868198674,0.12861425136956858,0.055050744966642126,0.00992780325833409,0.18696058454483222,0.3547536569872395
44.88636363636363,239.20454545454544,2.4940811059454875,0.123683738229209,0.05384020952667622,0.00989872930062985,0.1915708977122884,0.35293151076758345
55.68181818181818,239.20454545454544,2.5120436950380167,0.11942651933574627,0.05250842511914776,0.009589056029313918,0.19602700875167153,0.35183355738107824
66.47727272727272,239.20454545454544,2.532398173974197,0.11602277341291539,0.050642509226263316,0.008990137170345585,0.2002276970991415,0.3515936415177131
77.27272727272727,239.20454545454544,2.554998447461248,0.11364158846685786,0.048693944655408494,0.00830936503386975,0.20405636604809674,0.35231576252273544
88.06818181818181,239.20454545454544,2.5794570011869427,0.11241218528605103,0.04755979762159579,0.007875062691345544,0.20739454527755297,0.35405003444968525
98.86363636363636,239.20454545454544,2.605151445242199,0.11239597011753842,0.04789911001817413,0.007943957533155112,0.21013928845066276,0.35677362294579834
109.6590909090909,239.20454545454544,2.631265828684886,0.11356693272876446,0.049541874035773745,0.008467456936918633,0.2122192849071079,0.3603812838108184
120.45454545454545,239.20454545454544,2.6568063728425693,0.11581114953827608,0.051647527060548995,0.009152404242910096,0.21359683132427285,0.36468668643120306
131.25,239.20454545454544,2.680614039618782,0.11894139174853952,0.05335932390609796,0.00971262000429305,0.21426043985919807,0.36943408002381817
142.04545454545453,239.20454545454544,2.7014307295507054,0.1227157604542229,0.05425184782062185,0.010003760557521639,0.21422074844005587,0.3743185157127776
152.8409090909091,239.20454545454544,2.718012320500365,0.12685667607220844,0.05442575005394432,0.01006013748757942,0.21351120528386036,0.37901130508869013
163.63636363636363,239.20454545454544,2.7292614343509536,0.1310687165315609,0.054349444354396315,0.010081044415789588,0.2121915413390608,0.3831867647588907
174.4318181818182,239.20454545454544,2.7343505142392908,0.13505355077352527,0.05451299904561198,0.010309272646226554,0.2103519471480298,0.38654587579308103
185.22727272727272,239.20454545454544,2.732812179314808,0.13852290224697597,0.05504083098716559,0.010793355042329277,0.20811494381352025,0.388835067160278
196.02272727272725,239.20454545454544,2.7245979342829267,0.14121923272580603,0.05560531306366094,0.01130080557950972,0.20562927188184138,0.3898670891897681
206.8181818181818,239.20454545454544,2.7101051709230313,0.1429466014140457,0.055734605514948944,0.011516022133471618,0.20305432439036886,0.3895457061077925
217.61363636363635,239.20454545454544,2.690156204987238,0.14359706815244624,0.055182413396556114,0.011257509204789061,0.20054213711306082,0.38788213250583986
228.4090909090909,239.20454545454544,2.665933233134954,0.14316276282407409,0.05413203313422795,0.010586753522609477,0.19822325245738867,0.38499664325814414
239.20454545454544,239.20454545454544,2.6388805773127793,0.141730711412024,0.0531701905388148,0.00982829788384855,0.1961994057405033,0.38110450975527177
250.0,239.20454545454544,2.6105800276514572,0.13946129283444908,0.05299310044800055,0.00944459026430994,0.19454313003623147,0.3764874990489746
260.7954545454545,239.20454545454544,2.582604325854954,0.13655609271780828,0.05391863383357367,0.009669870959029664,0.19330137047903784,0.3714555494588703
271.59090909090907,239.20454545454544,2.5563876123894773,0.13323187056603977,0.05561331510451801,0.010264127006729427,0.19249725097180953,0.36631457425807207
282.3863636363636,239.20454545454544,2.533157718657351,0.12971473579642306,0.0573705174196633,0.01080887451484304,0.19212634735634532,0.36135513676783354
293.1818181818182,239.20454545454544,2.513883863096951,0.12623988659539948,0.05858130180199028,0.011041174735844431,0.19215127596589796,0.35684669821546566
303.9772727272727,239.20454545454544,2.499203635035679,0.1230432755415082,0.05901441681006456,0.010922474407579295,0.19249890195109765,0.3530239528427158
314.77272727272725,239.20454545454544,2.489333528481397,0.1203433742789444,0.058862851349155726,0.010589978728161297,0.19306171329667218,0.35006441170158986
325.5681818181818,239.20454545454544,2.4839755761059195,0.1183135995813946,0.05860696810529039,0.010275246915631494,0.19370436039525843,0.348058968644995
336.3636363636364,239.20454545454544,2.4822365012415712,0.11704558914816961,0.05873021419404811,0.010181102565930173,0.1942769962268104,0.3469773292759825
347.1590909090909,239.20454545454544,2.4825938285693536,0.11651655040212791,0.05942185293418301,0.010351172380837454,0.1946311810795466,0.3466413181691408
357.95454545454544,239.20454545454544,2.4829661411475468,0.11659604775659944,0.0605384949632778,0.010672842146106034,0.19462330506860276,0.3467371562117779
368.75,239.20454545454544,2.4808810324919404,0.1170795808392733,0.061831744093589915,0.011000587177678243,0.19411239978804878,0.3468570791691947
379.5454545454545,239.20454545454544,2.4736997383889094,0.11771800635677082,0.06319540909981566,0.01125918821596305,0.19296646705958836,0.34654405086591134
390.34090909090907,239.20454545454544,2.458885558336165,0.1182444947264271,0.06477027699669911,0.011480129991758134,0.19107494208391043,0.3453393945708742
401.1363636363636,239.20454545454544,2.4343111463081164,0.11841066628261865,0.0668614732281669,0.01177197748966935,0.18835980841414152,0.3428410520861334
411.9318181818182,239.20454545454544,2.3985970785036788,0.11804435700064721,0.06971347645180453,0.012228362170700922,0.1847771166026148,0.3387804648685249
422.7272727272727,239.20454545454544,2.351425075852059,0.11712253551103559,0.07329600740675346,0.01282923464322117,0.18030675068375973,0.33310746970494554
433.52272727272725,239.20454545454544,2.293606563030495,0.11578508235032786,0.07731978168151579,0.013450272928289741,0.17495149159764337,0.32600733885933725
444.3181818181818,239.20454545454544,2.226840000130065,0.1142658090229469,0.0814796777157671,0.01396939566363269,0.16875240870245273,0.31782617748710024
455.1136363636363,239.20454545454544,2.153390714670876,0.11282439421161376,0.08569544637842763,0.014346528964230146,0.161795453732304,0.3089887200276698
465.9090909090909,239.20454545454544,2.075796248475825,0.11170504829444768,0.09022212205494058,0.014642790102980377,0.15420479808448448,0.2999377402822705
476.70454545454544,239.20454545454544,1.9966129421074934,0.11111267223301168,0.09560329641852562,0.014999125276097397,0.14613010516541228,0.2910902201039231
487.5,239.20454545454544,1.9182152848308456,0.11119823714439232,0.10248220308087908,0.015586851414891306,0.13773390917749653,0.282805654042092
12.5,250.0,2.4243282707118516,0.13540924011736483,0.06305412432060956,0.010261650174642863,0.1771389756415111,0.35379694468023826
23.295454545454547,250.0,2.436823339505949,0.13010952667708028,0.05733345368028542,0.009613377117978121,0.18163608060653655,0.3513799231644088
34.09090909090909,250.0,2.451350321024013,0.12525662069147017,0.05483159677238724,0.009597524491760458,0.18608246483977461,0.3494950960666424
44.88636363636363,250.0,2.468158157422993,0.12094746524144416,0.05358747856948087,0.009610664592996794,0.1904466947102044,0.34823750390030456
55.68181818181818,250.0,2.48736675122367,0.11729663239902538,0.05219509517409581,0.00933644505107144,0.1946730659879691,0.34770091576198675
66.47727272727272,250.0,2.508934644093052,0.11443786784638961,0.05024002442513558,0.008758291356387156,0.19867724035113057,0.3479754809833288
77.27272727272727,250.0,2.5326197830895736,0.11250587908026816,0.0481856925502773,0.008080896028655762,0.2023529523497961,0.34913067657312274
88.06818181818181,250.0,2.557956567989576,0.11160951229747654,0.04696304102252941,0.00764562548230548,0.20558559546560037,0.35119389923265315
98.86363636363636,250.0,2.5842753742091107,0.11180331670261195,0.047271753768912364,0.00773239242891245,0.20827129316193727,0.3541324385561368
109.6590909090909,250.0,2.61076349786392,0.11306508107970525,0.04893232244020285,0.00828597028879239,0.21033681015273148,0.3578440820008534
120.45454545454545,250.0,2.6364779846454534,0.11529446279251254,0.051061283876525386,0.008987708112983106,0.2117417372738645,0.3621575111212241
131.25,250.0,2.660343802293557,0.11832754455212047,0.05277418785804143,0.009539023849921547,0.21246959795153494,0.3668423991266923
142.04545454545453,250.0,2.6812101718257892,0.12195386655697882,0.05363902155318048,0.00979538441659824,0.2125236661362333,0.37162744933228875
152.8409090909091,250.0,2.697951335745349,0.12593253145218733,0.053765276647250726,0.009798449732467325,0.21192806842008244,0.37622250817151043
163.63636363636363,250.0,2.7095849591899848,0.1300053935850107,0.0536420574967263,0.009764420151300858,0.21073250549774789,0.3803404936594298
174.4318181818182,250.0,2.7153806339504256,0.13390561685638097,0.05378433496124177,0.009962668354968144,0.20901868781166189,0.3837149958052893
185.22727272727272,250.0,2.7149364357715764,0.13736307953140384,0.054316134921331624,0.010450576060829084,0.20690525484930228,0.38611224714827946
196.02272727272725,250.0,2.7082322588899173,0.14012078826494506,0.054875843811608836,0.010972473495669514,0.20454364347327053,0.38734840519806757
206.8181818181818,250.0,2.695663650928787,0.14196813243507178,0.054961495884347386,0.011189228060647831,0.20210181698180837,0.38731666585373997
217.61363636363635,250.0,2.6780285626152476,0.1427723667359285,0.05431567235902637,0.01090567888051912,0.1997440409498046,0.38600811215026776
228.4090909090909,250.0,2.656469017442621,0.14249718656126603,0.05313424055524846,0.010180409385499085,0.19761357374733712,0.3835186386441429
239.20454545454544,250.0,2.6323773458303905,0.14120363826573154,0.052044903875551364,0.009356770135171512,0.19582214164115336,0.3800396140624045
250.0,250.0,2.6072725222799655,0.139032609835737,0.05180735143941298,0.008950096416100797,0.19444723889003207,0.3758323383296776
260.7954545454545,250.0,2.582649054385185,0.13617314957210316,0.05278166168053872,0.009232205079011508,0.19353497517279925,0.37118955783026164
271.59090909090907,250.0,2.5598401721211745,0.13283436201527427,0.054606053524179826,0.009918118890572153,0.19310230748435178,0.3664010320901041
282.3863636363636,250.0,2.539963780010501,0.12924101311159095,0.05652034237239315,0.010537694502174313,0.19313391331217283,0.36174467335345356
293.1818181818182,250.0,2.5238827206250294,0.12563316049378273,0.05787948632492595,0.010811977322127088,0.1935781818135872,0.35748205541565126
303.9772727272727,250.0,2.5121418637907684,0.12225623611832079,0.05844205818647349,0.01070618386561916,0.19434644378767943,0.35384470517857225
314.77272727272725,250.0,2.5048895441092687,0.11934148513231589,0.058414982968300555,0.010369089273087748,0.19531629863368802,0.3510119097106514
325.5681818181818,250.0,2.5017947447678,0.11707804255948262,0.05831369773462105,0.010049007314859974,0.1963394856896451,0.34908215819605043
336.3636363636364,250.0,2.501972946105,0.11557581128761946,0.05866495908869418,0.009966375508123727,0.1972561749572254,0.34803900243914204
347.1590909090909,250.0,2.5039482977277627,0.11482822816061163,0.05967444230360624,0.010166592648577954,0.19791319116613956,0.3477207047271572
357.95454545454544,250.0,2.5057233166965673,0.114723382041453,0.06118695157903022,0.010528944111889068,0.19816478875980054,0.3478355176932987
368.75,250.0,2.504941840855906,0.11508287193940715,0.06293230451665313,0.010904437427498534,0.19786677622878004,0.34800650384514115
379.5454545454545,250.0,2.4990956980017245,0.11568887907760321,0.06477344020693349,0.011217650327319122,0.19688233703867333,0.3478126753265358
390.34090909090907,250.0,2.485768607050004,0.11630490532370269,0.06680751582911068,0.011498370222431938,0.19509559865726425,0.3468296187722765
401.1363636363636,250.0,2.462916167960234,0.11670244911854313,0.06928773925864459,0.0118514368350573,0.19242549486243166,0.34467815963817455
411.9318181818182,250.0,2.429182589722726,0.11670917683633661,0.07241633586281282,0.012369362084667079,0.18883069315853612,0.341092135067661
422.7272727272727,250.0,2.384228688873307,0.11628617654592639,0.07614230664827183,0.013033439272050201,0.18429834249327126,0.33600792861957146
433.52272727272725,250.0,2.3288108158735508,0.11554756216788285,0.0801787490377784,0.013720363444016316,0.17884075932412122,0.329586732363051
444.3181818181818,250.0,2.2645108059151258,0.11468485087983783,0.08424371887356141,0.014308981223827533,0.17251187356366857,0.3221323338688977
455.1136363636363,250.0,2.193431072394036,0.11390675522229082,0.08828464794221633,0.014756139966745489,0.16541075243223266,0.3140160914764536
465.9090909090909,250.0,2.117929862958448,0.11340777665713571,0.09258159187958177,0.015116499726477535,0.1576721879261845,0.30562654820530966
476.70454545454544,250.0,2.040398289476905,0.1133516945172471,0.09770446942185522,0.015525261477946622,0.14945282956586517,0.29733402381198193
487.5,250.0,1.9630852068377278,0.11386128468592874,0.10433035547303145,0.016152567001798294,0.1409186875939641,0.2894647047440671
12.5,260.7954545454545,2.3977319050352923,0.13194271596975196,0.0636270226136462,0.010374921670808678,0.17637948239268936,0.3485149453231907
23.295454545454547,260.7954545454545,2.4105730244261805,0.12700294923808433,0.05792720659993317,0.009719508708731249,0.18069832174453254,0.3463892528426042
34.09090909090909,260.7954545454545,2.4255658796356947,0.12256092510623628,0.055376629468600794,0.009659387651723864,0.18494875656387835,0.34484452212617756
44.88636363636363,260.7954545454545,2.4429153489043327,0.1186845595939767,0.054072728440616266,0.00964780277084557,0.18911200914603216,0.3439505802505971
55.68181818181818,260.7954545454545,2.4626895975679095,0.11545493753178106,0.05264908613805876,0.009386067688741949,0.19314687976969516,0.3437720126053824
66.47727272727272,260.7954545454545,2.4847973467873956,0.11297373608743307,0.05070000660895887,0.008852211843257655,0.19698289082375012,0.3443709919210231
77.27272727272727,260.7954545454545,2.5089583910213733,0.11134964104640524,0.04866892736539869,0.00823456318597559,0.2005252660451666,0.34579453587785847
88.06818181818181,260.7954545454545,2.5346886421918957,0.1106739260473648,0.04743979408070982,0.00784486086281243,0.20366793218073317,0.34805564888399293
98.86363636363636,260.7954545454545,2.561322369068536,0.11099299103672701,0.04766376418050708,0.007929116237287356,0.206312297050125,0.3511162731826766
109.6590909090909,260.7954545454545,2.588062944851221,0.1122872263375658,0.04917283471397684,0.008437702323661941,0.20838528204001638,0.35487774693084057
120.45454545454545,260.7954545454545,2.6140001631500875,0.11446851760536907,0.051132898984058144,0.009083103691012003,0.20984265632608684,0.35918088332973314
131.25,260.7954545454545,2.6381157594565967,0.11739287572489653,0.05269356774256733,0.009585897714997252,0.21066207708930723,0.3638154880914005
142.04545454545453,260.7954545454545,2.6593343282180655,0.12087623790283518,0.05343732901725055,0.009809341634028327,0.2108390668019095,0.36853695118888846
152.8409090909091,260.7954545454545,2.676614372316613,0.12470817920450745,0.053476941186480706,0.009796600319328438,0.21038851112046283,0.3730856331314201
163.63636363636363,260.7954545454545,2.689054991114184,0.12866097340985533,0.05329602739041933,0.009756801877498673,0.20935060063806094,0.37720462771502083
174.4318181818182,260.7954545454545,2.695993123367685,0.1324929862474044,0.05339479459717642,0.009942690594190062,0.20779915416919223,0.38065251219745944
185.22727272727272,260.7954545454545,2.697074026480351,0.13595030217967688,0.05389101012358218,0.0104078776773207,0.20584814878261568,0.3832119996723089
196.02272727272725,260.7954545454545,2.6923006961821216,0.13878024495204389,0.05443302791811088,0.010916176860042991,0.20364890053022974,0.3847047590128233
206.8181818181818,260.7954545454545,2.682062703346617,0.1407620952924314,0.05452208033617355,0.01114316121802343,0.20137477735622403,0.38501620278955234
217.61363636363635,260.7954545454545,2.667124176741152,0.14174048978762932,0.053896974422924966,0.010897235390486048,0.1991999610340819,0.384117822139677
228.4090909090909,260.7954545454545,2.6485690558020294,0.14164896120492482,0.05274697836703788,0.0102321412977437,0.19727955208609657,0.3820780029245964
239.20454545454544,260.7954545454545,2.627711042914404,0.1405169508857325,0.051689362943453894,0.009474330199252467,0.1957357940791533,0.3790573985536527
250.0,260.7954545454545,2.605973555980071,0.13845800441510112,0.05146654365352879,0.00910207340168442,0.19465234930532002,0.37528780546714935
260.7954545454545,260.7954545454545,2.584746971500041,0.1356431619674677,0.05242844460023326,0.009360011244155564,0.1940750046791418,0.3710381534745616
271.59090909090907,260.7954545454545,2.565265118883108,0.13227603619558878,0.05423508594888377,0.009993073478498937,0.19401341837632033,0.36658373844127445
282.3863636363636,260.7954545454545,2.5485481296979433,0.1285846465973648,0.056149637643165745,0.01056421598258051,0.19443991611709874,0.3621943655015312
293.1818181818182,260.7954545454545,2.535365510710454,0.12481689038150703,0.0575394699853548,0.01080556959587179,0.19528826703615645,0.3581272161168463
303.9772727272727,260.7954545454545,2.5261819445146116,0.12122757624706645,0.05817225061117492,0.010683810374192656,0.19645566291637,0.3546119112841492
314.77272727272725,260.7954545454545,2.5210879794967886,0.11805661629816075,0.05826550526203305,0.010345512224285392,0.1978083727858023,0.35182771480958824
325.5681818181818,260.7954545454545,2.5197257209331427,0.1155001144054222,0.058343544001979566,0.010031046624009249,0.19919111043147283,0.34987518204222484
336.3636363636364,260.7954545454545,2.5212229145710556,0.11367535834732788,0.05893559178460725,0.00994816203100904,0.20044093830276222,0.348744391730186
347.1590909090909,260.7954545454545,2.5241662795666455,0.11259273785093402,0.06025594613031016,0.01014247641914909,0.2014012104664911,0.3482922526141021
357.95454545454544,260.7954545454545,2.5266679225720803,0.11216745286461959,0.0621543342414775,0.010505047273637439,0.20192164531146178,0.348257851010099
368.75,260.7954545454545,2.5265159902590217,0.11225540193298174,0.0643442251779865,0.010896350958054178,0.2018529152172463,0.348303861267297
379.5454545454545,260.7954545454545,2.521367748759044,0.11268012985816471,0.06664914238838184,0.011243445551354559,0.20105109526343368,0.3480561510078584
390.34090909090907,260.7954545454545,2.508973786212163,0.11325040575499935,0.0691051403990524,0.011568998574240298,0.1993910240444355,0.3471400746716263
401.1363636363636,260.7954545454545,2.4874336458956368,0.11377957820574654,0.07189211557660434,0.011961954325701336,0.196781948142694,0.3452213691636571
411.9318181818182,260.7954545454545,2.4554854892524314,0.11412263372658837,0.07515131577909732,0.012500029407026367,0.19317620957737922,0.34206318861969237
422.7272727272727,260.7954545454545,2.412786911816587,0.11423345498299742,0.07881885947328571,0.013168405170450911,0.18856492032312264,0.33759647929267395
433.52272727272725,260.7954545454545,2.3599784301673217,0.11417909539212989,0.0826452472121167,0.013863327195626341,0.18297618981828162,0.33193683003138685
444.3181818181818,260.7954545454545,2.2984652877271894,0.11408734954751323,0.08639852668243707,0.01447631053746845,0.17648323068110167,0.3253241771822883
455.1136363636363,260.7954545454545,2.230144799014386,0.11410050742248361,0.09007039132571981,0.01496419972176127,0.1692029718762746,0.31806108443988884
465.9090909090909,260.7954545454545,2.1571699952365657,0.11435320414785623,0.09397915570182226,0.015374213838989978,0.16128413667988817,0.3104719231287437
476.70454545454544,260.7954545454545,2.081752965193149,0.11496188434749419,0.09873316835151134,0.01583316508282771,0.15289260526334633,0.3028744897203506
487.5,260.7954545454545,2.0060097411578885,0.1160172983622666,0.10505023770857971,0.01650539124567026,0.14419938771510424,0.29555818925829186
12.5,271.59090909090907,2.3739359202982073,0.12942773816513364,0.06473081275234169,0.010805044339558199,0.1753494406050775,0.3442038063906849
23.295454545454547,271.59090909090907,2.3867441327553296,0.12473084706347722,0.0590766088241764,0.010122431670017275,0.179519636767103,0.3422463317815317
34.09090909090909,271.59090909090907,2.401704015467264,0.12054599190880587,0.056458471505837,0.009975297819040758,0.18361287983554989,0.34087991780069066
44.88636363636363,271.59090909090907,2.419008222017659,0.1169302935391293,0.05507356236066165,0.009900530495545403,0.1876155419566728,0.34016545773657664
55.68181818181818,271.59090909090907,2.43871628086363,0.11394847723493062,0.053626939735709866,0.009633066655733418,0.1914952803811935,0.3401550509103764
66.47727272727272,271.59090909090907,2.460738248777709,0.11168352591659274,0.05172884060701158,0.00914905267967005,0.19519293119007752,0.34089779480506194
77.27272727272727,271.59090909090907,2.4848118984388825,0.11022714554644603,0.04978212015624017,0.008612196426352884,0.19862577881478988,0.3424306155326808
88.06818181818181,271.59090909090907,2.510489397320184,0.1096577936799392,0.04857716486703884,0.008282380433117685,0.20169926801738303,0.34476131536345317
98.86363636363636,271.59090909090907,2.537149064470012,0.11001521122219145,0.04867673581141475,0.008350681581703982,0.2043234749494002,0.3478518173360331
109.6590909090909,271.59090909090907,2.5640251509787704,0.11128182484468896,0.049930560271373284,0.00877592309886926,0.20642739089980774,0.35160818617601636
120.45454545454545,271.59090909090907,2.5902294708474938,0.11337973064478064,0.051598261533095824,0.009324786510516408,0.207963027338874,0.3558807981535137
131.25,271.59090909090907,2.6147747843470657,0.11618123749083782,0.052902449634734366,0.009756002248374218,0.208901604354181,0.36047428460663744
142.04545454545453,271.59090909090907,2.6366291355363356,0.1195236304243676,0.053456479118610824,0.009947370713038124,0.20923051214178048,0.36516375410224877
152.8409090909091,271.59090909090907,2.6548014005185934,0.12322109067675345,0.05337536715030208,0.009940327924268522,0.20895529391694778,0.3697123264711877
163.63636363636363,271.59090909090907,2.6684395463415926,0.1270703677686,0.05312354250746082,0.009922463732272232,0.2081067155154043,0.373885602359082
174.4318181818182,271.59090909090907,2.676920904657592,0.13085040960027391,0.0531703206262181,0.010109674627237832,0.2067505956560024,0.37746101089675377
185.22727272727272,271.59090909090907,2.679920601866084,0.13432196933371637,0.053627238956909684,0.010546896569579332,0.20499532493272232,0.38023481582130253
196.02272727272725,271.59090909090907,2.6774563067241077,0.13723836717264992,0.054170247160946074,0.011035091685014368,0.20299019784014993,0.38203448756438113
206.8181818181818,271.59090909090907,2.6699065303620775,0.13937171376520535,0.05432151746908561,0.011286826137320722,0.20091168984306607,0.3827391919682374
217.61363636363635,271.59090909090907,2.65799321139163,0.14054552083364572,0.05381834680202668,0.011125034460028469,0.19894211580916446,0.3823009932863741
228.4090909090909,271.59090909090907,2.6427271762099114,0.14066167112488748,0.05282645319025653,0.010594903630760617,0.1972477075021417,0.38075811728642467
239.20454545454544,271.59090909090907,2.625321815234075,0.13971348849888485,0.05191283503981635,0.009979224217710405,0.1959616142483756,0.3782350034508855
250.0,271.59090909090907,2.607081200026113,0.13778154898981412,0.05174904953547408,0.00966862865149585,0.19517449680335408,0.3749274338588591
260.7954545454545,271.59090909090907,2.589275633176091,0.13501572096984318,0.05264831730334113,0.009854265056416024,0.19493201286475806,0.3710765878890238
271.59090909090907,271.59090909090907,2.5730364921899804,0.1316150265812343,0.05431731717789008,0.010343965807165382,0.19523565833331977,0.3669436102475796
282.3863636363636,271.59090909090907,2.5592940467973277,0.12781419160353746,0.05609398526749026,0.010782244909565322,0.1960441859411304,0.3627934822479198
293.1818181818182,271.59090909090907,2.5487357707224487,0.12387162400239068,0.057396463037330446,0.0109337852514428,0.19727635165160357,0.35888208475241967
303.9772727272727,271.59090909090907,2.5417569982145705,0.12005146335117875,0.058018870104942256,0.010767785982679634,0.19881638939062438,0.355438254171525
314.77272727272725,271.59090909090907,2.538398984375057,0.11659882663958393,0.05818960999283276,0.010420150155066022,0.20052221075199436,0.35263968728900386
325.5681818181818,271.59090909090907,2.538282366138695,0.11371048842188945,0.05842709583770938,0.010108704769581287,0.20223584352360877,0.3505851284439119
336.3636363636364,271.59090909090907,2.5405526529846902,0.11150564909178391,0.059242926449547706,0.010015074264053044,0.20379509805832732,0.34926789952908477
347.1590909090909,271.59090909090907,2.543868782615589,0.11000998819477384,0.06084765948706713,0.010181374407586206,0.20504187868386883,0.34856340699034716
357.95454545454544,271.59090909090907,2.54646841631266,0.10916822902995346,0.06309392633898664,0.010516100144198603,0.20582162558867412,0.34824497577711544
368.75,271.59090909090907,2.5463062704927295,0.10887500042354586,0.0656771847860689,0.010894872472497425,0.20597959683556732,0.34802039432651827
379.5454545454545,271.59090909090907,2.5412361524828,0.10900189865426499,0.06837660712704681,0.011248719206473846,0.205364073241336,0.3475704250452276
390.34090909090907,271.59090909090907,2.529219101524926,0.10941424807183875,0.07116236154938714,0.011591779045206913,0.20383849800863976,0.3465828102248322
401.1363636363636,271.59090909090907,2.508553110182847,0.10998402644994859,0.07413862836653703,0.011994184237388227,0.20129820541246604,0.34478586343720025
411.9318181818182,271.59090909090907,2.4781174147967886,0.11061033724875581,0.07738762440646083,0.012516952257879906,0.19768419032479487,0.34198894763764565
422.7272727272727,271.59090909090907,2.437577621718703,0.11124679385904522,0.08083968552825677,0.013150512352838596,0.19298857835052585,0.33812367140750715
433.52272727272725,271.59090909090907,2.3874305416129076,0.11190783773249913,0.08429193289841988,0.013814408912659734,0.18725562256796166,0.33325312847083627
444.3181818181818,271.59090909090907,2.3288604128691586,0.11264506854217826,0.0875718569971982,0.01441677199002009,0.18058054407890486,0.32753985803444857
455.1136363636363,271.59090909090907,2.2635245433581135,0.11352338183414154,0.09072467819447372,0.0149165296437119,0.1731009745138048,0.3212061559315946
465.9090909090909,271.59090909090907,2.1933506860887713,0.11460991110758177,0.09411997772755776,0.01535497513056928,0.16498199573870756,0.3145046879155911
476.70454545454544,271.59090909090907,2.1203633411381726,0.115968844993584,0.09842164371706033,0.015852356493867577,0.1564007477195658,0.3076963358978668
487.5,271.59090909090907,2.046541925503884,0.11765562489107224,0.10440356142025273,0.01656874890171215,0.14753479881103793,0.3010309983408786
12.5,282.3863636363636,2.353322704553439,0.12778042996589029,0.06584720626996769,0.011216746861317673,0.17413967771607874,0.3408449278238569
23.295454545454547,282.3863636363636,2.3657948674404334,0.12322838252224548,0.060233954539489765,0.010508522714398097,0.17818754564434888,0.3389540913057744
34.09090909090909,282.3863636363636,2.380316151337437,0.11917614642944989,0.05754827183866873,0.01028691624892039,0.18215484990681463,0.33763475635810775
44.88636363636363,282.3863636363636,2.3970892408392337,0.11567835159129096,0.05607374729838091,0.010151655871119061,0.18603051896485032,0.3369471228550499
55.68181818181818,282.3863636363636,2.4162001624628044,0.11279472402488763,0.054581605943088043,0.00986738300102148,0.18978801818050534,0.3369425760766253
66.47727272727272,282.3863636363636,2.437604320136221,0.11060087927613378,0.05269786544628206,0.009410797722918631,0.19337741330692326,0.337669831533954
77.27272727272727,282.3863636363636,2.4611051176878016,0.10918116969983331,0.05078951306116571,0.008925205791770117,0.1967273693567862,0.3391676022369626
88.06818181818181,282.3863636363636,2.486333742484196,0.10860846174056114,0.04956887155490471,0.00862989964374035,0.19975508358949495,0.3414481486630309
98.86363636363636,282.3863636363636,2.512741587660124,0.10891995742535375,0.049529935609153246,0.008677162557126307,0.20237992776239266,0.34447937717862265
109.6590909090909,282.3863636363636,2.539609413298052,0.11009998498232898,0.050531540742871923,0.00902949149645211,0.2045347074746469,0.34817364763349007
120.45454545454545,282.3863636363636,2.5660706335281884,0.11207745888061682,0.05190302864572302,0.00949091751837948,0.20616965882831673,0.3523884563321671
131.25,282.3863636363636,2.5911525160552524,0.11473634501213797,0.05292967265344198,0.009851650534589642,0.20725058002165594,0.35693822074102577
142.04545454545453,282.3863636363636,2.6138416159451787,0.11793037187310505,0.05325754487392601,0.010003759757120997,0.20775700519263782,0.36161164587319583
152.8409090909091,282.3863636363636,2.6331695467878458,0.12149379397946826,0.05301347136302243,0.009988706092257547,0.2076849022320848,0.3661884642978615
163.63636363636363,282.3863636363636,2.6483067668557005,0.12524435750982874,0.05266003407292711,0.009979052619659,0.20705488363777025,0.37045151603944076
174.4318181818182,282.3863636363636,2.6586497108009293,0.1289798010792406,0.05265783244898692,0.01016752859496544,0.2059235723828248,0.37419354927604637
185.22727272727272,282.3863636363636,2.663888092252162,0.1324749268887496,0.0531187887497026,0.01059515996991767,0.20439251621768167,0.37722231359662145
196.02272727272725,282.3863636363636,2.6640437487732744,0.13548902896967477,0.05372996585272118,0.01108800683572022,0.20260788347855166,0.379369946865558
206.8181818181818,282.3863636363636,2.659476751171789,0.13778787545134943,0.05401622651807643,0.011385649900012838,0.20074797697931535,0.38050916768017773
217.61363636363635,282.3863636363636,2.650858178406946,0.1391744787440998,0.05370005730347127,0.011320702578936644,0.1990019480297075,0.3805721328682474
228.4090909090909,282.3863636363636,2.6391131068377804,0.1395182562070341,0.05291359136110998,0.01092571871586616,0.19754630174213794,0.379564986464073
239.20454545454544,282.3863636363636,2.625339281098453,0.13877403438510436,0.05216738711621942,0.010439581377686588,0.19652488315793626,0.3775726391938935
250.0,282.3863636363636,2.6107082210404284,0.13698689293166438,0.05206495599033711,0.010181002282516474,0.19603545585818133,0.37475166657805836
260.7954545454545,282.3863636363636,2.5963613371181813,0.13428409021992657,0.05288797119847657,0.010302899095893337,0.19612346911906153,0.3713135420557701
271.59090909090907,282.3863636363636,2.5833208917061774,0.13085950027388765,0.05438200189427704,0.010658763272778633,0.19678188051851897,0.36750415565846484
282.3863636363636,282.3863636363636,2.5724273216359883,0.12695538680804488,0.055956348465678644,0.010960833298290973,0.19795537589223913,0.3635842559642063
293.1818181818182,282.3863636363636,2.56429231897408,0.12284180984221561,0.05708710497712436,0.011008595922845558,0.19954768143338059,0.3598098955995496
303.9772727272727,282.3863636363636,2.5592503170037153,0.11879226287303023,0.05760631599776037,0.010779005960098212,0.20143095862087831,0.3564100418686317
314.77272727272725,282.3863636363636,2.557301816728402,0.11505591513058942,0.05776681116371048,0.010401994460979011,0.20345635938160697,0.3535609185331471
325.5681818181818,282.3863636363636,2.558054523230542,0.11182919920065247,0.05809635560668898,0.010079249030384154,0.20546473932586082,0.3513596516146498
336.3636363636364,282.3863636363636,2.560680037447425,0.10923292028168785,0.059099130233859175,0.009972894151751517,0.20729572710228675,0.349803474966515
347.1590909090909,282.3863636363636,2.563914332166739,0.10730510655853143,0.06096937985796871,0.010117080501451136,0.20879204762097847,0.34878472593217896
357.95454545454544,282.3863636363636,2.5661257013956016,0.10601614122473252,0.0635352039431324,0.010425949657301753,0.2097977121780562,0.3481087770496356
368.75,282.3863636363636,2.565447514312788,0.10529811371633235,0.06645388891657245,0.010782955508890317,0.21015460944511588,0.3475289193268736
379.5454545454545,282.3863636363636,2.559951834812088,0.10507239674440808,0.06945479322510262,0.011121866403093218,0.20970450665679244,0.34678434105221584
390.34090909090907,282.3863636363636,2.547841162861646,0.10526590624987253,0.07245145708733261,0.011452249482269453,0.20829974276963756,0.3456320340594015
401.1363636363636,282.3863636363636,2.5276440348438594,0.10581612509881129,0.07549231184433344,0.011833774496518613,0.20582104708402216,0.34387116637648446
411.9318181818182,282.3863636363636,2.4983984797199903,0.10667103900418978,0.078621665667365,0.012319600623281924,0.20219710558554888,0.3413625649692503
422.7272727272727,282.3863636363636,2.4597859522307037,0.10778920583846521,0.08176925902340793,0.012905544838841574,0.19741877608581293,0.33804302130878466
433.52272727272725,282.3863636363636,2.412162730356861,0.10913878442517556,0.08476639501829653,0.013526110195618779,0.19154301072077484,0.3339279468093017
444.3181818181818,282.3863636363636,2.35647909061555,0.11069545885018936,0.08748817481113554,0.014099607697959841,0.18468549295374753,0.32910130184046094
455.1136363636363,282.3863636363636,2.2941357028526532,0.1124435858748826,0.09003158416929138,0.014585669229982664,0.1770046657899058,0.3237011208831584
465.9090909090909,282.3863636363636,2.2268255798472927,0.11437979080276527,0.09282911094227726,0.015023146193371176,0.16868275919337325,0.3179052311958564
476.70454545454544,282.3863636363636,2.156383247612783,0.11651390458573212,0.09662421671165705,0.015533830212137497,0.15990917496608587,0.3119158602635385
487.5,282.3863636363636,2.0846506049701503,0.1188644861514929,0.10227391126824202,0.016284282898906183,0.1508688839470395,0.3059421913236594
12.5,293.1818181818182,2.336147290344765,0.12690425014343001,0.06653492185019465,0.011385290229278856,0.172835032957714,0.3383971989759988
23.295454545454547,293.1818181818182,2.348078899542981,0.12241843630706015,0.06093042799419567,0.010662377815387094,0.1767857808419594,0.33649565228173484
34.09090909090909,293.1818181818182,2.36187449292326,0.11840220080683662,0.058185440077601756,0.010405069434413066,0.18065432510412077,0.33512452452420416
44.88636363636363,293.1818181818182,2.377760562032931,0.11491013737476746,0.05662270653891053,0.010235229535850274,0.18443214996002202,0.33434652414152455
55.68181818181818,293.1818181818182,2.395873139201274,0.11200283923019992,0.05504566075951088,0.009928811985914748,0.18809752542338865,0.3342189724371129
66.47727272727272,293.1818181818182,2.4162440095251796,0.10975684433047123,0.05309040146954491,0.009463643171827223,0.19160809643955226,0.33479936751318917
77.27272727272727,293.1818181818182,2.4387760967817456,0.10825818317947417,0.05111347489325801,0.0089769590738158,0.1949021186056882,0.33613820231557573
88.06818181818181,293.1818181818182,2.4632103041244506,0.10758238519085542,0.04980323977925596,0.008676035987001755,0.1979068765448519,0.3382612988552192
98.86363636363636,293.1818181818182,2.4890939519157786,0.10776932824234071,0.049631736644872984,0.008701132176492052,0.20055035395261805,0.34114866641237745
109.6590909090909,293.1818181818182,2.515768698520232,0.10880531610851633,0.0504541352410341,0.009012530979765834,0.20277065819512893,0.3447205439465538
120.45454545454545,293.1818181818182,2.5423942475238985,0.1106220448985608,0.051612061582087976,0.009421574692104674,0.2045191614794681,0.3488391928580693
131.25,293.1818181818182,2.56800707797083,0.11311003895747421,0.05240694471229241,0.009727066622611809,0.20575872323226896,0.35332464814846853
142.04545454545453,293.1818181818182,2.5916002977328083,0.11613521683948506,0.052503325070199836,0.009827385686455253,0.2064622904324723,0.357974931098304
152.8409090909091,293.1818181818182,2.612212879242809,0.11954913512340401,0.052055444435274364,0.00976901398875302,0.2066162747203455,0.3625827906902448
163.63636363636363,293.1818181818182,2.6290213758750554,0.12318945563157721,0.05156398226392555,0.009729975539132204,0.20623003597016462,0.3669457967262138
174.4318181818182,293.1818181818182,2.641426336820313,0.1268729122239981,0.05152495210596779,0.009909284105803134,0.20534928373235595,0.3708705655894421
185.22727272727272,293.1818181818182,2.649119912288305,0.1303885321952935,0.05206015324013662,0.010352781371260781,0.20406732432562688,0.37417516381720484
196.02272727272725,293.1818181818182,2.6521186279379236,0.1335011637019418,0.052832976499103575,0.0108876135813724,0.20252644156107044,0.37669509078656205
206.8181818181818,293.1818181818182,2.650755855665474,0.13597010483266941,0.05332707344710953,0.011251043673396294,0.2009059627195955,0.37829564859998954
217.61363636363635,293.1818181818182,2.645642649718476,0.1375783803245297,0.05322485176932411,0.011269767926026134,0.19940059422448056,0.37888847282643884
228.4090909090909,293.1818181818182,2.637607753179902,0.13816344825007995,0.05262420978284656,0.01096417342190834,0.19819568555899159,0.3784468570602219
239.20454545454544,293.1818181818182,2.6276231051087042,0.1376415382771949,0.05200351276568924,0.01055132653455227,0.19744475551459748,0.37701503141556436
250.0,293.1818181818182,2.6167201132462843,0.1360216132958075,0.05193796236908724,0.01032218174777552,0.19725223646421627,0.3747091214550875
260.7954545454545,293.1818181818182,2.605905126349609,0.13340742258307714,0.05269821346705872,0.01041641061299715,0.19766324983433978,0.3717096022678274
271.59090909090907,293.1818181818182,2.5960845892453435,0.1299866116125308,0.05404494422661748,0.010702821619246053,0.19866214709637514,0.3682456318703269
282.3863636363636,293.1818181818182,2.588005126931468,0.12600816700516015,0.05541887548178714,0.01091944189175068,0.20017961070459542,0.3645727263156894
293.1818181818182,293.1818181818182,2.5822038543717296,0.12175336370638093,0.05633196963047018,0.010883932273448981,0.20210472652545608,0.3609469291503304
303.9772727272727,293.1818181818182,2.5789596622010156,0.11750504607581906,0.05665678140530861,0.010584005564560314,0.2042981557875114,0.3575979067761755
314.77272727272725,293.1818181818182,2.5782405085310858,0.1135174544093875,0.05669460889548679,0.010157226247600161,0.2066045559537604,0.3547020043186376
325.5681818181818,293.1818181818182,2.579650986902438,0.10998897101780472,0.05702074879130506,0.009809399994624836,0.20886328628647302,0.3523573951066956
336.3636363636364,293.1818181818182,2.582396450496116,0.1070433371258225,0.05816054857290175,0.009698963620891302,0.21091581365821338,0.35056698162419153
347.1590909090909,293.1818181818182,2.5852906653344725,0.10472765827169936,0.06028176268750166,0.009847764141211947,0.21260771915541582,0.3492377999122733
357.95454545454544,293.1818181818182,2.586828890816021,0.10303116900771893,0.06314813642156604,0.010156428998598066,0.2137852635340814,0.3482020658794285
368.75,293.1818181818182,2.585322086336279,0.10191687458664683,0.06634614373222252,0.010501237718027842,0.21429076408404477,0.3472538326283074
379.5454545454545,293.1818181818182,2.579065531894692,0.1013511568614572,0.06954948494296813,0.010815356524877796,0.21396285126949624,0.34618787162521136
390.34090909090907,293.1818181818182,2.566512929964244,0.10131961754874759,0.07263456781400675,0.011110589631106909,0.2126455332580736,0.3448294067103475
401.1363636363636,293.1818181818182,2.546432651184754,0.10182384109253077,0.07562776070177843,0.011449469880974832,0.21020676202744618,0.343048456963018
411.9318181818182,293.1818181818182,2.5180269171174867,0.10286090853655981,0.07856446878993191,0.011889238968036992,0.20656336214570598,0.340758038814722
422.7272727272727,293.1818181818182,2.481002051015218,0.10439865005584992,0.08137778092395066,0.012431137650624395,0.20170329751222024,0.33790414668075597
433.52272727272725,293.1818181818182,2.4355889635352526,0.10636714416690413,0.08391194013419129,0.013013043221635396,0.19569293196507997,0.33446192324431745
444.3181818181818,293.1818181818182,2.382515800344602,0.1086736652796604,0.08606388836557527,0.013551330110805756,0.18866518521757844,0.3304433163086286
455.1136363636363,293.1818181818182,2.3229343673933744,0.11122737970209057,0.08796921392751457,0.01400098786394883,0.18079694305213923,0.32590670795917126
465.9090909090909,293.1818181818182,2.2583107130254945,0.11395827065777336,0.09013016053517077,0.014401705907416802,0.1722861008701234,0.32095864812110037
476.70454545454544,293.1818181818182,2.190297380989192,0.1168245144977258,0.09339681208054805,0.014889135423480901,0.16333355766245405,0.3157454717032963
487.5,293.1818181818182,2.1206041367082515,0.11980930002511968,0.09874401985676444,0.0156541905649052,0.15413135617152995,0.31043728917908797
12.5,303.9772727272727,2.3225256684344333,0.1267199439804769,0.06665542939025206,0.011268505478803231,0.17149521494468054,0.3368169309582212
23.295454545454547,303.9772727272727,2.333821389026131,0.1222400047702725,0.06102163903893382,0.010543611482933313,0.1753747648410958,0.3348518504468023
34.09090909090909,303.9772727272727,2.346732117106738,0.11818689309487809,0.058230714460681426,0.01029263406786813,0.17917115622706523,0.33336046031770133
44.88636363636363,303.9772727272727,2.3615149411797467,0.11461541853283863,0.056591722658250423,0.01011899610105156,0.18287900123292705,0.3324088785218433
55.68181818181818,303.9772727272727,2.378367825093881,0.11158981294198189,0.05490018358792984,0.009789341520146369,0.18648098777308614,0.3320635913136991
66.47727272727272,303.9772727272727,2.3974148988458865,0.10919285581507647,0.052793974066639326,0.009282127227924169,0.1899408605863611,0.3323963394378096
77.27272727272727,303.9772727272727,2.4186765990966466,0.10751908775362613,0.050646593338718765,0.00874390332756528,0.19320429840395625,0.33347614144058574
88.06818181818181,303.9772727272727,2.4420222492510284,0.10665386860405886,0.049180983208822,0.008399703025906853,0.19620638100009458,0.3353494394899421
98.86363636363636,303.9772727272727,2.4671122450550294,0.10664473073661684,0.04889786452628409,0.008404165812666233,0.19888255415556969,0.3380136911760828
109.6590909090909,303.9772727272727,2.493361244157922,0.10747987719909763,0.049638143894283906,0.008709957477689932,0.20117756067876266,0.3413982487357033
120.45454545454545,303.9772727272727,2.5199628424312857,0.1090898871965441,0.05069639755575413,0.009106245418671046,0.2030470479040446,0.34536819155791804
131.25,303.9772727272727,2.545968412137703,0.11136774818013867,0.051338010897373255,0.00937619765739088,0.20445398864014366,0.3497468814506153
142.04545454545453,303.9772727272727,2.570381230166676,0.1141889026872916,0.05122601070967109,0.009414872163994635,0.20536672085930874,0.3543401558923504
152.8409090909091,303.9772727272727,2.5922478675303138,0.11742106629983387,0.0505540810320865,0.009277916466075335,0.20576280855282142,0.35895299761902727
163.63636363636363,303.9772727272727,2.610746979934502,0.12092206129863174,0.049900910904320896,0.009169860326536466,0.20563978766058102,0.36339745429010756
174.4318181818182,303.9772727272727,2.6252758201820936,0.12452866417489453,0.04984431406713444,0.009327146831732944,0.20503103954283422,0.36749396217038266
185.22727272727272,303.9772727272727,2.6355212774563888,0.12804475049853142,0.05052501835450368,0.009809424878314418,0.2040204373042661,0.37107052598015927
196.02272727272725,303.9772727272727,2.641487772859514,0.13124059273591548,0.05154395739293476,0.010418732740663038,0.20274573476140326,0.3739651917797752
206.8181818181818,303.9772727272727,2.6434739446936266,0.13386931549151276,0.052297687188361516,0.010859017910468713,0.2013862511883088,0.37603519959712944
217.61363636363635,303.9772727272727,2.642021095073512,0.1356955184722979,0.05240652532194669,0.010936429003875352,0.2001402788612163,0.3771717331415591
228.4090909090909,303.9772727272727,2.637852066517627,0.13652709533667856,0.051940640701357524,0.010663193368106574,0.19919956208595724,0.3773159104240006
239.20454545454544,303.9772727272727,2.6318054883972777,0.13624365359633483,0.051379417077232266,0.010261045509367971,0.19872531455022244,0.376471878358447
250.0,303.9772727272727,2.6247674679074704,0.1348184738641557,0.051316927871991366,0.01003795959895142,0.19882782548869632,0.3747150674605107
260.7954545454545,303.9772727272727,2.617604620515623,0.13233099089725642,0.052036026103770276,0.010143825574650635,0.19955187252359358,0.3721938877400552
271.59090909090907,303.9772727272727,2.6111021258457456,0.12896152272578038,0.05328592299267391,0.010434397089725963,0.2008732778314778,0.36911940836977664
282.3863636363636,303.9772727272727,2.605908094032409,0.1249642111874899,0.054490663472690645,0.010630150401701434,0.20270915670771286,0.36574030385671413
293.1818181818182,303.9772727272727,2.602483323550009,0.12062977963754815,0.055166154968782084,0.010545363970165826,0.20493482519727388,0.3623111745356795
303.9772727272727,303.9772727272727,2.601053131109821,0.11624970849969564,0.05522051217847321,0.010178282691465762,0.2074000809975603,0.3590620900827638
314.77272727272725,303.9772727272727,2.6015583979953147,0.11208462928492552,0.05502477968726757,0.009687669429287792,0.20994288003460712,0.35617103221071816
325.5681818181818,303.9772727272727,2.603608201403196,0.10833777033947944,0.0552432170567709,0.009306221558639397,0.21240016288545435,0.35374007781126116
336.3636363636364,303.9772727272727,2.6064465923808826,0.10513731228252411,0.05645648869920706,0.009206758516056358,0.2146148626849805,0.35177938736529657
347.1590909090909,303.9772727272727,2.608961464687648,0.10253604106058252,0.05879795752154682,0.009394245786152089,0.216437056506305,0.3502079036902494
357.95454545454544,303.9772727272727,2.6097636512876936,0.10053414281225763,0.061927725524587855,0.009735877164071035,0.2177187627953492,0.3488778880726886
368.75,303.9772727272727,2.607327944586573,0.09911585392906411,0.06533210120073193,0.010086255905220661,0.2183070505508158,0.34761584394978406
379.5454545454545,303.9772727272727,2.600159204343407,0.098282360457835,0.06862863134514714,0.010375265683811561,0.21804206033108117,0.346263459223539
390.34090909090907,303.9772727272727,2.586949603330681,0.09806809342076651,0.07168045447210067,0.010623295790115783,0.21676400437358673,0.3447058656246867
401.1363636363636,303.9772727272727,2.5666984613392394,0.09853182044964413,0.07452767618737115,0.010907562457031313,0.21433124592620775,0.34287809598781194
411.9318181818182,303.9772727272727,2.538772016590664,0.09971840925880099,0.07722609605014466,0.01130015346779179,0.21064951145572738,0.34074441221851004
422.7272727272727,303.9772727272727,2.5029119422655715,0.10160800431190677,0.07971567424053594,0.011808236603273781,0.20570316878196213,0.33826327815309354
433.52272727272725,303.9772727272727,2.459244377449042,0.1040985361174122,0.08183064073136623,0.012362525041156331,0.19956664067514363,0.33537595438569534
444.3181818181818,303.9772727272727,2.408304072376367,0.10703869786813232,0.08345943238975825,0.0128651876391016,0.19238726844613882,0.33203238393120293
455.1136363636363,303.9772727272727,2.3510249051681704,0.11027440969310189,0.08475592996678945,0.013259751557738389,0.18435653585751383,0.3282230344542347
465.9090909090909,303.9772727272727,2.2886732969860266,0.11367987263835347,0.08629109413334489,0.013588094274835824,0.17568442388542885,0.32399376675941877
476.70454545454544,303.9772727272727,2.2227407161198727,0.1171697615395592,0.08904352654121717,0.014011651361788731,0.1665806819271351,0.3194430130973701
487.5,303.9772727272727,2.154818384947852,0.12069713039610383,0.09414016256259397,0.014766293898768528,0.1572427426747157,0.3147069593418897
12.5,314.77272727272725,2.312405544396173,0.12717081574993758,0.06640899325468114,0.010999513442297047,0.17014853806244237,0.3360584716231813
23.295454545454547,314.77272727272725,2.323077015926537,0.1226525727964835,0.06072352994038911,0.010281438102432323,0.17398452956208257,0.33399986078188143
34.09090909090909,314.77272727272725,2.335067356139538,0.11850867644772801,0.05790330323301725,0.010064642237818113,0.17773720211885188,0.3323463120775046
44.88636363636363,314.77272727272725,2.3486660253038822,0.11479492399070575,0.056211224484164816,0.0099078844897037,0.18140402343960013,0.33116808762440836
55.68181818181818,314.77272727272725,2.3641357242295373,0.11158135894291576,0.0544107060502711,0.009556831076402279,0.18497109938664677,0.33054267364813533
66.47727272727272,314.77272727272725,2.381695147867215,0.10896003639471617,0.05213383187282222,0.008990160912843678,0.18840669767703308,0.33055843502666105
77.27272727272727,314.77272727272725,2.401483605347356,0.10703727382626334,0.049781812685192106,0.008371385871431172,0.19166211269709138,0.33130537034480123
88.06818181818181,314.77272727272725,2.4235028174380475,0.1059119472090348,0.048143607533029285,0.007961290258179717,0.19467844017892072,0.3328535711719613
98.86363636363636,314.77272727272725,2.447535470492337,0.10564258086368498,0.04778265861291875,0.007948416897428121,0.1973975744695648,0.3352212840126686
109.6590909090909,314.77272727272725,2.473078334186802,0.10621893208735679,0.04852095264207273,0.008273785281979728,0.19977207001168454,0.33834770044688256
120.45454545454545,314.77272727272725,2.4993703161540233,0.1075680596013201,0.049572001631487346,0.008684738376698252,0.20176450117522862,0.3421002339962346
131.25,314.77272727272725,2.525495132384329,0.10958423486345666,0.05013911194122514,0.008936642212316335,0.20334051629570174,0.3463065971396821
142.04545454545453,314.77272727272725,2.5504849429122167,0.11215212940012632,0.049872525648838414,0.008917144316667586,0.204466012655819,0.35078222701476863
152.8409090909091,314.77272727272725,2.5734095845896343,0.11515553931159574,0.04900497968918324,0.008691028648649278,0.2051114212060552,0.35534595232604044
163.63636363636363,314.77272727272725,2.5934595655008335,0.11847263787009901,0.04820598469756951,0.008497020563332831,0.20526337793789917,0.3598254711499439
174.4318181818182,314.77272727272725,2.6100307600662958,0.12196087256739059,0.04815831802507024,0.008627053315978317,0.20494276467597655,0.3640556880722822
185.22727272727272,314.77272727272725,2.6228024970518122,0.12543952125916585,0.04902533724473925,0.009159555647995683,0.20422344547960422,0.3678746929397301
196.02272727272725,314.77272727272725,2.631762975741725,0.12868476420680852,0.050321531563147004,0.009852880773844162,0.2032379169810328,0.3711229820718529
206.8181818181818,314.77272727272725,2.637167346610168,0.13144517421975294,0.05133862381119042,0.010363471491884043,0.20216358949269467,0.37364994815977487
217.61363636363635,314.77272727272725,2.639476288161028,0.1334701862147722,0.05163342411501625,0.0104742686506691,0.2011992356343981,0.37532747092680385
228.4090909090909,314.77272727272725,2.639297626630249,0.13454257613422047,0.05125686199222315,0.010193149707406764,0.20053936690030677,0.3760666664295632
239.20454545454544,314.77272727272725,2.637330803923902,0.13450955915040938,0.050706573290525116,0.009759788828260308,0.20034973851007215,0.3758339633326188
250.0,314.77272727272725,2.6343130768633736,0.13331055470671924,0.05062117637279633,0.00952583579937344,0.2007450304193765,0.3746650068220434
260.7954545454545,314.77272727272725,2.6309682484060533,0.13100004125444836,0.0513102502493798,0.009668104483131823,0.20176973220326427,0.37267536029734416
271.59090909090907,314.77272727272725,2.627956671361496,0.1277499533401909,0.05249384024741477,0.01000998994038842,0.20339138870715298,0.3700568783170911
282.3863636363636,314.77272727272725,2.6258240431922433,0.12381706633176263,0.053551346297345724,0.010228050490031337,0.2055146401024737,0.36704919602749086
293.1818181818182,314.77272727272725,2.6249517854984576,0.11949823946799315,0.05398419805899486,0.010121519102119033,0.20800268638637434,0.3639028027286708
303.9772727272727,314.77272727272725,2.6255102322429904,0.11509153570262279,0.0537275322088199,0.009697443354128995,0.21069553893674023,0.36084656949529775
314.77272727272725,314.77272727272725,2.6274134583979123,0.11086396026714909,0.05322428172862867,0.009140348773262811,0.21342449139250652,0.35806013105350426
325.5681818181818,314.77272727272725,2.6302767289168845,0.10702515427864437,0.05324534939295132,0.008722526161100799,0.21602331077138887,0.3556507569821083
336.3636363636364,314.77272727272725,2.6333831217179893,0.10370874101676356,0.054449027977108794,0.008645060612203707,0.21833583194831258,0.3536366101205055
347.1590909090909,314.77272727272725,2.6356866816779534,0.10097011056032078,0.056930257212740774,0.008892706930782384,0.22021761726556358,0.3519455159653996
357.95454545454544,314.77272727272725,2.635897375622109,0.09881318006638434,0.06022512271154944,0.009286306088613007,0.22152900787913954,0.35044292608483607
368.75,314.77272727272725,2.6326318745054467,0.09723344183475743,0.06371367889960408,0.009652740988961333,0.22212544865967054,0.34897840450142387
379.5454545454545,314.77272727272725,2.6245763805211975,0.09625392032235632,0.0669686630868584,0.009918688407135594,0.22185333277035868,0.3474283826076138
390.34090909090907,314.77272727272725,2.6106288014828496,0.09594262266465331,0.06986176658491475,0.010116066140669582,0.22055470718101228,0.34572363102621056
401.1363636363636,314.77272727272725,2.5899919234868856,0.09640248618324396,0.0724733623401635,0.010342289195396934,0.21808319774482077,0.3438520699772843
411.9318181818182,314.77272727272725,2.5621880071128262,0.09772193185702734,0.07490211176313528,0.010690916440154111,0.21433511171850056,0.34182536273416586
422.7272727272727,314.77272727272725,2.5270050691920707,0.09989449652035358,0.077097702699409,0.01117565937527135,0.20929174681998566,0.33961637502214037
433.52272727272725,314.77272727272725,2.4844911611363103,0.10278954629335618,0.07886509550522389,0.011712691595703846,0.20303628358706916,0.3371378594533669
444.3181818181818,314.77272727272725,2.4350335535844088,0.10620974423478136,0.08005893394834972,0.012182471535328204,0.19572787203365197,0.33429151578777566
455.1136363636363,314.77272727272725,2.379400186859506,0.10995531290435055,0.08083048904899486,0.012512700985592878,0.18756764109849858,0.33101783877972263
465.9090909090909,314.77272727272725,2.3187019821289416,0.11386088978488818,0.08180866366203117,0.012746525181166707,0.1787726623595668,0.32731816431280636
476.70454545454544,314.77272727272725,2.2543007481818345,0.11781001337091165,0.08410632736213242,0.013076804003775493,0.16955749037941908,0.32325510862535156
487.5,314.77272727272725,2.1876890711885513,0.1217338987036038,0.08902254853681525,0.013799408727067879,0.16012210926297182,0.31893891740328245
12.5,325.5681818181818,2.3055292701502323,0.12820873055933518,0.06619756250395548,0.010829823273125575,0.16879634188103648,0.33606036266731837
23.295454545454547,325.5681818181818,2.3156809481082137,0.12362128077874039,0.060459085275325036,0.010115940894382877,0.17261836119991236,0.3338974908472689
34.09090909090909,325.5681818181818,2.3268226070513,0.1193466487966626,0.05761770606022179,0.009927369990357846,0.17635882211094786,0.3320611698216557
44.88636363636363,325.5681818181818,2.339275522079449,0.11544517742438852,0.05589899557006942,0.009783648906527942,0.18001586249419893,0.3306282620721848
55.68181818181818,325.5681818181818,2.3533641701746113,0.11199588892130463,0.054039395148602745,0.009414020594373351,0.18357679837649377,0.32968917785943086
66.47727272727272,325.5681818181818,2.3693939926065446,0.10910175810579353,0.05166261284427054,0.008797951712787024,0.18701260567776137,0.3293492363893632
77.27272727272727,325.5681818181818,2.3876098887094552,0.10688039737915671,0.04918472591735745,0.008111790239141504,0.19027906861821658,0.3297176616912501
88.06818181818181,325.5681818181818,2.4081313263881587,0.10544212715954747,0.04743956571783498,0.007644390683438424,0.19332297745719013,0.33088517054670086
98.86363636363636,325.5681818181818,2.430858185504736,0.10485555462632494,0.047042268320178306,0.007615061318708296,0.1960926758112201,0.3328896130561284
109.6590909090909,325.5681818181818,2.455376116657423,0.10511201188344516,0.04780120318087243,0.007954349012365613,0.19854923798935495,0.33568075519460294
120.45454545454545,325.5681818181818,2.4809899088938376,0.10613704432659606,0.04887097389103338,0.008375687618628069,0.20066315547979022,0.3391319532830897
131.25,325.5681818181818,2.506844784035201,0.10782923664748299,0.04941586418735071,0.008617159255727291,0.20240404607374698,0.3430805163990377
142.04545454545453,325.5681818181818,2.532030892704874,0.11008420739968582,0.04907937471998217,0.008564047962818422,0.20373743803037656,0.3473557943966834
152.8409090909091,325.5681818181818,2.5556679150006882,0.11280200022097431,0.04811798409937,0.008286484091152284,0.20462935849047134,0.35179340907720746
163.63636363636363,325.5681818181818,2.576981038872602,0.1158802493746376,0.0472574825550301,0.00804137785445077,0.20505850523271477,0.35623850955503056
174.4318181818182,325.5681818181818,2.5953794527284466,0.11919615918553252,0.047252389041097305,0.008156001217766377,0.20503537077864895,0.3605413863259045
185.22727272727272,325.5681818181818,2.610539140981947,0.12258445315276854,0.04828010386165667,0.008720224660072889,0.20462423301247862,0.36455069379847327
196.02272727272725,325.5681818181818,2.622427546259426,0.12582873033652256,0.04978900736471507,0.009460477548374317,0.2039509457067446,0.36810996416593733
206.8181818181818,325.5681818181818,2.6312447819552434,0.12867629818099546,0.05100385746466496,0.010007969529442934,0.20318781690617357,0.3710618370275022
217.61363636363635,325.5681818181818,2.6373596046275747,0.13086604819829556,0.051444013888828695,0.010136016251412326,0.20253013521886487,0.3732609529296598
228.4090909090909,325.5681818181818,2.6412571410608034,0.13216138402997937,0.051146354398417394,0.009849455438119659,0.2021709280789254,0.37459167032552015
239.20454545454544,325.5681818181818,2.643493894163284,0.132383497808984,0.050612865088732174,0.009395563031962824,0.2022762866656731,0.374986803591311
250.0,325.5681818181818,2.6446569896798846,0.13144288218684186,0.05050526013837557,0.009154347126598999,0.2029621965890449,0.3744455650179501
260.7954545454545,325.5681818181818,2.6453264281067854,0.12936984841904467,0.051151352838199014,0.009324901654574159,0.2042722824358538,0.37305112394436324
271.59090909090907,325.5681818181818,2.6460359725835763,0.12632578749881462,0.052247952627907726,0.009704272894452484,0.20616691491193237,0.3709744054304215
282.3863636363636,325.5681818181818,2.647225945118508,0.1225650923604068,0.053147829720876894,0.009938461197399094,0.20854094118748637,0.3684421434441913
293.1818181818182,325.5681818181818,2.6491948423761,0.11838599599516222,0.05334800296301544,0.009818225642550978,0.21124791334621384,0.36569697160106673
303.9772727272727,325.5681818181818,2.6520538576277417,0.11409019212062561,0.052802624477224724,0.009356120250918962,0.21411937780319368,0.36296403278980155
314.77272727272725,325.5681818181818,2.655684531289385,0.10994946137269769,0.05200079662240941,0.008752421467105581,0.2169803113055054,0.36042287494567976
325.5681818181818,325.5681818181818,2.6597006258157596,0.1061788367734041,0.0517864382785567,0.008307440399276682,0.2196610987805735,0.35818441995885
336.3636363636364,325.5681818181818,2.6634163028976814,0.10291678963583885,0.052878085957715516,0.00824716449817246,0.22200598668187188,0.35627356710175256
347.1590909090909,325.5681818181818,2.6658407143036773,0.10021933533823378,0.05533742652654419,0.008539743316947053,0.22387602954841654,0.35462444984763875
357.95454545454544,325.5681818181818,2.6657673040006715,0.09808985940704566,0.058603557165227624,0.0089687169080106,0.22514077198453897,0.35311102963552177
368.75,325.5681818181818,2.6619308202265404,0.0965272540990234,0.06198392575264266,0.009341325908466052,0.22566619584892914,0.3515978431370956
379.5454545454545,325.5681818181818,2.6531627737364465,0.09556339985910069,0.06503032751589155,0.009582612206823625,0.22530886945731352,0.3499830506203726
390.34090909090907,325.5681818181818,2.638520164084326,0.0952816452127914,0.06763709222646523,0.009733415154907535,0.2239186064659418,0.3482252041203638
401.1363636363636,325.5681818181818,2.617361455507673,0.09580793781019428,0.06993308207914595,0.009907520537679428,0.22135185316069692,0.3463450640868331
411.9318181818182,325.5681818181818,2.5893380484680404,0.0972594623692334,0.07206590267627487,0.010217991573365472,0.21750147416875718,0.34438837699056774
422.7272727272727,325.5681818181818,2.554293025474872,0.0996402452815306,0.07399607702035588,0.010684580912260147,0.2123483602215786,0.3423412864849504
433.52272727272725,325.5681818181818,2.51223870693705,0.10279901884780682,0.07549225316519836,0.011208380453057606,0.2059842190533462,0.3400981530292486
444.3181818181818,325.5681818181818,2.463483096508772,0.10651259581057533,0.07636479737016268,0.011650005897348771,0.19857521100708075,0.3375339618030398
455.1136363636363,325.5681818181818,2.4086964690315065,0.11055738605283294,0.0767466027940051,0.011922692193325512,0.1903262992409461,0.3345619752213723
465.9090909090909,325.5681818181818,2.3488884752629215,0.11474718753251906,0.07730455305421706,0.012069334526064847,0.18145622909447998,0.3311580152121116
476.70454545454544,325.5681818181818,2.2853277019523954,0.11894878559375499,0.07926615901020805,0.012309296591617584,0.17217964362060337,0.3273629299635642
487.5,325.5681818181818,2.219429359323188,0.123081570413617,0.08408929870068355,0.012994177695175357,0.16269535705510194,0.3232703683063342
12.5,336.3636363636364,2.3013990548597523,0.1297653158617981,0.06635410886825842,0.010974620099802806,0.16742649774899784,0.33672127506216293
23.295454545454547,336.3636363636364,2.311205077881084,0.12508845549834843,0.06056612685653345,0.010246631495588623,0.17126515472036927,0.33445839381820547
34.09090909090909,336.3636363636364,2.321652486375285,0.12065409437564723,0.057690873379753746,0.010043436617921744,0.17502716869487053,0.33243523959265103
44.88636363636363,336.3636363636364,2.3330926839609187,0.11653356838396407,0.05596301549514681,0.009884083205274188,0.17870731522207814,0.33073965435715835
55.68181818181818,336.3636363636364,2.345905036118263,0.11281876073978865,0.05411862657182236,0.009497556688252412,0.18229106735411768,0.329476984094236
66.47727272727272,336.3636363636364,2.3604677154198517,0.10962446748130171,0.05177569991241367,0.00886519310075344,0.18575007865723897,0.32876864788791627
77.27272727272727,336.3636363636364,2.3771091264801925,0.10707702576980842,0.04933917293975369,0.008164979108923913,0.18904380825529432,0.328738927191096
88.06818181818181,336.3636363636364,2.3960371418576396,0.1052915947362475,0.04762436791993149,0.007682747747323792,0.19212556509517612,0.32949137016750574
98.86363636363636,336.3636363636364,2.4172419485579963,0.10433876476008823,0.04722812102064685,0.007630375577389881,0.19495212042211887,0.33107484187414593
109.6590909090909,336.3636363636364,2.440405439216287,0.10421343100784308,0.047964116136218565,0.007939416585605132,0.19749266380311742,0.33345187199634146
120.45454545454545,336.3636363636364,2.464931259236464,0.10484779515603686,0.049009792856285705,0.008332682473418281,0.19972423178556403,0.3365110458493606
131.25,336.3636363636364,2.490060326775987,0.10615007654293768,0.049548979465829174,0.00855775111963296,0.20162087100464393,0.3401066709332709
142.04545454545453,336.3636363636364,2.5149730677994846,0.10802908419186867,0.04923599642665107,0.00850701349160361,0.20314983659442296,0.34408703256353196
152.8409090909091,336.3636363636364,2.5388701128475786,0.11040112635371732,0.04832879312858131,0.008251366522843353,0.20427605289706563,0.34830786892624743
163.63636363636363,336.3636363636364,2.5610421934968324,0.11318168619444686,0.04754327842724882,0.008035038459204271,0.20497452815136372,0.35263392567962326
174.4318181818182,336.3636363636364,2.5809410088999973,0.1162653283175258,0.04761416787478987,0.008159028937108053,0.2052499055942433,0.3569322926484262
185.22727272727272,336.3636363636364,2.5982519296010884,0.11950171625818545,0.048708924103511124,0.008702324107400027,0.20515853418156635,0.36106318642328605
196.02272727272725,336.3636363636364,2.6129123780479597,0.12268478242567524,0.05028719737865162,0.00941318091452304,0.20481689705749462,0.36487424969083637
206.8181818181818,336.3636363636364,2.6250556033438763,0.12556491929720828,0.0515857963677373,0.009947603163394289,0.20438834128702965,0.36820318587466927
217.61363636363635,336.3636363636364,2.6349500164295856,0.12787560227838327,0.05212549908236438,0.010090104884949512,0.2040607107766316,0.37089012484411554
228.4090909090909,336.3636363636364,2.6429535596713642,0.12936687005977268,0.05192996314916683,0.009842284139708857,0.204021481555773,0.3727964374291544
239.20454545454544,336.3636363636364,2.649478737796094,0.12984102363379924,0.05147224577596241,0.009434220432061687,0.20443270605648034,0.37382625344789544
250.0,336.3636363636364,2.654963831293977,0.129187936574802,0.051376304846542535,0.009218073091598647,0.20540684779337118,0.37394836297968764
260.7954545454545,336.3636363636364,2.6598465061580887,0.12741875712203488,0.051947648135256666,0.009376453779204715,0.20698383216733968,0.37321723567146964
271.59090909090907,336.3636363636364,2.6645329240386575,0.12467852767740581,0.052898929299956376,0.009722516178702607,0.2091202170822683,0.3717786550377495
282.3863636363636,336.3636363636364,2.669355366075684,0.12121157126684068,0.05361448232548561,0.00992414433895088,0.21170536695554287,0.3698407348627365
293.1818181818182,336.3636363636364,2.6745253063406924,0.11731247137395635,0.05361641852886423,0.009781917197343226,0.21458575163838428,0.3676342652987108
303.9772727272727,336.3636363636364,2.680088283469382,0.11328356496907035,0.052872841941267006,0.009309404640706054,0.21758554451529816,0.365377855406025
314.77272727272725,336.3636363636364,2.6858827905864784,0.10939917429540744,0.051877244095783294,0.008703813690977998,0.22052362130817998,0.36324826793339954
325.5681818181818,336.3636363636364,2.691504649420289,0.10587675701802746,0.05146836215424527,0.008259905740587038,0.2232270082922666,0.3613562293631479
336.3636363636364,336.3636363636364,2.6962784433587554,0.10285592904523955,0.052349537101831795,0.00819712362983118,0.2255403772615199,0.3597285575731033
347.1590909090909,336.3636363636364,2.6992565240194155,0.10039305064660954,0.054566636512803385,0.008481901852282788,0.22732917507227007,0.35830422830689607
357.95454545454544,336.3636363636364,2.699305270538461,0.09849045044692722,0.05754396046419848,0.008897486104661054,0.2284713415311377,0.3569642193479175
368.75,336.3636363636364,2.6952539897072705,0.09714431417517613,0.06058032369671064,0.009248815697667898,0.22884454120945355,0.35558121908292967
379.5454545454545,336.3636363636364,2.686041159088789,0.09638324314844234,0.06323669274295278,0.009459652075417414,0.22831868811700515,0.3540624554493655
390.34090909090907,336.3636363636364,2.670831842565429,0.09628760787685793,0.06543756504882631,0.009573280290323909,0.22675687848779996,0.3523758778735126
401.1363636363636,336.3636363636364,2.6490817757009664,0.09698066707149292,0.06735428334337748,0.009709998473206933,0.22402751957142927,0.35055069971793573
411.9318181818182,336.3636363636364,2.6205187337296745,0.09857617364084013,0.06916920916840867,0.009989755777954632,0.22003365655160997,0.3486383707934598
422.7272727272727,336.3636363636364,2.5850416651531365,0.10107745852312877,0.07085110849096843,0.010434705480585293,0.2147625424297936,0.34663048971917687
433.52272727272725,336.3636363636364,2.5426981890377687,0.10433696802389565,0.07214630943701174,0.010941559535086808,0.20830742285925788,0.3444278002484544
444.3181818181818,336.3636363636364,2.4938008850118467,0.1081328209861219,0.07282555961090434,0.011361178325352156,0.20083416475953617,0.34190669810570656
455.1136363636363,336.3636363636364,2.4389965756548384,0.11224060263023515,0.07299312351020676,0.011598496427397945,0.19254572771673895,0.3389773662604176
465.9090909090909,336.3636363636364,2.3792509073269494,0.11647243315578253,0.0733282918737771,0.01169628213120507,0.1836571756226424,0.33560975635100004
476.70454545454544,336.3636363636364,2.315776964781274,0.12069348444554555,0.07513081641519895,0.011887901870234403,0.1743782077935372,0.3318376678708338
487.5,336.3636363636364,2.249932093635331,0.12482225111102098,0.07996350829435775,0.012551402187526555,0.16490201423150544,0.3277479570416311
12.5,347.1590909090909,2.299259068351028,0.13171990226715205,0.06688387825030176,0.011408352533011874,0.16603066208366182,0.3378754371989064
23.295454545454547,347.1590909090909,2.3089375107547188,0.1269451985676617,0.06103840602175735,0.010650027741224265,0.16991420903780455,0.3355297973000502
34.09090909090909,347.1590909090909,2.3189019703312463,0.12233519214683307,0.05810556653761106,0.010392541157337796,0.17372977949300392,0.33333104871134084
44.88636363636363,347.1590909090909,2.329529238148499,0.11797811498332814,0.056372165723015386,0.010190062041284753,0.17746475441577778,0.33138168184191014
55.68181818181818,347.1590909090909,2.341243032986989,0.11398222398223173,0.054599110953053455,0.009786803586200753,0.18109954328277458,0.32980334058468513
66.47727272727272,347.1590909090909,2.354475742435406,0.1104743829253442,0.052400280289085784,0.009166283146956382,0.18460435901412042,0.32873174722989107
77.27272727272727,347.1590909090909,2.369612464450304,0.10758637785763922,0.05014433833608781,0.00849652008173972,0.1879414392678623,0.3283010705019667
88.06818181818181,347.1590909090909,2.386916862337938,0.10543163696272077,0.04857184956658545,0.008032556640071492,0.19107106605382268,0.32861957339438
98.86363636363636,347.1590909090909,2.406442883568957,0.10407638123138344,0.04820546627798658,0.007949621840449823,0.19395940872917447,0.3297398186724003
109.6590909090909,347.1590909090909,2.4279700765948244,0.10352028189977427,0.04887691833184022,0.008189494475379673,0.19658319772641178,0.33163810785573483
120.45454545454545,347.1590909090909,2.451026195609476,0.10370848863412375,0.04985147033109969,0.00851872983721647,0.19892494278386125,0.3342253916919321
131.25,347.1590909090909,2.4749787946974933,0.1045635202873842,0.050383137296924424,0.008716532706148748,0.20096362506976737,0.3373795676856376
142.04545454545453,347.1590909090909,2.4991301475827,0.1060094374688146,0.05015321010573167,0.008689095931650726,0.20267035562358007,0.3409726746229844
152.8409090909091,347.1590909090909,2.5227941223006263,0.10797902938372986,0.04940293576866549,0.008502472774505257,0.20401226351047044,0.3448841568404186
163.63636363636363,347.1590909090909,2.5453601956923695,0.11040463190595334,0.04878454981881344,0.008364079707901099,0.20496479690557123,0.34900118635779154
174.4318181818182,347.1590909090909,2.5663534302826516,0.11319677013939368,0.04894427443131409,0.008509091220511196,0.20553087037419338,0.353209946759502
185.22727272727272,347.1590909090909,2.585485392373013,0.11622010734293559,0.05002440150363595,0.008994069720893652,0.20576065758112172,0.3573840483251404
196.02272727272725,347.1590909090909,2.6026629664784258,0.11928148627868758,0.05155316802493438,0.009623192022383311,0.20575967593416777,0.36137701114445137
206.8181818181818,347.1590909090909,2.617947526156527,0.12213856324317607,0.05284151028868408,0.010112524758611609,0.2056792808870698,0.3650240235733602
217.61363636363635,347.1590909090909,2.6315042435225338,0.12452470439510846,0.05344236710683762,0.010274092870941732,0.20569639234225107,0.36815414895118626
228.4090909090909,347.1590909090909,2.643563773806355,0.1261829730398002,0.05336643953691487,0.010105811885849044,0.20598910564079656,0.370610277173543
239.20454545454544,347.1590909090909,2.6543965470754363,0.12690413303705142,0.053031740970699175,0.009799816848632502,0.20671124452507408,0.3722732577637185
250.0,347.1590909090909,2.6642949053326865,0.126565087098925,0.05297993822303598,0.00963784819848904,0.20796748931826758,0.3730871755282076
260.7954545454545,347.1590909090909,2.6735564411359336,0.12516176841051133,0.053468022233577515,0.009759043648074306,0.2097919476470292,0.37308083243459667
271.59090909090907,347.1590909090909,2.68245953130477,0.12281907645272692,0.054251280558935445,0.010020157413000228,0.21213961255646205,0.37237216822655683
282.3863636363636,347.1590909090909,2.69122555137003,0.11976468394348386,0.05479051834031567,0.010151629277795386,0.2148979931635081,0.371145719017984
293.1818181818182,347.1590909090909,2.699972965755771,0.11628436861260914,0.054658376800139095,0.009981793562705793,0.21790892112161214,0.36961614857705866
303.9772727272727,347.1590909090909,2.7086715353726754,0.11267765800383205,0.053833814922537644,0.00952387443060836,0.22099018252098063,0.3679920134281211
314.77272727272725,347.1590909090909,2.7171015094437596,0.10921890117310779,0.052777874239478044,0.008957005273148346,0.22395443727013195,0.36644389548701156
325.5681818181818,347.1590909090909,2.7248200864642147,0.10612529758851078,0.05225217607759325,0.008541959445902025,0.226624754678496,0.3650782274205871
336.3636363636364,347.1590909090909,2.7311397230304295,0.10353489911621828,0.05287583768348711,0.008465911601082038,0.22884545035813064,0.3639194304399012
347.1590909090909,347.1590909090909,2.735140045433926,0.10150360785992854,0.05468644937864989,0.008703390075268626,0.23048514822256866,0.36290905961219355
357.95454545454544,347.1590909090909,2.7357461108343117,0.10003109318715427,0.057162902545775766,0.009066681524199028,0.23142962322839386,0.3619324585433981
368.75,347.1590909090909,2.7318576535314025,0.09910419566764651,0.05965598022295722,0.009373717780458469,0.23156962121237826,0.3608632049788076
379.5454545454545,347.1590909090909,2.722482738200878,0.09873549614099514,0.06176635212018661,0.009547866664253463,0.23079203710671697,0.35960460709958614
390.34090909090907,347.1590909090909,2.7068454191071147,0.09898315323134585,0.06345784497869679,0.009629916503277079,0.22897952002831115,0.3581151890841503
401.1363636363636,347.1590909090909,2.6844437964792696,0.09994143298177924,0.06494066369699777,0.009738939138554791,0.2260223125174274,0.3564081750928208
411.9318181818182,347.1590909090909,2.655037792157659,0.10169156559847449,0.0664221795154009,0.009992334391428274,0.22184631690228435,0.35451544222507847
422.7272727272727,347.1590909090909,2.618586640485665,0.10422639253307514,0.06788015434278552,0.010412527981474675,0.21645147175714746,0.3524275898504725
433.52272727272725,347.1590909090909,2.5752357883065655,0.10742123227717622,0.06905246742516416,0.010900522057632792,0.20992776782064254,0.35007194638094846
444.3181818181818,347.1590909090909,2.525382719210881,0.11108235538801182,0.069677024029897,0.011306744814448953,0.20243328641723313,0.3473538493114322
455.1136363636363,347.1590909090909,2.4697235929971124,0.11500891560882309,0.06982130072888511,0.011534116520025488,0.194162154500902,0.3442053970092511
465.9090909090909,347.1590909090909,2.4092364111822,0.11903196388304921,0.07015046263741116,0.011626043809848493,0.18531943826117017,0.34061124088885497
476.70454545454544,347.1590909090909,2.34511607060502,0.12303135306956531,0.07198545935850378,0.0118167115607271,0.17610412777026033,0.33661362433428954
487.5,347.1590909090909,2.278682289432148,0.12693642781835254,0.07692688627133003,0.012478134441664098,0.16669892387420243,0.332303069617765
12.5,357.95454545454544,2.2981227693410564,0.13389626733735782,0.067508858161324,0.01188856181681119,0.1646091312129056,0.3392932416117404
23.295454545454547,357.95454545454544,2.3079089222546254,0.12902755257979295,0.06156591011289634,0.011098118653714033,0.16856032365085358,0.33689259823586354
34.09090909090909,357.95454545454544,2.317633039226365,0.12424137053740116,0.05854459035964284,0.010783651694626242,0.17245559180829384,0.3345437046335471
44.88636363636363,357.95454545454544,2.327688323998314,0.1196452765565075,0.05679069356402715,0.010535861431698487,0.17627251622458812,0.332364460490945
55.68181818181818,357.95454545454544,2.3385287422444994,0.11536568065163466,0.05509260218611095,0.010116565731079373,0.17998387787334674,0.3304925641566737
66.47727272727272,357.95454545454544,2.3506194959324023,0.11154112164818922,0.053055977517626966,0.009510674970698092,0.18355640570521248,0.32907548547843835
77.27272727272727,357.95454545454544,2.3643752939725813,0.10830645791137344,0.051003877587711986,0.00887268760082699,0.1869536533331708,0.32825271735434153
88.06818181818181,357.95454545454544,2.3800896504410907,0.10577082913386257,0.04959397176213806,0.00842517435968302,0.19014164300709513,0.3281326681552689
98.86363636363636,357.95454545454544,2.397864963683567,0.1039956022633973,0.049275995355711984,0.008311498145840032,0.19309460218733562,0.3287696260548911
109.6590909090909,357.95454545454544,2.4175717271994146,0.1029843717975709,0.04989578212325957,0.00848261440745394,0.19579659747292097,0.33015234711540775
120.45454545454545,357.95454545454544,2.4388675331256797,0.10269492183174603,0.050803737790738455,0.008745424653033934,0.19823640901572653,0.3322145356610188
131.25,357.95454545454544,2.461265905629222,0.10306527636192446,0.05133008841862329,0.008911838312361068,0.20039929007403526,0.3348605896480649
142.04545454545453,357.95454545454544,2.4842169212700616,0.1040357896102906,0.051186635940851745,0.008901850075934263,0.20226234768253948,0.33798980087528036
152.8409090909091,357.95454545454544,2.5071767252152664,0.10555638185237086,0.05059458153615181,0.008773945211914788,0.20379761825897566,0.3415088706148247
163.63636363636363,357.95454545454544,2.529662766138815,0.10757692026095264,0.05013652599064941,0.008698042877466217,0.2049836954257739,0.34533098806451223
174.4318181818182,357.95454545454544,2.5512976272150767,0.11002496798205742,0.050372827109214535,0.008853537660959237,0.20582369257590624,0.3493647638529814
185.22727272727272,357.95454545454544,2.571837602402141,0.11278133660798971,0.05142324565092481,0.009280559549410103,0.2063628943174823,0.35349998668556437
196.02272727272725,357.95454545454544,2.5911733093356526,0.11566716705580235,0.052879715728431406,0.009830121846678383,0.20669654207005214,0.35759855436131543
206.8181818181818,357.95454545454544,2.6093021696050154,0.11845048028227914,0.05413129340801787,0.010275634073303242,0.20696299006771324,0.361496175987614
217.61363636363635,357.95454545454544,2.626292170202424,0.1208698061677938,0.054769592738445595,0.010458904748966545,0.20732572751615766,0.36501522091557315
228.4090909090909,357.95454545454544,2.6422529726285924,0.12266813395233181,0.05479591504570791,0.010374157376809919,0.20795001480196423,0.36798564745898904
239.20454545454544,357.95454545454544,2.657318743716123,0.12363171330425965,0.054575567941244414,0.010173250781397617,0.20897786872710955,0.37027060888412244
250.0,357.95454545454544,2.6716400675071172,0.12362908994957435,0.05457545363991961,0.010070740436406314,0.21050387420779737,0.3717931918767262
260.7954545454545,357.95454545454544,2.6853766653846396,0.12264216548292711,0.055013157921564415,0.010167766194066452,0.21255584828893498,0.3725576018911767
271.59090909090907,357.95454545454544,2.6986792920405254,0.12077559959190055,0.05568129116782165,0.010356564426768652,0.2150872943658893,0.3726538837274934
282.3863636363636,357.95454545454544,2.7116546443022385,0.11823716787003809,0.05611309473734715,0.010427300023311508,0.21798540489667398,0.37224029860044094
293.1818181818182,357.95454545454544,2.724318956149219,0.11529884439489178,0.05593125707688246,0.010240130143820931,0.22108937852774818,0.3715108687130533
303.9772727272727,357.95454545454544,2.736551332677198,0.11225308728812777,0.055120131959968476,0.009809657731464258,0.22421157608897826,0.3706595024007999
314.77272727272725,357.95454545454544,2.7480544016235853,0.10937181207471731,0.05409324047470677,0.009294917996555978,0.22715784930291025,0.3698467985537755
325.5681818181818,357.95454545454544,2.7583258366815113,0.10687133331290782,0.05351421100062013,0.008920742392507171,0.229745460157368,0.3691722280437793
336.3636363636364,357.95454545454544,2.7666469082322322,0.10488831204882078,0.053903887213213965,0.008843681022010089,0.2318162357801736,0.36865590910220664
347.1590909090909,357.95454545454544,2.772104033999086,0.10347579766888718,0.0552825598249515,0.009043423164847705,0.2332412277604025,0.3682381027521237
357.95454545454544,357.95454545454544,2.7736587807001305,0.1026251038416216,0.057189926376239486,0.009358462438744155,0.2339150906203135,0.36780213113051585
368.75,357.95454545454544,2.7702561195187907,0.10230452069762246,0.059049670981590384,0.009620855373176649,0.23374447103480342,0.3672132714967059
379.5454545454545,357.95454545454544,2.7609409869658834,0.10249634544519175,0.06052202400051941,0.009754180045722182,0.232638286009346,0.3663573453921876
390.34090909090907,357.95454545454544,2.744956842891285,0.10321688825716392,0.061625958476422125,0.009797312289423285,0.23050625857133739,0.3651653544661492
401.1363636363636,357.95454545454544,2.7218071405171274,0.10450976761904111,0.06262549239088791,0.009870710020011058,0.2272694676096479,0.3636152832739772
411.9318181818182,357.95454545454544,2.691268958517711,0.10640997343264734,0.06376887077904725,0.010094548149067071,0.2228832745277811,0.3617081418395187
422.7272727272727,357.95454545454544,2.6533741716694728,0.10889628970721892,0.06505170944207511,0.01049426540142976,0.21736375074105216,0.35943232271484277
433.52272727272725,357.95454545454544,2.6084017370483554,0.11187227135218958,0.06620040549678742,0.010972451198162,0.21079822468452236,0.3567493298801328
444.3181818181818,357.95454545454544,2.556893613335995,0.11519210288696527,0.06691280499684091,0.011377349182201306,0.20333152340453844,0.3536137561951038
455.1136363636363,357.95454545454544,2.499657816218053,0.1187029333176237,0.06720754492071346,0.01160997701231829,0.19514099883102567,0.35000354071262435
465.9090909090909,357.95454545454544,2.4377354695652254,0.12227669868947869,0.06771367795931017,0.011714085289529112,0.18641400364468486,0.3459389609705001
476.70454545454544,357.95454545454544,2.3723383030738145,0.12582507453814182,0.06973531331606936,0.011919725111013664,0.17733230273683492,0.3414865517584575
487.5,357.95454545454544,2.304770417858395,0.1293002262984423,0.07486674474853465,0.012583463087485279,0.16806329708551784,0.33675130799476294
12.5,368.75,2.2968410540485507,0.13608403239612174,0.0679512612583689,0.01216294717534779,0.1631653089247702,0.3407036272910978
23.295454545454547,368.75,2.306963143124611,0.13113578145813762,0.06182547632116049,0.011347449386388039,0.16719979033424648,0.3382825081799553
34.09090909090909,368.75,2.316698552685314,0.12618803439312626,0.058663154877872395,0.01100359418585508,0.17119281041169057,0.335820585100901
44.88636363636363,368.75,2.3264454771235377,0.12136697981807641,0.056846605575953335,0.010732335235649879,0.17511134584453675,0.3334494632761259
55.68181818181818,368.75,2.336671535925377,0.11681654016995154,0.05517013190057436,0.010300152273223133,0.17891916571669192,0.3313206762684678
66.47727272727272,368.75,2.347852723880019,0.11268590182204458,0.053223261397908846,0.009692216217335565,0.18257778494045104,0.3295903709200023
77.27272727272727,368.75,2.3604095287378555,0.10911234806410593,0.0512958040228366,0.009058013106986389,0.1860499231450242,0.3284003697566787
88.06818181818181,368.75,2.374645786092366,0.10620164242761801,0.04999731626352439,0.008607625158997998,0.1893047188225099,0.3278577927750619
98.86363636363636,368.75,2.3906992751553764,0.10401169264909861,0.04973664575728171,0.00847191794357836,0.19232223275568205,0.32801824850574557
109.6590909090909,368.75,2.4085200605914863,0.1025483307649379,0.05035920047089986,0.008604145734051289,0.19509366438705078,0.3288805449983272
120.45454545454545,368.75,2.427889065775384,0.10177818477693774,0.05125200927667519,0.008826907691825215,0.19761563685771186,0.3303977675273631
131.25,368.75,2.4484703454157577,0.10165216556145312,0.05178462068795995,0.008967640253493834,0.19988172560694142,0.3324994487468844
142.04545454545453,368.75,2.4698756986530195,0.10212599306816227,0.0516886070362218,0.008954408915874583,0.2018770698525994,0.3351129591157506
152.8409090909091,368.75,2.4917228342724207,0.10316725013091843,0.051179025316291746,0.008842214962988561,0.20358034870833,0.3381746855766395
163.63636363636363,368.75,2.513678066373811,0.10474529825575532,0.05080719241991276,0.00878215165522236,0.20497435217638393,0.34162744645694554
174.4318181818182,368.75,2.5354813343825406,0.10680740443828615,0.05109443320989035,0.008928008250855452,0.20606291082040856,0.34540627564552356
185.22727272727272,368.75,2.5569542676293815,0.10925222768848954,0.05214806752647523,0.009313841118717369,0.20688759842839133,0.34942053517389554
196.02272727272725,368.75,2.5779934281128662,0.11191590554497131,0.05358518318219,0.009814648276901643,0.20753532731656296,0.35354335867076336
206.8181818181818,368.75,2.5985527235512262,0.11457897890815108,0.05483023525386069,0.010235837548484538,0.20813233806007997,0.3576146753872901
217.61363636363635,368.75,2.6186211791523286,0.11699033738454243,0.055494715610669564,0.010437799325769725,0.20882752386901532,0.3614557742129028
228.4090909090909,368.75,2.6382034356113637,0.1189001962810482,0.05557737681942946,0.010412217540509887,0.20977064792164635,0.3648905435440601
239.20454545454544,368.75,2.6573094249094917,0.12009698165484514,0.05542106343489364,0.010285520742397889,0.2110892022110101,0.3677704512043384
250.0,368.75,2.6759549003098573,0.1204444758689116,0.05546226249828801,0.010233680478003116,0.2128662660939436,0.3700008639285805
260.7954545454545,368.75,2.6941645897089423,0.11991173917794518,0.05590486236489281,0.010336633136050983,0.21512296106650852,0.37156253851865917
271.59090909090907,368.75,2.7119612900578116,0.11858379483958005,0.056559504287868496,0.010503178378974156,0.21781090458510005,0.37251801570327875
282.3863636363636,368.75,2.7293312609167275,0.11664663505273086,0.05699259772610393,0.010555558975445177,0.22081748669566528,0.3729973351739262
293.1818181818182,368.75,2.746175163141816,0.11435357444562357,0.05684890395455159,0.010373316261952266,0.2239807545548962,0.3731690241026264
303.9772727272727,368.75,2.7622614896578277,0.11198491477860996,0.05610880502231306,0.009972749329622884,0.22710855938319044,0.37320662175040703
314.77272727272725,368.75,2.777192277390371,0.10980765147228008,0.055147516647790024,0.009502339713352504,0.22999898569503027,0.37325654091941524
325.5681818181818,368.75,2.790383844136152,0.1080380158855763,0.05455733766688033,0.009169727541508568,0.23246068524361438,0.37340953370312285
336.3636363636364,368.75,2.8010663423731375,0.10681243790136775,0.05478513789739056,0.009117110697157168,0.2343301820367592,0.3736801136320921
347.1590909090909,368.75,2.8083112375775965,0.10617794456519171,0.05582212282775254,0.009322266102369808,0.23548053496638166,0.3740026921495672
357.95454545454544,368.75,2.8110935692871624,0.10610944114511059,0.05723265530629306,0.009628025198231721,0.23581763819312074,0.3742504242591414
368.75,368.75,2.808381605975579,0.10654562164488712,0.05848967950399243,0.009865511226223794,0.235268304671701,0.374270141720934
379.5454545454545,368.75,2.7992351621162155,0.10742463347996786,0.05931140850739012,0.00995416993251516,0.23376941863589223,0.37391803448258226
390.34090909090907,368.75,2.7828955619231013,0.10870466259527908,0.059788866373794824,0.0099358342983454,0.23126521032655517,0.37308378121933605
401.1363636363636,368.75,2.758857292140712,0.1103641172669006,0.06027236690885215,0.009946977431195646,0.22771477325693248,0.3716983063911852
411.9318181818182,368.75,2.7269162037334858,0.11238500656987412,0.06108728707763151,0.010129600953063651,0.2231071279421486,0.36972715914408083
422.7272727272727,368.75,2.6871913498538826,0.11473174205844598,0.062261816527414846,0.010519149457157564,0.21747621438327794,0.36715784998475404
433.52272727272725,368.75,2.6401195814076006,0.11734111950290435,0.06349604928078421,0.01100838126509299,0.21090630361904925,0.36399219227883906
444.3181818181818,368.75,2.5864254503110646,0.1201302365501509,0.06442383958305642,0.01142781461319791,0.20352406254238772,0.36024869662716336
455.1136363636363,368.75,2.527072448732014,0.12301511535430759,0.06499707072413508,0.011668116300020733,0.19548223482123286,0.35597054729326977
465.9090909090909,368.75,2.463203003315048,0.1259283830622516,0.06579656816561312,0.01177336364376189,0.18694268785806012,0.35123171552579135
476.70454545454544,368.75,2.396074063269763,0.12882892889183173,0.06809822340366484,0.011977467186645958,0.17806378545637772,0.34613693106844756
487.5,368.75,2.3269934758350637,0.1317020993944579,0.0734792783897749,0.012636068633969998,0.1689934985998876,0.34081504768321236
12.5,379.5454545454545,2.2941923624161524,0.13806289321093623,0.06818539057025307,0.012120771151641958,0.16170081780392084,0.34182080291804534
23.295454545454547,379.5454545454545,2.3048541963853784,0.13305918686236673,0.06175721374009931,0.01128813564013109,0.16582589220668487,0.3394179284124607
34.09090909090909,379.5454545454545,2.3148474495699745,0.12797988430178958,0.05837130652171982,0.01095225203415222,0.16992497496917602,0.33689043773205357
44.88636363636363,379.5454545454545,2.3245631056867597,0.12296715405385869,0.05641925056875883,0.010688195359500533,0.17395472577989987,0.33438046685043993
55.68181818181818,379.5454545454545,2.3344641854249613,0.11817949707131009,0.054672824381186994,0.010247593371376465,0.1778697122059504,0.3320493672763177
66.47727272727272,379.5454545454545,2.3450153779762006,0.11377454459275499,0.05269735361315821,0.009615011519169036,0.1816251991524093,0.3300580532075786
77.27272727272727,379.5454545454545,2.35662151809878,0.10989178130626598,0.05077163895707607,0.008949403999754971,0.185180924524027,0.32854823743994493
88.06818181818181,379.5454545454545,2.3695793021188227,0.10663544989679055,0.04950641617829172,0.008475751586039427,0.18850617571625009,0.3276252047424102
98.86363636363636,379.5454545454545,2.384047431768375,0.10406151074858948,0.049308023148734184,0.00833394618519154,0.19158440433712287,0.32734541391087074
109.6590909090909,379.5454545454545,2.40004088574875,0.10217610833733087,0.05000115216109396,0.008469758503386814,0.1944135329130367,0.32771480369418093
120.45454545454545,379.5454545454545,2.4174505278348186,0.10095002818820395,0.050945832632635205,0.008691143071329744,0.19699940272489352,0.32870110150610826
131.25,379.5454545454545,2.436083345353795,0.10034266347187298,0.05149835040750204,0.008818500459641556,0.19934573477262224,0.3302550517550778
142.04545454545453,379.5454545454545,2.4557125835357145,0.10032249963775164,0.05139385316169563,0.008781313025724215,0.2014472248999919,0.3323302356866456
152.8409090909091,379.5454545454545,2.4761234771692235,0.1008742741971004,0.05086294865206819,0.008639050955117456,0.20329013308980892,0.3348930014942833
163.63636363636363,379.5454545454545,2.4971422440144173,0.1019885063035033,0.05048034249783309,0.008547582918021334,0.20486162671003808,0.3379181476184647
174.4318181818182,379.5454545454545,2.5186420057426266,0.10363495943627567,0.05078764154996684,0.00866523292109037,0.20616626924370587,0.34137079029082995
185.22727272727272,379.5454545454545,2.5405306349524306,0.10573163063705941,0.05189122604419939,0.009028735231028939,0.20724325842792612,0.3451831443271933
196.02272727272725,379.5454545454545,2.5627364981488565,0.10812974493359194,0.053385908134871166,0.009514663707491064,0.2081738758649894,0.34924239612318936
206.8181818181818,379.5454545454545,2.585199524826417,0.11062437505820984,0.05467369695358931,0.009932058871956383,0.20907419011509024,0.35339726147287437
217.61363636363635,379.5454545454545,2.607860517134777,0.11298069644289634,0.05535705581013042,0.010145202330588998,0.21007822899967363,0.3574754107347145
228.4090909090909,379.5454545454545,2.6306473205543632,0.11496459514468839,0.05543991146502531,0.010145332167903271,0.21131821650001908,0.3613036375245898
239.20454545454544,379.5454545454545,2.6534669629875016,0.11637438906802457,0.05528283639215679,0.0100531959763772,0.212904779668943,0.36472944985438227
250.0,379.5454545454545,2.6762123031025453,0.11707362952780587,0.055346944724325546,0.01003783046489023,0.2149080543820919,0.3676449695471766
260.7954545454545,379.5454545454545,2.6987775511124514,0.11702052013391809,0.05585190824484421,0.010175054424021418,0.21734175697808056,0.3700093844220839
271.59090909090907,379.5454545454545,2.721056773977635,0.11628111254616166,0.05660343073332192,0.010373064096796872,0.2201551394739624,0.3718581189911946
282.3863636363636,379.5454545454545,2.742907072392147,0.11501729595506671,0.0571508425426403,0.01045552259678798,0.22323624731164393,0.373290423009973
293.1818181818182,379.5454545454545,2.764094695184257,0.11345762045007807,0.05712271213269947,0.010302469168053269,0.226423619194255,0.37444300681732473
303.9772727272727,379.5454545454545,2.7842514966128085,0.11186306304731873,0.05648557773282351,0.009929215864356977,0.22952211009871049,0.37546120193071764
314.77272727272725,379.5454545454545,2.802851228480597,0.11049130780176063,0.055597648118977896,0.009485920082701377,0.2323217135820275,0.37647118237583965
325.5681818181818,379.5454545454545,2.8192038523423317,0.10955847841632778,0.05502603034871181,0.009188058184098612,0.23461982460830552,0.3775523030065776
336.3636363636364,379.5454545454545,2.8324665942076734,0.10920175937466682,0.05518313700270992,0.009184811411822253,0.23624475356167662,0.3787118481991164
347.1590909090909,379.5454545454545,2.8416755290911695,0.10945855342353379,0.056023790958308686,0.009446253021210238,0.2370715435840063,0.3798736575679453
357.95454545454544,379.5454545454545,2.8458013368400823,0.11027885947977939,0.05709069611044541,0.009793062142901763,0.23702050858997317,0.38089281247942314
368.75,379.5454545454545,2.8438235887905385,0.11156193689850182,0.05786261184084152,0.01003275081671088,0.23604323048006837,0.38158946630144924
379.5454545454545,379.5454545454545,2.8348116419781264,0.11319204094202948,0.0580965811733556,0.01007124696003278,0.23410981473924022,0.3817827213062941
390.34090909090907,379.5454545454545,2.8180049197107313,0.1150595840052292,0.05796277550731427,0.009958026886938507,0.2312047901601488,0.38131413580884344
401.1363636363636,379.5454545454545,2.7928938091868436,0.11706959442767471,0.05792969286105845,0.009866556039181941,0.2273306651015616,0.38006231598340084
411.9318181818182,379.5454545454545,2.7593024073819623,0.11914734242451006,0.05844112137500899,0.009990105399685142,0.22251337339188287,0.37795570148435464
422.7272727272727,379.5454545454545,2.7174514402031433,0.12124568506385809,0.05957449114515017,0.010384984641374988,0.21680458248248974,0.3749844560238046
433.52272727272725,379.5454545454545,2.6679547058896063,0.12334415062150782,0.060983890973076875,0.010915101101653918,0.21028186204621266,0.3711994413983777
444.3181818181818,379.5454545454545,2.6117411704095868,0.12543704222701316,0.062210071991636924,0.011367860198030834,0.2030475005569375,0.3666955138154321
455.1136363636363,379.5454545454545,2.5499521471363833,0.12752490643074105,0.06312277738675216,0.011611129608805448,0.19522265885951684,0.36159454716183814
465.9090909090909,379.5454545454545,2.483852096615469,0.1296148980669033,0.06425480482635465,0.011691610201794458,0.18693765718407515,0.356036196026879
476.70454545454544,379.5454545454545,2.4147604360877373,0.1317234844937356,0.06686401858600545,0.011863280005903712,0.1783231005585793,0.350172549127957
487.5,379.5454545454545,2.344001320358039,0.1338757224615138,0.07252248824208044,0.012506303383576901,0.16950496535519105,0.3441622724425413
12.5,390.34090909090907,2.288990447527424,0.139626407757095,0.06854098305179637,0.011860603521519193,0.16021275541642266,0.3423725371060801
23.295454545454547,390.34090909090907,2.300361513453586,0.13460063826888363,0.06168495839952856,0.011011577864101117,0.16442650898018427,0.34002955768858656
34.09090909090909,390.34090909090907,2.310848182018248,0.12943661785175614,0.05796455738257245,0.01070726114878958,0.16862874016410598,0.33749469059048876
44.88636363636363,390.34090909090907,2.320820377798157,0.12428809732617761,0.055775605038732565,0.010469531559706466,0.17276694552894856,0.3349160191837419
55.68181818181818,390.34090909090907,2.3307152667606164,0.11932269168951809,0.05385566619334964,0.010021298200524064,0.17678749405266322,0.33245858677745926
66.47727272727272,390.34090909090907,2.3409630713785368,0.11470231471194507,0.05174113240673184,0.009345807762238223,0.18063942261542645,0.3302826666325281
77.27272727272727,390.34090909090907,2.351932485002624,0.11056720791088956,0.04971323272093742,0.008621648312877265,0.184278169763806,0.328526659563252
88.06818181818181,390.34090909090907,2.3638960282601076,0.1070210875056385,0.04841802635962421,0.00811046845281518,0.18767076411480446,0.32729290472112693
98.86363636363636,390.34090909090907,2.377017426933981,0.10411909990202974,0.0482867911582981,0.007979578987467597,0.19080167848968893,0.32663782018054044
109.6590909090909,390.34090909090907,2.3913597876210986,0.10186611424426072,0.04910259666882376,0.00815687972028886,0.1936747205309199,0.32657156598002396
120.45454545454545,390.34090909090907,2.4069061867358172,0.10023316722095438,0.05014601661964691,0.008409413943104141,0.19630539702950414,0.3270718627169678
131.25,390.34090909090907,2.4235899853117733,0.09918410086593184,0.050721825768216565,0.00853465139827745,0.19870822227143833,0.328106052173748
142.04545454545453,390.34090909090907,2.4413330265477673,0.09869687128126108,0.050558492162778634,0.008460456643555155,0.20088805007662003,0.329650229200527
152.8409090909091,390.34090909090907,2.4600804780718173,0.09877103947371761,0.049918303091598726,0.00825718457694033,0.202839306134678,0.3316982467664059
163.63636363636363,390.34090909090907,2.4798182458931874,0.09941762594633574,0.04944045785712344,0.008102219154342373,0.20455390444792773,0.33425639647217237
174.4318181818182,390.34090909090907,2.5005623629276683,0.10063014599790002,0.049734760814055166,0.008180174868768902,0.20603742684713147,0.33732180006015183
185.22727272727272,390.34090909090907,2.5223257121081475,0.10234653621374033,0.050916381842358985,0.008535807122476086,0.20732833322634217,0.3408519480845079
196.02272727272725,390.34090909090907,2.5450954469433915,0.1044328540577524,0.052519001747159,0.009029358292958102,0.2085052990517387,0.34475077153773676
206.8181818181818,390.34090909090907,2.568833818401882,0.10670190811116738,0.053878571314304374,0.009453757396798068,0.20967617010805228,0.34888190202958036
217.61363636363635,390.34090909090907,2.5934752314326177,0.10894292575013242,0.05456835295574269,0.009668326888323442,0.21095992002841052,0.35308933444262813
228.4090909090909,390.34090909090907,2.6189116193007314,0.11094777584205087,0.05460331242390048,0.009666152780608766,0.21246942300167793,0.35721441036467244
239.20454545454544,390.34090909090907,2.644980274054189,0.11253452974842529,0.054391225992775245,0.009576068755135598,0.21429607852872526,0.3611111810642251
250.0,390.34090909090907,2.671470915426646,0.11357305412215028,0.0544607561836404,0.00958283660240131,0.2164952698370479,0.3646652548495519
260.7954545454545,390.34090909090907,2.6981545289299054,0.11401383423397049,0.05507127693025125,0.009771662285273448,0.21907220898695118,0.367817245740971
271.59090909090907,390.34090909090907,2.7247953679161228,0.11390495254341068,0.05600300232430761,0.010038602407891483,0.22197306818591728,0.3705760554143425
282.3863636363636,390.34090909090907,2.7511079964075837,0.11338080210603338,0.056747790664675044,0.010187147892724686,0.22508715197056872,0.3730063206378856
293.1818181818182,390.34090909090907,2.7766979255443567,0.11263666788375218,0.05689002225388633,0.010083420833983359,0.22825576822652557,0.37520412249235496
303.9772727272727,390.34090909090907,2.8010273292075603,0.11190344723056082,0.05637668912926905,0.009737297581661685,0.23128368559890933,0.3772754635532716
314.77272727272725,390.34090909090907,2.823408642922141,0.11142042161173102,0.05556696884700682,0.009306991317824627,0.2339547235134733,0.3793163352787174
325.5681818181818,390.34090909090907,2.843016936383189,0.11139937274277345,0.055041463084603275,0.009035062950815409,0.2360545130627395,0.3813886639956402
336.3636363636364,390.34090909090907,2.858913838004702,0.11197731007798076,0.05521475384377446,0.009098312067075277,0.2374012933109414,0.3834894344130572
347.1590909090909,390.34090909090907,2.8700828696697194,0.11317756185053862,0.0560046035114538,0.009456437446312324,0.23787292417447245,0.3855269409900287
357.95454545454544,390.34090909090907,2.8754806926384155,0.11491774746036086,0.05689928415457607,0.009886236502275481,0.23740757707774596,0.38733187954969583
368.75,390.34090909090907,2.8740994635517656,0.11705247189901709,0.05734974246167942,0.010153211410329618,0.23598485863400573,0.38869417107620197
379.5454545454545,390.34090909090907,2.8650314192280457,0.11941010102972714,0.05712921958696498,0.01014073494746399,0.23361070880111526,0.3893958377357221
390.34090909090907,390.34090909090907,2.8475366538678357,0.12181354524124101,0.0564761931131684,0.009906234296775408,0.23031219531337557,0.38923291213501227
401.1363636363636,390.34090909090907,2.821125174934092,0.12409534918392713,0.055983563396851996,0.009675856699213253,0.22613723064798702,0.3880348407001751
411.9318181818182,390.34090909090907,2.785665729091713,0.1261249822261936,0.05623575784186092,0.009724313421488488,0.22114984749265088,0.3856953628933212
422.7272727272727,390.34090909090907,2.7414939607889166,0.12785023381595506,0.05737049197624598,0.010140708576547574,0.21541697420530082,0.38221329200072596
433.52272727272725,390.34090909090907,2.6894130778250775,0.129306470016478,0.05898271242776906,0.010737400472071926,0.20900297403396095,0.37769913063951516
444.3181818181818,390.34090909090907,2.6305606673963897,0.13057665206510363,0.06050820182282505,0.011235158182396765,0.20197936087674698,0.3723326258216226
455.1136363636363,390.34090909090907,2.566255849247687,0.13175340929704343,0.061736978757065554,0.011472388148237842,0.19443119434797623,0.36631968349517313
465.9090909090909,390.34090909090907,2.497887738107552,0.13292368493849058,0.0631650694049318,0.011503268913327917,0.1864543826700426,0.3598696399894437
476.70454545454544,390.34090909090907,2.4268440194046357,0.1341650830451523,0.0660471393841947,0.011615393091307229,0.1781502629315353,0.3531850764060503
487.5,390.34090909090907,2.3544706055597326,0.13554404020785354,0.07196430590692665,0.012233738608657454,0.16962239926174894,0.3464562315590789
12.5,401.1363636363636,2.2802076396095656,0.14060635345728714,0.06960952539915846,0.011679457152916442,0.15869225950679638,0.3421305006059751
23.295454545454547,401.1363636363636,2.2924194746951647,0.13560100213998535,0.06222459659788342,0.010799916069938664,0.1629833072820252,0.33989145340929916
34.09090909090909,401.1363636363636,2.303623017347329,0.13041708185405823,0.0580360792587298,0.010508309815008103,0.16727373834375198,0.33741882436835646
44.88636363636363,401.1363636363636,2.3141470978844114,0.12521240381586765,0.055483718338378514,0.010280729417781291,0.17150424850367157,0.33485919339071196
55.68181818181818,401.1363636363636,2.3243768192266305,0.12015544602669612,0.053297020782949074,0.009815626553170777,0.17561514914865534,0.33237267208889715
66.47727272727272,401.1363636363636,2.3346836581695674,0.11540639263043144,0.05098767819023432,0.009093933306336328,0.17955025756678236,0.3301120576219875
77.27272727272727,401.1363636363636,2.345380807093294,0.11110300399220756,0.04883046614286285,0.00831034762790404,0.18326058720186697,0.3282080887339134
88.06818181818181,401.1363636363636,2.3567009834103616,0.10734748478094096,0.047495608405899815,0.007762492732120157,0.18670983309487107,0.3267577989971979
98.86363636363636,401.1363636363636,2.368797275331677,0.10419443968603374,0.047433401615227855,0.007648981888699526,0.18988165947248936,0.32581609115609494
109.6590909090909,401.1363636363636,2.381763198043104,0.10164681280701979,0.048371886269279955,0.007874899206672234,0.19278426121918243,0.3253950010341608
120.45454545454545,401.1363636363636,2.395653232133364,0.09967429566161079,0.04950273846965749,0.008160876118217817,0.19544154962825236,0.32547889879056924
131.25,401.1363636363636,2.410504431598317,0.09824312729920488,0.050081982902920354,0.008282983859676175,0.1978776441794389,0.32604785860238367
142.04545454545453,401.1363636363636,2.4263654550847398,0.0973377000359496,0.04983478453584732,0.008169347878494564,0.2001070513760968,0.3270960248342423
152.8409090909091,401.1363636363636,2.443322554014508,0.09696815083602127,0.04905509030185022,0.007901439028075167,0.20213289451461616,0.32863974569615306
163.63636363636363,401.1363636363636,2.461508656910636,0.09716121970400961,0.04844683258962547,0.007678333169413785,0.20395334361493678,0.33071207682515846
174.4318181818182,401.1363636363636,2.481082432748492,0.09793140030743888,0.04869617262916697,0.007714109370302112,0.20557662695387074,0.33334015526579236
185.22727272727272,401.1363636363636,2.5021758636777416,0.09923578750739946,0.049931283066487656,0.00806155749841153,0.20704243315694465,0.3365076946252256
196.02272727272725,401.1363636363636,2.5248625930878683,0.10095645404927073,0.05161759252860004,0.008558913191138315,0.20842907353736434,0.34013915564282193
206.8181818181818,401.1363636363636,2.5491692144178453,0.10293030491953947,0.05302438166653257,0.008982170144071185,0.20983684302837766,0.34412205579423016
217.61363636363635,401.1363636363636,2.5750731022196036,0.10498019481033619,0.05369806919013757,0.009187733530491177,0.21136919377925933,0.34832873943810566
228.4090909090909,401.1363636363636,2.6024805198897396,0.1069352034063638,0.05366587280129593,0.009172230039364878,0.21311828848776718,0.35262838274823144
239.20454545454544,401.1363636363636,2.6312042803441367,0.10864494963751027,0.05338388430356554,0.00907353412935361,0.2151540684086346,0.35689473642096514
250.0,401.1363636363636,2.660962796241539,0.10999535558906784,0.05345400453758708,0.009095185467494576,0.2175147318762874,0.36101717015313756
260.7954545454545,401.1363636363636,2.6914165504605436,0.11093437393962957,0.05418134794698835,0.009336513494486928,0.2201952419191344,0.36492274485594833
271.59090909090907,401.1363636363636,2.722197237937053,0.11149345758093822,0.055312030082994824,0.009680032476804823,0.22313759821021167,0.36859449435911923
282.3863636363636,401.1363636363636,2.7528551987055008,0.1117744381917999,0.05627311002587468,0.009907070835468674,0.22623308281292695,0.37205655264625265
293.1818181818182,401.1363636363636,2.782800605287127,0.11192879775615176,0.05660366880527907,0.009867772321087688,0.22932838701789063,0.3753532378435066
303.9772727272727,401.1363636363636,2.8112874855639345,0.11214355274944995,0.0562323386054218,0.00956276006192785,0.23223234614232696,0.3785373712080768
314.77272727272725,401.1363636363636,2.8374304355933484,0.11262441532221924,0.05552248718346547,0.009154289846529988,0.23472778126366609,0.3816601505595329
325.5681818181818,401.1363636363636,2.860239003535423,0.11356575473395195,0.055076928622315606,0.008912718950738264,0.23659311001782368,0.3847535720827562
336.3636363636364,401.1363636363636,2.878657205057871,0.11509725040801429,0.05532891305890911,0.0090508255224124,0.237638432507343,0.387796918600303
347.1590909090909,401.1363636363636,2.8916035603616397,0.11722209014425922,0.056167604762860764,0.009519694113842594,0.23774672527510096,0.39067732553111567
357.95454545454544,401.1363636363636,2.8980200767773376,0.11982207626847559,0.05702845691410481,0.010048890523549528,0.23687600388081662,0.39319860506553334
368.75,401.1363636363636,2.8969251090969,0.12270966506440441,0.057333293718362176,0.010361695912938045,0.23503385131571078,0.39512366640448326
379.5454545454545,401.1363636363636,2.8874622815333275,0.12566447312910453,0.056858530738275445,0.010318221812283427,0.2322608096298016,0.3962055344068402
390.34090909090907,401.1363636363636,2.8689537471595945,0.1284539558788733,0.05588135084637591,0.009979529995341008,0.22862369185109577,0.3962076391569337
401.1363636363636,401.1363636363636,2.840974403725092,0.1308536379693655,0.05507803792707702,0.009618485752495505,0.22421139238518023,0.3949260194295465
411.9318181818182,401.1363636363636,2.80346828519382,0.1326897598263077,0.05514387782437256,0.009593505160696996,0.21912179114656463,0.39223186445348945
422.7272727272727,401.1363636363636,2.7568980450749687,0.1339158850525279,0.056270326810885674,0.010028468869613054,0.21343188542673563,0.38814158954218925
433.52272727272725,401.1363636363636,2.702253649788946,0.13463315060475917,0.05800723508675588,0.010677705067522997,0.20718661392961338,0.382832078969571
444.3181818181818,401.1363636363636,2.6408602105620917,0.13501354218794295,0.059719605108454754,0.011199639432066087,0.20042425134623587,0.37656598388216667
455.1136363636363,401.1363636363636,2.5741927176350594,0.1352379188396844,0.06115015057782544,0.011412323672927244,0.19319372365838536,0.36962818306850875
465.9090909090909,401.1363636363636,2.503752979720024,0.13546945404879118,0.06277566597429261,0.011381564783325169,0.18555738028125315,0.3622939057820385
476.70454545454544,401.1363636363636,2.430995061973957,0.135844355938067,0.06584941640483269,0.011425993707483878,0.17758860282466493,0.35481423384211114
487.5,401.1363636363636,2.3572887128998428,0.13646816995979696,0.0719562906879204,0.012010833484107586,0.16937012153573425,0.34740959448923425
12.5,411.9318181818182,2.2671126978708838,0.14090190701121386,0.07195203404265012,0.011913146132885894,0.15712174406311755,0.3409455710391066
23.295454545454547,411.9318181818182,2.2802586594180774,0.1359672298109063,0.06397145143396082,0.010971653355404211,0.16146999097310433,0.33885592603483067
34.09090909090909,411.9318181818182,2.292384851819697,0.13084330004743286,0.05916740015156971,0.010619037424681397,0.16582278395217842,0.33652392390887537
44.88636363636363,411.9318181818182,2.3037491768038247,0.12568001342271407,0.05610709801618886,0.010342368909511476,0.170117999039865,0.33408299803677916
55.68181818181818,411.9318181818182,2.3146559656846066,0.12063705230247769,0.05357630968857637,0.009839970181690357,0.1742926060608294,0.3316784434830234
66.47727272727272,411.9318181818182,2.3253945981317514,0.11586629535709735,0.051080296071089,0.009089568851492145,0.17828664672892838,0.32944844632314396
77.27272727272727,411.9318181818182,2.336205269930897,0.11149874421426649,0.048860846244203344,0.008285373199501253,0.18204740330640695,0.32751119651718424
88.06818181818181,411.9318181818182,2.347267710372303,0.10763201029475979,0.047547121472271324,0.007728380836083858,0.18553567538282847,0.3259548397304562
98.86363636363636,411.9318181818182,2.358711505727186,0.10431828468726594,0.047543962380279754,0.007618277966346154,0.1887340678607334,0.3248300705447693
109.6590909090909,411.9318181818182,2.3706425227281565,0.10155936025100845,0.04853015730505251,0.007848513672528321,0.19165277836020708,0.32414942558505777
120.45454545454545,411.9318181818182,2.3831631308975867,0.09932530451363551,0.04966668960145677,0.008127361038335534,0.19432059102673455,0.32390263841377837
131.25,411.9318181818182,2.3963882768986045,0.09758467980063103,0.050206416083108635,0.008228396838969362,0.1967685282794293,0.3240797171460984
142.04545454545453,411.9318181818182,2.4104670506082297,0.09632583784280434,0.0498855392221677,0.00808308748035051,0.19901942094296796,0.3246882960102416
152.8409090909091,411.9318181818182,2.4256010618930026,0.09556441304688676,0.04901409373890561,0.0077776575171851475,0.20108538645474056,0.3257608894455891
163.63636363636363,411.9318181818182,2.4420472464060774,0.0953347844121003,0.048315602771005835,0.00751558108336958,0.2029732298144947,0.3273491540748272
174.4318181818182,411.9318181818182,2.460092107226866,0.09566283868984121,0.0484967085466662,0.007514688341699224,0.2046979782306348,0.32950188954997406
185.22727272727272,411.9318181818182,2.4799930120410694,0.09652182947671671,0.049689990604867035,0.007827631289443191,0.20630301070899526,0.33222758091173776
196.02272727272725,411.9318181818182,2.5019416418936435,0.09781692684691735,0.05134424507035925,0.008290398267915998,0.20786540035158918,0.3354795839878665
206.8181818181818,411.9318181818182,2.526073806636564,0.0994187639794643,0.05271401177550782,0.008682813276965455,0.20947691198724677,0.33918088871534924
217.61363636363635,411.9318181818182,2.5524604285227595,0.10119307414290715,0.05334206224513732,0.008868356139698585,0.2112253316086653,0.3432441136605914
228.4090909090909,411.9318181818182,2.5810750596769445,0.10301592056259579,0.05326392484214267,0.008847965214096564,0.2131819075209082,0.3475788163985413
239.20454545454544,411.9318181818182,2.611758348839061,0.10478000597971948,0.05295560444725352,0.008758718376186102,0.21539379745424408,0.3520921722195064
250.0,411.9318181818182,2.6442036710402177,0.1064005822249839,0.053045921568619675,0.00880214921741079,0.2178790073997829,0.35669162272878135
260.7954545454545,411.9318181818182,2.6779860991438498,0.10783289689898164,0.05385605486153609,0.009079214407187416,0.22061904950713168,0.3613002950796312
271.59090909090907,411.9318181818182,2.7125945627547368,0.1090914494920894,0.05511857186750255,0.009474320321831662,0.2235508579568199,0.3658740398169327
282.3863636363636,411.9318181818182,2.747383266176262,0.11023863816295323,0.056235497985931686,0.009768394878788146,0.22656840221773455,0.3703882324640534
293.1818181818182,411.9318181818182,2.7815286374943127,0.11137194964926048,0.05672610713009159,0.009805329441382423,0.2295257596787554,0.37482413382123503
303.9772727272727,411.9318181818182,2.8140375922001604,0.11262035798756909,0.05650710311018093,0.009575300370936792,0.23224014736692908,0.37916722337189207
314.77272727272725,411.9318181818182,2.843790951379234,0.11413701134073058,0.055935214129635646,0.009233834776733963,0.234500913899578,0.3834066503037358
325.5681818181818,411.9318181818182,2.869602899692918,0.11607536730689125,0.05560982040917576,0.009056516719731504,0.23609012984315547,0.38752468944991925
336.3636363636364,411.9318181818182,2.8902796325446154,0.11853595685045593,0.055962773461516145,0.009269901771266699,0.23682064384908472,0.39146534444052067
347.1590909090909,411.9318181818182,2.9046683643956372,0.12149510588107827,0.05687745176038571,0.009825256563223186,0.23658389473453556,0.3950891683369386
357.95454545454544,411.9318181818182,2.9117050587442153,0.12480528357275926,0.057784779701320316,0.010435059101221287,0.2353547839624391,0.3981785905369113
368.75,411.9318181818182,2.9104569435033523,0.12824732768239056,0.05810728758036702,0.010802853369624369,0.23316499180010605,0.4004793672694494
379.5454545454545,411.9318181818182,2.9001558832081957,0.1315667943594537,0.05762215425823949,0.010775922625830369,0.23008480729862485,0.4017298343612674
390.34090909090907,411.9318181818182,2.8802365768845926,0.13449752564850803,0.05660556064218294,0.010415301414793719,0.22621311053882934,0.4016816361815824
401.1363636363636,411.9318181818182,2.8503995289614705,0.13678870924732178,0.05573547043875119,0.010009522439935824,0.2216679049095292,0.40012556069517696
411.9318181818182,411.9318181818182,2.810720929146978,0.1382578012738955,0.05571979139099391,0.009942423632587478,0.21656638711194823,0.39694065371027437
422.7272727272727,411.9318181818182,2.7618058370231573,0.1388815335104455,0.05676954991494886,0.010348187552940072,0.21098686779048392,0.39217486962606124
433.52272727272725,411.9318181818182,2.7047950624790227,0.13881809709162726,0.05845042811165306,0.010966545439841517,0.2049562471400481,0.38606148838335114
444.3181818181818,411.9318181818182,2.6411539267238546,0.13831200978876118,0.06014115736956489,0.011443620630656452,0.19848438000409277,0.3789293682616829
455.1136363636363,411.9318181818182,2.572476871855624,0.13761836276482645,0.06159334928588241,0.011599449198717235,0.19158854697091754,0.3711285875722631
465.9090909090909,411.9318181818182,2.500357473890722,0.13696655925319265,0.06328399296114832,0.011510429326640365,0.18430128732571296,0.3629909702669924
476.70454545454544,411.9318181818182,2.426309497769162,0.13654484831221436,0.06645185375181073,0.011504434522494642,0.17667123822200434,0.35481074749500185
487.5,411.9318181818182,2.3517290517631038,0.13649362021609035,0.07265266283098556,0.012047958479380814,0.16876311281296746,0.3468357887486599
12.5,422.7272727272727,2.249412733726406,0.14051708945882802,0.07574643683212841,0.012638175716305168,0.1554676295293175,0.33878941478942354
23.295454545454547,422.7272727272727,2.26353846801465,0.13570355170517162,0.06712395556000503,0.011603957304690911,0.15984777675679848,0.3368897113751378
34.09090909090909,422.7272727272727,2.2767487090584817,0.13072102087508156,0.061565891843896964,0.011109022770345681,0.1642314628381109,0.33477307461028666
44.88636363636363,422.7272727272727,2.2892008784328586,0.12569895618677296,0.05784956170044895,0.01071560928735778,0.16855808083950052,0.33254779299648946
55.68181818181818,422.7272727272727,2.301092170244049,0.12077876234637756,0.05489177241948576,0.01015235758189891,0.1727641189052401,0.33033483446814327
66.47727272727272,422.7272727272727,2.3126089876118714,0.11609750041640844,0.05222034343626029,0.009395113982570667,0.1767875122539848,0.32825094721794307
77.27272727272727,422.7272727272727,2.3239029764018024,0.11177489513372586,0.050017846737745494,0.008618729281468894,0.1805728563976502,0.3263969223677871
88.06818181818181,422.7272727272727,2.3350891940791882,0.10790027187985267,0.0487952267965081,0.008086638182696827,0.184079018579434,0.3248481630816844
98.86363636363636,422.7272727272727,2.3462625926968803,0.10452061091620579,0.04883093635540903,0.007958760969600591,0.18728803099752764,0.32364799307352826
109.6590909090909,422.7272727272727,2.3575240449681116,0.10163767344437429,0.049769087954102474,0.008134948178576783,0.19020957860039492,0.32280839499536246
120.45454545454545,422.7272727272727,2.3690004039567594,0.0992244468581218,0.05081665158054839,0.008356554189193802,0.1928733068047089,0.32232377300445997
131.25,422.7272727272727,2.380858394425988,0.097252056069363,0.051276908668205015,0.008416329564188911,0.1953142181858701,0.32219145858071435
142.04545454545453,422.7272727272727,2.3933194358795222,0.09571040089133838,0.05091259287685906,0.008251224028026562,0.19756191759744118,0.3224278796447235
152.8409090909091,422.7272727272727,2.4066713748180395,0.09461551447833354,0.05002955050209345,0.007943560016521195,0.19963746367415114,0.3230750120483201
163.63636363636363,422.7272727272727,2.421266970539412,0.09400121229373797,0.0493130452726322,0.00767964365783969,0.201558198157752,0.32419431395455295
174.4318181818182,422.7272727272727,2.4374979392816116,0.09389412150264359,0.049413117114022784,0.00764799307309421,0.20334990523929294,0.32584630795860314
185.22727272727272,422.7272727272727,2.455746383126342,0.0942805547101987,0.05045237758719452,0.007891621205476,0.20506143736446392,0.3280619896200734
196.02272727272725,422.7272727272727,2.4763502784927343,0.09509769468862236,0.05193566044039698,0.008272289151921521,0.206766309577326,0.33083292120143615
206.8181818181818,422.7272727272727,2.4995948929348573,0.09625895293611421,0.05317087122044159,0.008598613789656928,0.20854663182054095,0.33412824731996693
217.61363636363635,422.7272727272727,2.5256910545878766,0.0976802829960836,0.05372698379102738,0.00875182115015661,0.21047507120506892,0.33791098617113585
228.4090909090909,422.7272727272727,2.554730177089943,0.099292159887728,0.05364235001564283,0.008737476389000857,0.2126029058185825,0.3421417119741395
239.20454545454544,422.7272727272727,2.5866333068890692,0.10103985387949431,0.053374498596279935,0.008680875314659433,0.21495443744544362,0.3467733248629516
250.0,422.7272727272727,2.6211190911467113,0.10288065602799885,0.053513732227991516,0.008757104617331353,0.21752523989442196,0.3517456795891237
260.7954545454545,422.7272727272727,2.657708572061916,0.10478853548095783,0.054351395011826405,0.009051039841382417,0.22027988616759556,0.3569893887138304
271.59090909090907,422.7272727272727,2.695737126285778,0.10676144385302082,0.055639051667485465,0.009467104865453475,0.2231488543224761,0.36243225792454775
282.3863636363636,422.7272727272727,2.7343317820810635,0.1088173570127796,0.056809281990112065,0.00981130228699549,0.22602847838423462,0.3679940729727425
293.1818181818182,422.7272727272727,2.7724002069792375,0.1109917176831781,0.05739518631375072,0.009933812822571091,0.22878130441355318,0.37358361930015416
303.9772727272727,422.7272727272727,2.8086676554037844,0.11334223976596719,0.057309754904598754,0.009815388752510389,0.23123715238469683,0.37910601174762965
314.77272727272725,422.7272727272727,2.8417499910166844,0.11594922320094861,0.056889676774165863,0.009594143240918908,0.2332007009148104,0.38447069005693885
325.5681818181818,422.7272727272727,2.870241006086237,0.11889710251591899,0.05669914876249415,0.009522488972959143,0.23447180843018803,0.3895876678563722
336.3636363636364,422.7272727272727,2.892793958669679,0.12222710570447178,0.057139922438274114,0.009806260272040289,0.23488248306722317,0.3943427402588209
347.1590909090909,422.7272727272727,2.90818530069824,0.12588043776233943,0.05811835698088568,0.010407190309227732,0.23433761926148675,0.3985640964023847
357.95454545454544,422.7272727272727,2.9153610770596052,0.12969139628992787,0.05912003933435696,0.01106233445819857,0.23282405076965354,0.40202239093105935
368.75,422.7272727272727,2.913466150739187,0.13342555659125022,0.0596020254319254,0.011485420792879487,0.2303908424599908,0.40446085293226225
379.5454545454545,422.7272727272727,2.9018610555943525,0.136816429999763,0.05934058862018337,0.011525166112129111,0.2271291775089258,0.40562299841759064
390.34090909090907,422.7272727272727,2.8801442918401885,0.1395943101649813,0.05857074030896707,0.011239270338450682,0.22315749235662424,0.4052753987988545
401.1363636363636,422.7272727272727,2.8482021890696085,0.14152137964026426,0.05788786598586598,0.010894186599243016,0.2186058049948946,0.40323781002747916
411.9318181818182,422.7272727272727,2.8063033548913796,0.14245055634787304,0.057903914830871976,0.010823075251327315,0.21359060243733982,0.3994348324990434
422.7272727272727,422.7272727272727,2.755208490608218,0.14240002113842343,0.0588070201843305,0.011138097286910847,0.20818199305088556,0.393960293730971
433.52272727272725,422.7272727272727,2.6961586288208648,0.14156350603732695,0.0602451079821902,0.0116240328881978,0.20239630633571637,0.38708327042236224
444.3181818181818,422.7272727272727,2.6307031517514954,0.14023167557172433,0.06169890735156972,0.011975624225397415,0.19622476812914574,0.3791741959519936
455.1136363636363,422.7272727272727,2.5605131719241023,0.1387130648471074,0.06298810479239683,0.012038681516576086,0.1896608825835973,0.3706290963760087
465.9090909090909,422.7272727272727,2.4872473874351675,0.1372888041206028,0.06461181823745413,0.011896478798903898,0.18271320929707024,0.36182330020873993
476.70454545454544,422.7272727272727,2.4124676706472634,0.13619004130426424,0.06778258862819575,0.011860608068973768,0.1754098702443447,0.3530864902391006
487.5,422.7272727272727,2.337595911655,0.1355866689359377,0.07399175501123798,0.012355462918840925,0.16780069263210404,0.34469013933595105
12.5,433.52272727272725,2.22729526071611,0.13956850565710924,0.08072755141030721,0.013607614929736094,0.15368019377668807,0.3357644350720733
23.295454545454547,433.52272727272725,2.2423855582663763,0.13491689489727302,0.07141285544714887,0.01246897600082514,0.15806624805428207,0.33408189234048896
34.09090909090909,433.52272727272725,2.2567641726344974,0.13014218552118945,0.0649854831596294,0.011798941375148312,0.16245010967426593,0.3322365597016615
44.88636363636363,433.52272727272725,2.27047246177096,0.1253455620914478,0.060468290327016345,0.011254689074567607,0.16677571396668597,0.3303043801633231
55.68181818181818,433.52272727272725,2.283580883433816,0.12064196602725302,0.05696088072591768,0.010612629834295962,0.17098187281974594,0.32837412079884487
66.47727272727272,433.52272727272725,2.296155912419464,0.11614754566420837,0.054044319183323745,0.00985044827112253,0.17500625291112593,0.32653497804160986
77.27272727272727,433.52272727272725,2.308247384606883,0.11196674071034485,0.05183538439828802,0.00911450760827535,0.1787917467595212,0.32486609882464834
88.06818181818181,433.52272727272725,2.3198944567125013,0.10817815049607594,0.050693969123149815,0.00861527333260442,0.18229555212567414,0.3234272233797086
98.86363636363636,433.52272727272725,2.3311451454069467,0.10482264193995623,0.05074752586414043,0.008465913396406921,0.18549835843780024,0.3222523570448101
109.6590909090909,433.52272727272725,2.342080295388421,0.1019015198565512,0.05160247676435283,0.00857543245882762,0.18840799148902962,0.32135102790379
120.45454545454545,433.52272727272725,2.3528318362194796,0.09939027605681879,0.05252922683782403,0.008728082473570431,0.19105314044721022,0.320719951184629
131.25,433.52272727272725,2.3635941943951364,0.09726141880228899,0.05290227907204067,0.00874463905318484,0.19347092992933748,0.3203603851581319
142.04545454545453,433.52272727272725,2.374633449132391,0.09550357419696802,0.05251711386755001,0.008568908623054008,0.1956964797638635,0.3202926110098003
152.8409090909091,433.52272727272725,2.3862939351222754,0.09412867126773242,0.051662623213185134,0.008274087597758824,0.19775931408005934,0.32056171574820924
163.63636363636363,433.52272727272725,2.3989960377846002,0.0931645944519575,0.050956734557398534,0.008019449045070662,0.1996875174338218,0.32123216259935417
174.4318181818182,433.52272727272725,2.4132177954943983,0.09263547488750758,0.05096735903419886,0.007956654061030678,0.20151755420759626,0.3223718979760204
185.22727272727272,433.52272727272725,2.4294622055652213,0.09254068728032339,0.05180524644991489,0.008118486086780327,0.20330333977799672,0.3240340214819954
196.02272727272725,433.52272727272725,2.4482256759328727,0.09285144432513416,0.05305316643048944,0.008397011786664771,0.20511491749050137,0.3262510198907034
206.8181818181818,433.52272727272725,2.4699707021809973,0.09352848896470035,0.05410581763539368,0.00863820624616522,0.20702497751397128,0.32904436772282397
217.61363636363635,433.52272727272725,2.4950853512201774,0.09454263079365567,0.05457753934251291,0.00874639943497703,0.20909227168877084,0.33243473435313087
228.4090909090909,433.52272727272725,2.523822429433858,0.09588372860050266,0.05450690423183521,0.008732568178767146,0.21134977037071564,0.3364418596826703
239.20454545454544,433.52272727272725,2.5562296611836173,0.0975562262986066,0.05430987440262596,0.008707008613930568,0.2137998979497368,0.34107396573164594
250.0,433.52272727272725,2.592091228870128,0.09956724325847818,0.05450655700089912,0.00881389788104625,0.2164154271790531,0.3463131133456857
260.7954545454545,433.52272727272725,2.630896720796856,0.10191621836355656,0.05534140952904098,0.009120579574062588,0.21914236244458501,0.35210457486530494
271.59090909090907,433.52272727272725,2.6718317749972367,0.10458993303127696,0.05658809398809861,0.009551261182863422,0.2219019180442931,0.3583523193255306
282.3863636363636,433.52272727272725,2.713780694599958,0.1075622661601363,0.0577315220163204,0.009941959500895029,0.22459094302309224,0.36491911758919343
293.1818181818182,433.52272727272725,2.755358063245768,0.11080140077492223,0.05833821757066513,0.01015406109130128,0.22708097985617007,0.37163500298323476
303.9772727272727,433.52272727272725,2.7949827366998754,0.11428218399100905,0.05832508405308516,0.010159314390646617,0.2292187543002518,0.37831388624001655
314.77272727272725,433.52272727272725,2.8309838762632573,0.11799280841577414,0.05800682827125114,0.010072680494644309,0.23083346940481247,0.38476956621651903
325.5681818181818,433.52272727272725,2.861718998558675,0.12192405522862412,0.05790915807930756,0.010112478039094734,0.23175579960189194,0.39082069026212835
336.3636363636364,433.52272727272725,2.88568266211195,0.1260369898088122,0.05841292132335603,0.010457460276607591,0.2318487646999581,0.39627948319510015
347.1590909090909,433.52272727272725,2.901587711101055,0.13022658617984775,0.059464625023100064,0.011082532061971906,0.23103811562133697,0.400934676664282
357.95454545454544,433.52272727272725,2.9084108422998973,0.13431363822188508,0.06062342196812427,0.011762675414144712,0.22932201858013554,0.404550640511068
368.75,433.52272727272725,2.90540619571468,0.1380677676976012,0.06139057294706957,0.012237436332944688,0.2267587523421301,0.4068850968222299
379.5454545454545,433.52272727272725,2.8921025905829723,0.14123908190718423,0.06153088145926644,0.012364706115884904,0.223447495665737,0.4077112086663529
390.34090909090907,433.52272727272725,2.868307288717737,0.14358991068309018,0.0612054705710578,0.012193575687096692,0.21950976213548956,0.40684041973124085
401.1363636363636,433.52272727272725,2.8341365028762704,0.144933537217081,0.06087700327757324,0.01194739977331434,0.21506950242364514,0.40415308570183606
411.9318181818182,433.52272727272725,2.7900773954878466,0.14518631553505904,0.061015651522487675,0.011885611738907637,0.21022855880653937,0.3996419224175371
422.7272727272727,433.52272727272725,2.737044624591076,0.14441598936505212,0.06176703060017708,0.012091125031570199,0.2050438092719661,0.39345218787180175
433.52272727272725,433.52272727272725,2.6763535703940127,0.142841387238905,0.06287485369526893,0.01240478897045336,0.1995244998166251,0.3858786167323385
444.3181818181818,433.52272727272725,2.6095925179910124,0.1407750339884291,0.06396384005240414,0.012592960206205725,0.1936529337749548,0.3773112393248467
455.1136363636363,433.52272727272725,2.5384665431054336,0.1385550782605019,0.06496296623990644,0.0125411364100418,0.18740853372348332,0.36817063462802313
465.9090909090909,433.52272727272725,2.464669287521891,0.13649698570890506,0.06641835503626724,0.012339232401761662,0.18078306031238944,0.35886012694641933
476.70454545454544,433.52272727272725,2.389793767521642,0.13486415913004002,0.06952226129615727,0.012272454405077304,0.17378867539736234,0.3497355194043046
487.5,433.52272727272725,2.315278570069624,0.1338499113755679,0.07569497156081614,0.012712283480714372,0.16646298770927057,0.3410866210678713
12.5,444.3181818181818,2.201329312118412,0.13824745829107699,0.08649701981004294,0.014522364120176464,0.15170568688060723,0.3320664597887174
23.295454545454547,444.3181818181818,2.217311215085606,0.13378706870454485,0.07642172982917683,0.013278738793217225,0.1560723762363715,0.3306140236195522
34.09090909090909,444.3181818181818,2.232856254479995,0.12926603683780447,0.06902446788517003,0.012442360722799261,0.1604288028210347,0.32907220938368154
44.88636363636363,444.3181818181818,2.2478877845360925,0.12475386866057557,0.06356193205811611,0.011747274137816425,0.16472527187860553,0.3274820013912996
55.68181818181818,444.3181818181818,2.262341392414738,0.12033405833217087,0.059331648406820134,0.011014453401282506,0.1689050315681954,0.32589557617743964
66.47727272727272,444.3181818181818,2.276154104855479,0.11609776894219505,0.05599582055106658,0.010226986114837923,0.17290690039811443,0.3243706856869106
77.27272727272727,444.3181818181818,2.2892648154244086,0.11213203737448153,0.05363124685243772,0.009509134058359386,0.17667236137691575,0.3229623632230324
88.06818181818181,444.3181818181818,2.3016271008004807,0.10850439764777325,0.05247274607588068,0.009032042824911345,0.18015611520720323,0.32171341590257835
98.86363636363636,444.3181818181818,2.3132308242070723,0.10524967154269803,0.05251516105243015,0.00887592085095293,0.18333627367809233,0.3206473848002776
109.6590909090909,444.3181818181818,2.3241243929606266,0.10236700507480845,0.05330981082015314,0.00895074027933988,0.18621849985531705,0.31976881885436487
120.45454545454545,444.3181818181818,2.334429744296085,0.09983125771052227,0.054152659048050486,0.009064718730600258,0.1888307971539832,0.3190729225690346
131.25,444.3181818181818,2.3443493268966864,0.09761315044567434,0.05446438578126284,0.009057291092738964,0.19121221217012496,0.31856054448672566
142.04545454545453,444.3181818181818,2.354169914344186,0.09569704908582584,0.05406358001455835,0.00887714753098036,0.19340261346826157,0.3182511564469279
152.8409090909091,444.3181818181818,2.3642661570763255,0.09408825373599108,0.053223141134503216,0.008589762858178631,0.19543871353385295,0.3181883855724385
163.63636363636363,444.3181818181818,2.3751019756476004,0.09280784629117711,0.05250741945765002,0.008334234718330584,0.19735729617499934,0.31843651959023506
174.4318181818182,444.3181818181818,2.3872250961973553,0.09187918334316378,0.05242611965866417,0.008237947404263549,0.19920270657211686,0.31907037522066634
185.22727272727272,444.3181818181818,2.4012508341293644,0.0913158461254023,0.053084793597864444,0.008327344446045838,0.20103232613659597,0.3201650522606367
196.02272727272725,444.3181818181818,2.417833706193639,0.09112171705515663,0.054125445083538504,0.008514183282085518,0.20291350500904898,0.3217929659404688
206.8181818181818,444.3181818181818,2.437624662989807,0.09130401026371696,0.055014488302019965,0.008672155780611096,0.2049112227262656,0.32402850751642587
217.61363636363635,444.3181818181818,2.4612101678048597,0.09188849881859104,0.05540778909406737,0.00872548526107248,0.20707250379120376,0.32695232562049764
228.4090909090909,444.3181818181818,2.4890327023821803,0.09292537184713313,0.05534536593400402,0.008692066626446329,0.20941445571770428,0.330647005641584
239.20454545454544,444.3181818181818,2.5212984214357457,0.09448053301085138,0.05520690066182837,0.008674269600116483,0.2119196392437907,0.3351810877308132
250.0,444.3181818181818,2.557884960144574,0.09661423939278524,0.05545370402465215,0.008798407532755096,0.21453902008996492,0.3405841503673194
260.7954545454545,444.3181818181818,2.598269823593312,0.09935576440422175,0.05628837223192235,0.009122012310736397,0.21719948758125707,0.34682127363313237
271.59090909090907,444.3181818181818,2.641500928517608,0.10268653481614971,0.05749005967330334,0.009579686640899435,0.2198107961200044,0.35377798087432777
282.3863636363636,444.3181818181818,2.686221591820427,0.10653999632154168,0.05857708144516709,0.010023655360056146,0.22226830543511072,0.3612628035597878
293.1818181818182,444.3181818181818,2.7307479327595336,0.11081600543491943,0.05914291511544043,0.010318996326067737,0.2244526192058888,0.36902569590397544
303.9772727272727,444.3181818181818,2.773185847259226,0.11539964217362554,0.05911318259530644,0.010426145586041385,0.22623079413166547,0.3767837873876568
314.77272727272725,444.3181818181818,2.811572279383197,0.12017388841716836,0.058797581608912325,0.010439736404410876,0.227463801138658,0.3842453844402328
325.5681818181818,444.3181818181818,2.8440258005792423,0.12501992882805416,0.058715609682875765,0.010556105324361032,0.2280223740070149,0.3911262116549303
336.3636363636364,444.3181818181818,2.8688862756565365,0.12980560504454164,0.05926261339299468,0.010943590175686907,0.2278087758351569,0.39715611533086975
347.1590909090909,444.3181818181818,2.8848165866048836,0.13437150036500475,0.060432983464454554,0.011590628493854534,0.226775942737215,0.40208005293378496
357.95454545454544,444.3181818181818,2.890847145816732,0.13852786305664805,0.061840586935209586,0.012297590334967282,0.2249340606712778,0.4056606560029658
368.75,444.3181818181818,2.8863702654502026,0.14206653153720192,0.06300728630586071,0.01282182742734707,0.22234283969780674,0.40768606227246706
379.5454545454545,444.3181818181818,2.871113314916988,0.1447826550267529,0.06366470156312735,0.013027262861255213,0.21909567664412993,0.4079824155911336
390.34090909090907,444.3181818181818,2.8451196545661253,0.1465023148315011,0.06388275452325254,0.01295298891507812,0.21530111934132082,0.40643136551339304
401.1363636363636,444.3181818181818,2.808752277868087,0.14711606314210857,0.06398625367172871,0.012785237500593825,0.21106321181833926,0.40299416797119925
411.9318181818182,444.3181818181818,2.7627156197309617,0.14661551008551002,0.06431298889493008,0.012728830380918765,0.20646195158555986,0.3977398748560392
422.7272727272727,444.3181818181818,2.708067383139156,0.14511853432486319,0.0649659006898567,0.01284472808493808,0.2015394828859341,0.3908644175911806
433.52272727272725,444.3181818181818,2.6461823277611343,0.14286277373445747,0.06576592447578725,0.01301045585598893,0.1963001320790739,0.382682150302452
444.3181818181818,444.3181818181818,2.5786596234873826,0.14016612853350185,0.0664741129378597,0.013048067510568157,0.19072414884937078,0.3735880625179493
455.1136363636363,444.3181818181818,2.5072044060663377,0.13737602334124227,0.06714088095804191,0.012879856249961796,0.18478541892092243,0.3640092980080959
465.9090909090909,444.3181818181818,2.4335162409492224,0.1348256763700389,0.06838159745286056,0.012605636485658815,0.1784657247131514,0.35436236323766934
476.70454545454544,444.3181818181818,2.3591985387616456,0.13280048068645617,0.07139257720918937,0.01249415491505881,0.17176519331345072,0.3450197155683727
487.5,444.3181818181818,2.2856914076520196,0.13151176384252417,0.07754218514946302,0.012882493782695759,0.16471082994454575,0.3362840629453688
12.5,455.1136363636363,2.1723489269106526,0.13678663706744465,0.09284178133852873,0.015231346292346747,0.14949383500040328,0.3279487873731358
23.295454545454547,455.1136363636363,2.189098505085467,0.13253600562941828,0.08194968869225776,0.013886428523391921,0.1538168901065095,0.32672637219728007
34.09090909090909,455.1136363636363,2.205725287568933,0.12829473175301837,0.07351231503452121,0.012907289060230686,0.15812128218801472,0.32549750208417866
44.88636363636363,455.1136363636363,2.2220404476297704,0.12409954663147284,0.066982173492944,0.012075839825171445,0.16236496127731773,0.32426804741487436
55.68181818181818,455.1136363636363,2.237847766867142,0.12000093095817217,0.06184176140408814,0.01124308886790974,0.1664968740144422,0.3230528130881202
66.47727272727272,455.1136363636363,2.2529553041302877,0.11606403215409125,0.057856619533789885,0.010399412649289714,0.17045765762156495,0.32187742913062833
77.27272727272727,455.1136363636363,2.2671888270306533,0.11235875201653238,0.05511234093010719,0.0096624341484307,0.17418699316092576,0.32077277207647525
88.06818181818181,455.1136363636363,2.2804109858458586,0.1089428874698383,0.05378036347979497,0.009190321284367904,0.17763572145032785,0.3197650859232046
98.86363636363636,455.1136363636363,2.292545606238031,0.1058457471095305,0.053761720177787284,0.009048976353107875,0.18077821952234874,0.3188669843625444
109.6590909090909,455.1136363636363,2.30359964250336,0.10306203993721975,0.05453221056461712,0.00913807695216392,0.18361838948464193,0.31807546674552084
120.45454545454545,455.1136363636363,2.31367429471077,0.10056170401304611,0.05535451058466842,0.00926201378509155,0.18618496836853124,0.317380050614179
131.25,455.1136363636363,2.322965830590132,0.09830976029124704,0.05564589570355938,0.00926014113395464,0.1885197511326863,0.3167768964699094
142.04545454545453,455.1136363636363,2.331763991492598,0.09628403796956332,0.0552271560098855,0.009081204291649636,0.19066682846774116,0.31628117047134474
152.8409090909091,455.1136363636363,2.3404540383224886,0.09448297623782599,0.05436366536371688,0.008788746138668027,0.19266814231786922,0.3159327782942747
163.63636363636363,455.1136363636363,2.349524043100182,0.09292286847035458,0.05360163905099856,0.008517110182015127,0.19456590888054584,0.31579519284224267
174.4318181818182,455.1136363636363,2.3595745832077357,0.09162943494255772,0.053435480295881306,0.00838785465104668,0.19640868658609642,0.31595052780083493
185.22727272727272,455.1136363636363,2.3713198701808356,0.09063153855842353,0.05397548444963097,0.008425455580909,0.1982552516798565,0.3164952146152439
196.02272727272725,455.1136363636363,2.385562928512099,0.08996320253856525,0.05489006932263775,0.008547091515742844,0.20017075036899906,0.31753878695873045
206.8181818181818,455.1136363636363,2.40313820841716,0.08967374886484752,0.05567772814722055,0.00863731739423531,0.20221453157261832,0.319204940327754
217.61363636363635,455.1136363636363,2.424830639130455,0.08983924495832779,0.056015816099428496,0.008631892326597326,0.204424690087584,0.3216310088037587
228.4090909090909,455.1136363636363,2.4512782854352198,0.09056607128952635,0.055948214214512126,0.00855698817432953,0.2068055728590481,0.3249601257090391
239.20454545454544,455.1136363636363,2.4828582594638293,0.0919792562044303,0.05584064230904926,0.008518417988662562,0.20932260583467285,0.329320831810122
250.0,455.1136363636363,2.519559074088998,0.09419263382261923,0.05612804359383295,0.008642645419244262,0.21190653996652797,0.33479238863601285
260.7954545454545,455.1136363636363,2.560864323862289,0.09726796954419907,0.056985715963471684,0.008987087440923016,0.21446549583999872,0.34136349731541954
271.59090909090907,455.1136363636363,2.6057005356621064,0.10118489954726517,0.05817623459363529,0.0094863283401391,0.21689737651914512,0.3489054938079976
282.3863636363636,455.1136363636363,2.652485642334566,0.1058401830651291,0.05921470389416408,0.009989038610913152,0.2190954741712917,0.35717698003283316
293.1818181818182,455.1136363636363,2.699254788793248,0.11106853097780915,0.05969950374355625,0.010349664928557087,0.22094941454834874,0.3658519418031229
303.9772727272727,455.1136363636363,2.7438199978001543,0.11666600096847889,0.059566780940026404,0.01051284442028958,0.22234817191519482,0.37455328560683154
314.77272727272725,455.1136363636363,2.7839433631420287,0.12240704208141963,0.05914817417296996,0.010561108540526526,0.22318831896927685,0.382883325243583
325.5681818181818,455.1136363636363,2.8175182487408232,0.12805678838805826,0.05900468241385003,0.010693314733953081,0.22338596804678137,0.39045176162666395
336.3636363636364,455.1136363636363,2.8427433816471703,0.13338368244385881,0.0595885036263001,0.01109516758452432,0.22288775883576586,0.39690313934462434
347.1590909090909,455.1136363636363,2.858250334148342,0.13817191838133833,0.060943026316311384,0.011770433439127223,0.22167699236292626,0.40193921418970524
357.95454545454544,455.1136363636363,2.8631455693141166,0.14222739212496194,0.06269967148714709,0.012520566858467653,0.21977455074729307,0.40532763569698355
368.75,455.1136363636363,2.8569790218310582,0.14537961111284547,0.06435949098506953,0.013097186540962227,0.2172344115439479,0.4068999529543803
379.5454545454545,455.1136363636363,2.8396888645066403,0.1474895687454698,0.06559651542174214,0.013360272519222017,0.2141330626940351,0.40655130273725
390.34090909090907,455.1136363636363,2.81155779406278,0.14846680733184764,0.06638825359466353,0.013343462387654291,0.21055465268157797,0.40424782037216866
401.1363636363636,455.1136363636363,2.7731881046133218,0.1482910838297119,0.06694491746202194,0.013217317676312143,0.20657538996081085,0.4000393047808237
411.9318181818182,455.1136363636363,2.7254849969093984,0.14703065138716975,0.06750538083013366,0.013162507060893907,0.20225084141052066,0.3940703674486673
422.7272727272727,455.1136363636363,2.669632082390069,0.1448488981910479,0.0681396693305496,0.013226496691517943,0.19760935753602368,0.386582518819176
433.52272727272725,455.1136363636363,2.6070488097433575,0.14199515880831212,0.06872101289065,0.013298232192110977,0.19265303178999643,0.3779031398820742
444.3181818181818,455.1136363636363,2.539326714431897,0.1387812756893153,0.0691170016508124,0.013226069747130292,0.18736492127867263,0.3684221244845127
455.1136363636363,455.1136363636363,2.468147428605952,0.13554946656244435,0.06948961603062073,0.012956166744863025,0.18171952147177917,0.35856043311451025
465.9090909090909,455.1136363636363,2.3951924878967215,0.1326377123800301,0.07053485863750694,0.012601823597348417,0.17569384942620564,0.34873602045301216
476.70454545454544,455.1136363636363,2.322055330754412,0.1303452491893549,0.07347759852849936,0.012434206203874023,0.16927869829103828,0.3393300697903553
487.5,455.1136363636363,2.2501618299531128,0.12889806075166754,0.07965723691372652,0.012784164014760095,0.16249079957475135,0.3306541361807584
12.5,465.9090909090909,2.1413454592285994,0.13543542182721752,0.0998812140581328,0.015771638460076513,0.14700113587497893,0.32369326216681915
23.295454545454547,465.9090909090909,2.1586951757936133,0.13140371379663088,0.08818714456782625,0.014334533262162455,0.15125724614212543,0.3226895145998678
34.09090909090909,465.9090909090909,2.176242736629835,0.12745061830848017,0.0787230489835109,0.013238734884266806,0.15548743782098093,0.3217624081523356
44.88636363636363,465.9090909090909,2.1936980697485793,0.12358092102656804,0.0710902420598391,0.01228933013899694,0.15965797423627032,0.3208844496346
55.68181818181818,465.9090909090909,2.2107458592584983,0.11981373472666035,0.0649263354357263,0.011352492562412744,0.16372386985793586,0.32003558847781094
66.47727272727272,465.9090909090909,2.2270760429429854,0.11618989821197909,0.06010761692444324,0.01042557686838759,0.16762771509662433,0.31921169432251784
77.27272727272727,465.9090909090909,2.242407675508156,0.11276393182377682,0.05677289104040068,0.009633590088461338,0.17130702375271076,0.318421409444144
88.06818181818181,465.9090909090909,2.2565134698123654,0.10958587019460479,0.055097262186800666,0.00914727743802738,0.17470770190654034,0.3176759162406657
98.86363636363636,465.9090909090909,2.26924790688219,0.10668041742204165,0.054938015671828926,0.009036827161130048,0.17779949678791138,0.3169771914684735
109.6590909090909,465.9090909090909,2.2805714293942567,0.10403574291035585,0.05568887580397934,0.00918201866382107,0.18058526756808513,0.3163126598350309
120.45454545454545,465.9090909090909,2.2905579391473525,0.10161294920748064,0.0565322354224631,0.009358293387403509,0.18309612553207963,0.3156626861262475
131.25,465.9090909090909,2.2993884310528134,0.09936844983717756,0.056837808808317306,0.009387838309481445,0.18537738364551917,0.3150157194012434
142.04545454545453,465.9090909090909,2.3073445787569904,0.09727279700434188,0.05640704282777605,0.009215120605658643,0.18747662249841723,0.3143809219879448
152.8409090909091,465.9090909090909,2.3148101434075268,0.09531900821272722,0.05550171086619888,0.00890741505643867,0.18943886434614712,0.3137942066185888
163.63636363636363,465.9090909090909,2.3222835271964213,0.09352158192599104,0.05467764700633914,0.00860849425522413,0.1913084976078036,0.31331887673713615
174.4318181818182,465.9090909090909,2.3304017165594857,0.09191145500046331,0.05444911545008916,0.00845026926637406,0.19313483890263708,0.3130446098880072
185.22727272727272,465.9090909090909,2.3399606934001995,0.09053321439795141,0.054939330210479545,0.008458682017028972,0.19497597198575525,0.31308765898900254
196.02272727272725,465.9090909090909,2.3518946840185158,0.0894478777287684,0.05581505633885606,0.008543751700060234,0.19689487726511312,0.31359060940785793
206.8181818181818,465.9090909090909,2.3672014842477593,0.08874064682529188,0.05657242158284952,0.008586157960681856,0.19894684954307465,0.31471991219191126
217.61363636363635,465.9090909090909,2.386842502498815,0.08852969208671049,0.05689175760934393,0.008525459578542218,0.20116360861766175,0.3166614549249504
228.4090909090909,465.9090909090909,2.4116320961211954,0.08896866249574192,0.056821315924537555,0.00839636854193785,0.20354001969238517,0.31961055676184325
239.20454545454544,465.9090909090909,2.442108282063572,0.09023445394636327,0.056730930715617245,0.008316693970189828,0.20602764067492246,0.3237495580098597
250.0,465.9090909090909,2.4783753751916304,0.09249183158458328,0.057057332851639005,0.008427581712209633,0.20853911315051696,0.3292060566046152
260.7954545454545,465.9090909090909,2.519938792591548,0.09583554617689521,0.05796303217994887,0.008794687026322839,0.2109651688379982,0.335994398266163
271.59090909090907,465.9090909090909,2.5656228942200108,0.10024341864419535,0.05917796352064581,0.009344188988490952,0.21319392039370624,0.3439737603206822
282.3863636363636,465.9090909090909,2.6136494640500834,0.10557811405399495,0.060185924491576656,0.009904862459588664,0.21511815523900346,0.35285775991850726
293.1818181818182,465.9090909090909,2.661815201528705,0.11161659066563102,0.06057342899787719,0.010308455022463631,0.21663663019617593,0.36225416856303294
303.9772727272727,465.9090909090909,2.707686472878259,0.11807527297307731,0.060288071040539556,0.010479606834385964,0.21765975865632495,0.3717034406017951
314.77272727272725,465.9090909090909,2.748794727196347,0.1246280312787644,0.05970260341195986,0.010495625619347342,0.21811966726750667,0.38071222647483133
325.5681818181818,465.9090909090909,2.7828410200390046,0.13092820460299007,0.059454274898743914,0.010581343718385384,0.21797880580899698,0.3887907141765784
336.3636363636364,465.9090909090909,2.8079057065854873,0.1366467111831457,0.060081971519901106,0.010969370993913019,0.21722949353708704,0.395501895424234
347.1590909090909,465.9090909090909,2.822610335862003,0.14151650978616767,0.061672299057393076,0.011681707997829565,0.21588458236594907,0.40051023407631225
357.95454545454544,465.9090909090909,2.8261543485449665,0.14534863447253898,0.06383818130874326,0.01249443536696187,0.21397178093883173,0.4035969095210152
368.75,465.9090909090909,2.8182487565864442,0.1480205289753176,0.06602675966454163,0.013128444270881041,0.21153356641046825,0.4046445092246605
379.5454545454545,465.9090909090909,2.799032071390185,0.14946778284966353,0.06784224075875676,0.013430860175081542,0.20862317380192397,0.4036222368795767
390.34090909090907,465.9090909090909,2.7690056010755777,0.1496882715792356,0.06918090836943373,0.013436716474736553,0.20529523460543625,0.4005819522857466
401.1363636363636,465.9090909090909,2.72898448731427,0.14875001406245072,0.07016992046856438,0.01332248901226296,0.20159586931854573,0.3956585149399119
411.9318181818182,465.9090909090909,2.680048526365754,0.14679208289603327,0.07098549870928236,0.013270749121590793,0.19755690859619068,0.3890651927642532
422.7272727272727,465.9090909090909,2.6234856269417306,0.14401561534840177,0.07167747304395135,0.013321096730175749,0.19319524637089722,0.38108128793837065
433.52272727272725,465.9090909090909,2.5607434936778315,0.14067394654919235,0.07215158514266229,0.013352769013622154,0.1885135931064503,0.3720400176879872
444.3181818181818,465.9090909090909,2.4933922930237546,0.13706493190799943,0.07235197800255974,0.013215711581494621,0.1835010898138533,0.36231911195408284
455.1136363636363,465.9090909090909,2.4230747369133194,0.13351634029867313,0.07253224512280386,0.012867640063486683,0.17813672360022745,0.3523251725583898
465.9090909090909,465.9090909090909,2.3514360469675237,0.130361415643512,0.07346195390936634,0.012436786273731265,0.172396476874965,0.3424689394974246
476.70454545454544,465.9090909090909,2.2800415871292206,0.1279065342386865,0.07639605589337292,0.01221141505985308,0.1662638874357259,0.33313365604091216
487.5,465.9090909090909,2.210289097126167,0.12639049555029305,0.08265097615917782,0.012538934553813696,0.1597450336043774,0.32463694371598084
12.5,476.70454545454544,2.1093634655863456,0.13443600694282096,0.10803070383207065,0.016328108089664565,0.1441940443616427,0.31958231130421294
23.295454545454547,476.70454545454544,2.127110441594574,0.1306242868527929,0.09567196649839525,0.014818913313496327,0.14836097812102328,0.31877638849143614
34.09090909090909,476.70454545454544,2.1453499424223925,0.12695172677984332,0.08533510406711717,0.013634726834752071,0.15249717800174292,0.3181212831178197
44.88636363636363,476.70454545454544,2.163707693643579,0.12339537638965319,0.0767299061425151,0.012591241576256794,0.15657651916920567,0.317560928821542
55.68181818181818,476.70454545454544,2.1817707993322215,0.11994809618889389,0.06961410952937762,0.011562415320978686,0.16055931728774955,0.317046326921847
66.47727272727272,476.70454545454544,2.1991305915380597,0.11662991345857032,0.06395910309844263,0.010550718019467996,0.1643901034377176,0.3165481365445834
77.27272727272727,476.70454545454544,2.215413800040103,0.11348156550398286,0.05996368649151914,0.00969169552497081,0.16800480048826788,0.3160554273723192
88.06818181818181,476.70454545454544,2.230311273581235,0.11054615971983033,0.057837422633653296,0.009178674334557954,0.17134474012653464,0.3155657699780388
98.86363636363636,476.70454545454544,2.2436101026313566,0.10784446328720002,0.0574393435665963,0.009098328715898616,0.17437484884110319,0.31507118418627994
109.6590909090909,476.70454545454544,2.2552230169198215,0.10535685523609799,0.058107946940761115,0.009308993008832684,0.1770975624447374,0.3145485078468706
120.45454545454545,476.70454545454544,2.265192985754236,0.10303376602936293,0.058947732348170065,0.009548154484931104,0.17954707715061807,0.31396726762936567
131.25,476.70454545454544,2.2736799507596284,0.10082269208579174,0.059273838556662746,0.009616251774622485,0.181771793686454,0.3133073668973757
142.04545454545453,476.70454545454544,2.2809518467951113,0.09868802651772778,0.0588578849963943,0.00945230593961856,0.18382151083383333,0.31257215087841994
152.8409090909091,476.70454545454544,2.2873862929623314,0.09661965253278597,0.05794740165067721,0.009128166172945524,0.18574247008471187,0.3117946624674133
163.63636363636363,476.70454545454544,2.293485991996619,0.094633097845592,0.05710091331921258,0.008800615443707705,0.18757890255928017,0.31103939059359387
174.4318181818182,476.70454545454544,2.2999116166573406,0.09276640898384973,0.05685355160900514,0.008618269533928401,0.18937839749604493,0.31040356085933335
185.22727272727272,476.70454545454544,2.3075219381766052,0.09107947926078011,0.057341461357202216,0.00861038758405528,0.19119657533501921,0.31002093188091284
196.02272727272725,476.70454545454544,2.3173578073001435,0.08965681166692649,0.0582240101607005,0.00867464552463741,0.1930937314940807,0.31006204359626016
206.8181818181818,476.70454545454544,2.330545900222169,0.08861263415254267,0.05899436153067645,0.008683546902857844,0.1951215337258868,0.3107275881354075
217.61363636363635,476.70454545454544,2.348183504644276,0.08809749274946532,0.05933646327615841,0.008578156735500709,0.19730681814062098,0.31224080737972554
228.4090909090909,476.70454545454544,2.371219874329545,0.08830012630926201,0.05929936308443378,0.008400376502884143,0.19963783962693174,0.31483618920881457
239.20454545454544,476.70454545454544,2.4003190642235293,0.08943635650658589,0.05925064532078076,0.008280118643838914,0.2020563105325748,0.3187370118272782
250.0,476.70454545454544,2.435686294869616,0.09171318964553828,0.05962772500232337,0.008376599662983106,0.2044603704240906,0.32411147992593536
260.7954545454545,476.70454545454544,2.4768582242320982,0.09525514011851255,0.06058576160390211,0.008767196902912862,0.20672628997685355,0.33099830848349787
271.59090909090907,476.70454545454544,2.5225803658489623,0.10003480211470284,0.06182473246345816,0.009366170677779605,0.2087369124657251,0.3392445865318181
282.3863636363636,476.70454545454544,2.5709262522619647,0.10588442273700535,0.06280377951449055,0.009978642448616064,0.2103874221578468,0.348526644099752
293.1818181818182,476.70454545454544,2.619522280535071,0.11253533403726525,0.06310616461104673,0.010413293562923762,0.2115857138168222,0.3584018656458035
303.9772727272727,476.70454545454544,2.6657629509060605,0.11964085678838773,0.06269351324743723,0.010575413450787009,0.21226161674976277,0.36834779488628255
314.77272727272725,476.70454545454544,2.707018529232153,0.12679287761078806,0.06197323374609738,0.010537623302382825,0.21237909315210257,0.3777959600356594
325.5681818181818,476.70454545454544,2.740852853058187,0.13355010741456444,0.06164710916481245,0.01055511723160232,0.2119425355390338,0.3861750378432491
336.3636363636364,476.70454545454544,2.765261465025873,0.13949807848067303,0.0623302108078089,0.01091824255024912,0.21098626118767339,0.3929786215896752
347.1590909090909,476.70454545454544,2.7788769187611657,0.1443302386630821,0.06413832285941225,0.011666463785919684,0.20954790478419688,0.3978444110713267
357.95454545454544,476.70454545454544,2.780995929605392,0.14787150456518544,0.06665807553434021,0.012538684212228942,0.20765723331494934,0.4005737555001777
368.75,476.70454545454544,2.7714725448824047,0.15004827450567193,0.06928997443635312,0.013219672357770383,0.20534269453748705,0.4010990802092662
379.5454545454545,476.70454545454544,2.7506133978035034,0.15086640349722866,0.07158313615606647,0.013544282875694947,0.2026334292142625,0.3994571645435307
390.34090909090907,476.70454545454544,2.719098536020628,0.15040363087902767,0.07337138795636085,0.013552324494802905,0.19955536886534384,0.39577536052994583
401.1363636363636,476.70454545454544,2.6779146040691217,0.14880474066336208,0.07472230232705887,0.013433550945476543,0.19612701548814604,0.3902610586755942
411.9318181818182,476.70454545454544,2.628281744094045,0.146268476617947,0.07577394329484459,0.01338365000238078,0.1923594799173985,0.3831846554469185
422.7272727272727,476.70454545454544,2.5715676746385117,0.14302494952457787,0.07656655354896377,0.013437599686451657,0.18826083714407543,0.37485443358534387
433.52272727272725,476.70454545454544,2.509232432022382,0.13932552452276772,0.07702853226919834,0.013456355234862138,0.1838362875312061,0.3656035301219956
444.3181818181818,476.70454545454544,2.4428166165714824,0.13545064274370572,0.07716210247021082,0.013283539554920992,0.17908223153845773,0.3557942153835298
455.1136363636363,476.70454545454544,2.3739154469839363,0.13170913544562546,0.07728974476032119,0.012883765314033414,0.1739839177978951,0.34581464627332215
465.9090909090909,476.70454545454544,2.304123894719376,0.1284222503167204,0.07822446705661903,0.012397396879608101,0.1685191486717664,0.3360617321813648
476.70454545454544,476.70454545454544,2.2349618001907863,0.12589543580820994,0.08121488863421564,0.012129026448741679,0.1626671706635824,0.32691321459564426
487.5,476.70454545454544,2.167784608858007,0.12437624696319756,0.08753062224870078,0.01244586210319888,0.15642432781064744,0.3186884034832791
12.5,487.5,2.0773941124733675,0.13399399111482097,0.11782368146684209,0.017145829423535864,0.14105520146061837,0.3158668045182885
23.295454545454547,487.5,2.095309721179052,0.13039592461635519,0.10506586504052887,0.01559819941579633,0.1451124078196641,0.3152298916315994
34.09090909090909,487.5,2.1139579743124686,0.12698170412258183,0.0941575909455748,0.014357443311444198,0.14913773594244675,0.3148009501804769
44.88636363636363,487.5,2.1329064570929708,0.12371045697624555,0.08489531920954542,0.013253786349557036,0.153109582453204,0.3145050533925152
55.68181818181818,487.5,2.151672464423924,0.12055670357853686,0.07712865447929466,0.012172317634976162,0.15699179204758854,0.3142728047002621
66.47727272727272,487.5,2.1697730499434207,0.11752379741248827,0.07089151804638824,0.011119499582963778,0.16073095333638385,0.31405516774460385
77.27272727272727,487.5,2.1867622119284214,0.11463922904382247,0.06640312457920976,0.010231050097127112,0.1642631633996537,0.31382410442180214
88.06818181818181,487.5,2.2022636379352076,0.11193723472492055,0.0638712481221742,0.009703029001161708,0.16752790624987624,0.313563764136504
98.86363636363636,487.5,2.2160056201782288,0.10943297513154834,0.06316194842043253,0.009628220225786131,0.17048719997662967,0.3132559439401054
109.6590909090909,487.5,2.2278550170139484,0.10709950717133844,0.06362078295316156,0.009858817389392246,0.17314297323781414,0.31286742192047795
120.45454545454545,487.5,2.2378207156626466,0.10487912573436065,0.06435247514596452,0.010119881089985516,0.17553065611693738,0.3123583447645562
131.25,487.5,2.2460375052097286,0.10271327973146566,0.06466490257759688,0.010204335227067613,0.1776995859108367,0.31170166268890775
142.04545454545453,487.5,2.2527573842607165,0.10056265612010988,0.06430765386847115,0.0100472957126983,0.17970007982809585,0.310896404214236
152.8409090909091,487.5,2.2583523707286886,0.09841629749754771,0.06348996479855522,0.009718862807212262,0.18157828548197089,0.30997442167739414
163.63636363636363,487.5,2.2633314925463246,0.0962928243319518,0.06272440422268565,0.009376457278856505,0.1833772590771708,0.30900306396863525
174.4318181818182,487.5,2.26837605152312,0.09423840269392746,0.06251607721849567,0.009172845757586893,0.1851419335484385,0.3080874933265855
185.22727272727272,487.5,2.274389527661251,0.09232699658562543,0.0630004171419098,0.00913953866539998,0.1869242798513268,0.3073761758233097
196.02272727272725,487.5,2.2824840307707803,0.0906625853055787,0.0638619208423271,0.009172952428305054,0.18878053972186737,0.30706100694849026
206.8181818181818,487.5,2.2938682933254944,0.0893817717732322,0.06463547924112213,0.009149039823045218,0.19075774432865886,0.307367233140917
217.61363636363635,487.5,2.3097244666910264,0.08865826173171794,0.06503177139271302,0.009014617951364788,0.19287792307556756,0.30854350426082583
228.4090909090909,487.5,2.331083284092688,0.08870332177882659,0.06509361233577507,0.008816102489212392,0.19512454156943218,0.31084890911520846
239.20454545454544,487.5,2.3586808524284684,0.08975465632376936,0.06515268656197666,0.0086859703472446,0.19743390481543172,0.3145298672784298
250.0,487.5,2.3927790170534555,0.09204174492827147,0.06560477991382682,0.008786781185007655,0.19969674999917536,0.31977650018251486
260.7954545454545,487.5,2.432936822454952,0.0957059469003135,0.066584386393816,0.009199574179229585,0.20178166435887046,0.32664181562833666
271.59090909090907,487.5,2.4778586523982207,0.10071375295180529,0.0677938739116692,0.00983394409605235,0.20357076048373507,0.33496420922706355
282.3863636363636,487.5,2.525544470744883,0.10687796247379032,0.06872070449849657,0.010488635654647034,0.20496301338617373,0.34439842982638325
293.1818181818182,487.5,2.5735366088171228,0.11389981036189599,0.068981233328536,0.010965050141807797,0.205875355228992,0.35447163385066316
303.9772727272727,487.5,2.619144549661784,0.1213887716370767,0.06855505388357222,0.011158854016018595,0.2062547674845208,0.36462131501794726
314.77272727272725,487.5,2.659661804292707,0.12887977013028826,0.06784883263005782,0.011134313638917846,0.20609108263110285,0.37423055687718143
325.5681818181818,487.5,2.69259221508832,0.13586745315585336,0.06755624696912683,0.011148190410849189,0.20542059083706482,0.3826763550092429
336.3636363636364,487.5,2.715900107482705,0.14187974288113964,0.06829587311197383,0.011506943493813065,0.20430871376566836,0.38940824761871085
347.1590909090909,487.5,2.728244973862999,0.14658580607635657,0.07019503961119876,0.012257221940861856,0.20281046377609838,0.39404963452182523
357.95454545454544,487.5,2.729000794398823,0.1498238160555121,0.07285888564503928,0.01313217986514367,0.20095591023651696,0.3964194623180297
368.75,487.5,2.7181260720002087,0.1515591144123871,0.07570151872743934,0.013813317503559512,0.19876134754359334,0.39648880926034274
379.5454545454545,487.5,2.6960497494887465,0.1518537416772752,0.07825937283397141,0.014135942957536668,0.1962353597592882,0.39434719889513736
390.34090909090907,487.5,2.6635804256091467,0.15084822784121507,0.08032573345992854,0.014140236204165088,0.19338003890794173,0.39018006186370774
401.1363636363636,487.5,2.6218248176062136,0.14874540374909515,0.08191670594358588,0.014013900438864926,0.19019197987293812,0.3842486107748263
411.9318181818182,487.5,2.57209892417854,0.14578744803215815,0.08313447578369745,0.013951081184411938,0.18666654066653687,0.3768641553815853
422.7272727272727,487.5,2.51582300766013,0.14222474589441214,0.08401399011563507,0.013983759365305397,0.18280527349849682,0.368354906115731
433.52272727272725,487.5,2.4544600657248963,0.13830575667331924,0.08451112599954683,0.013970697252991994,0.17861543043657835,0.35905226073778984
444.3181818181818,487.5,2.389520319313319,0.1342956051076435,0.08468175864476817,0.013763592164501518,0.17409933114250725,0.34930442666316963
455.1136363636363,487.5,2.3225479399587945,0.13048375371346638,0.08489341247401036,0.013337019144849941,0.1692483651117384,0.3394804327578694
465.9090909090909,487.5,2.2550768954729308,0.12717418251342608,0.08595497821851862,0.012835673387214067,0.16404416016351545,0.32995848608034173
476.70454545454544,487.5,2.188563848858179,0.12466112508976215,0.08904370065372968,0.012560735032004895,0.15846593977200607,0.32110167391653255
487.5,487.5,2.124302804688799,0.12318878382707575,0.09533112023195371,0.012872288877172651,0.15250551140031918,0.3132203957049628
