local_x_km,local_y_km,positive_gp_Hi_m,positive_gp_Hs_m,positive_gp_Hi_std_m,positive_gp_Hs_std_m,positive_gp_pred_cs2_m,positive_gp_pred_is2_m
12.5,12.5,2.5761591267280286,0.15428438752039939,0.10967264155355891,0.01609462688489459,0.18202103176925075,0.38330394665832446
23.295454545454547,12.5,2.6097000374042203,0.15317975804322373,0.10000172904742863,0.015118200622860905,0.18625142162351896,0.38609321181675194
34.09090909090909,12.5,2.6433573401710797,0.15231196454625492,0.0926724943554681,0.014494559560347143,0.19035266971239162,0.38906231680677367
44.88636363636363,12.5,2.6766915475065822,0.15168403053868684,0.0871732363209485,0.014013712878946292,0.19427618782599052,0.39216661795725266
55.68181818181818,12.5,2.7091566561514537,0.1512990237206223,0.08301714052506073,0.013518333461411933,0.19796202324539025,0.39535016474046775
66.47727272727272,12.5,2.740100652622187,0.1511615022317838,0.0799341686698389,0.01298055427556492,0.2013380482862386,0.3985467761246385
77.27272727272727,12.5,2.7687732472913242,0.15127241789984572,0.0778984088436826,0.012509434995900202,0.20432382933059112,0.4016772602678151
88.06818181818181,12.5,2.7943470768696783,0.15162054125510954,0.076978457593133,0.01228473133328294,0.20683800806970812,0.40464560864013105
98.86363636363636,12.5,2.8159591665129318,0.15217609063194731,0.07709171796073874,0.012408314284078143,0.20880652214548295,0.4073389050463276
109.6590909090909,12.5,2.832767789216881,0.15289203598216153,0.07784193194488802,0.012766611653505292,0.21016787841881485,0.4096342998786377
120.45454545454545,12.5,2.843983281823768,0.15370814448833275,0.07864713597854468,0.01310380110146496,0.210874015565069,0.41140515071127304
131.25,12.5,2.8488854856261656,0.15455865690834572,0.07901501204268505,0.013200900825558486,0.2108875732267178,0.4125283061864202
142.04545454545453,12.5,2.8468584706625,0.1553841804934915,0.07872968412146897,0.012979992963746528,0.2101784811456035,0.41289621091748085
152.8409090909091,12.5,2.8374364043284883,0.15613982458051817,0.0778984923953477,0.012536718660850247,0.20872397990133087,0.4124275401055668
163.63636363636363,12.5,2.820347841434653,0.156791726115455,0.07686560687434536,0.01211572020956911,0.20651541169755114,0.4110694574452799
174.4318181818182,12.5,2.795544234261155,0.1572953016850142,0.07601073476837622,0.011988005037660955,0.20357425152384234,0.4087852733929846
185.22727272727272,12.5,2.7632023977845015,0.15755562206031865,0.07550001965565252,0.012226101507087587,0.1999760494015805,0.40552669114275525
196.02272727272725,12.5,2.7237210159520746,0.157418395414323,0.07519685942558424,0.012628291828414845,0.19585544684545497,0.40122705958861915
206.8181818181818,12.5,2.677721486191053,0.15671366432388062,0.07482342851373468,0.012913720717651343,0.19138015380246787,0.3958323583645648
217.61363636363635,12.5,2.6260258791092532,0.15529570700993467,0.07417061069960476,0.01290744679903917,0.1867247579252453,0.38932706318173954
228.4090909090909,12.5,2.5696167985896237,0.15306819095027932,0.07322246235636709,0.012608188698348092,0.18205142028321963,0.3817476575139367
239.20454545454544,12.5,2.5095948366358436,0.14999989945691444,0.07215082812979076,0.012168461633198279,0.17749594856214027,0.3731892230469854
250.0,12.5,2.4471490376043303,0.14613791557828038,0.0711877893334374,0.011797938517423435,0.17315677453270858,0.36381161716557325
260.7954545454545,12.5,2.3835516559810905,0.14162532418817392,0.07043247172601748,0.01160151723700339,0.16908381742343642,0.3538514308732195
271.59090909090907,12.5,2.3201326561768325,0.13670361912054557,0.06974903695692732,0.011489425966456811,0.1652743310601835,0.3436209763345212
282.3863636363636,12.5,2.2581536334075856,0.1316642799882816,0.06890527652423706,0.011296349322857077,0.1616884206141843,0.3334606296415456
293.1818181818182,12.5,2.1986710898115773,0.12679968863419167,0.067789211668888,0.01092832379562715,0.15826382089502308,0.32368957359435224
303.9772727272727,12.5,2.1424372858315017,0.12237237865841334,0.06654867717353193,0.010419016356411757,0.1549237186646764,0.3145735022503173
314.77272727272725,12.5,2.0898322455150216,0.11859280669151356,0.0655958792377806,0.00991807136011114,0.1515827986177128,0.3063016668025324
325.5681818181818,12.5,2.040820374572178,0.11559702464078536,0.06544969243424191,0.009630748718512265,0.14815596845166507,0.29896647135575777
336.3636363636364,12.5,1.9949282696042245,0.11341641630959887,0.06644322852259,0.009700076430095916,0.14457408190111554,0.292539713667002
347.1590909090909,12.5,1.9512567686185276,0.11194725271884369,0.06847268727583894,0.010089141111931557,0.14080341493825715,0.2868523425272093
357.95454545454544,12.5,1.9085832799116307,0.11097762608548574,0.0710732543502911,0.010624042694439617,0.13684046268741146,0.2816243933557221
368.75,12.5,1.8655308327604143,0.11024778332294223,0.07370823556716756,0.011125785512436008,0.13269387929444093,0.27652564052411654
379.5454545454545,12.5,1.8207493915140256,0.10949789072849704,0.07598698388509709,0.01148351953878732,0.12837523419290517,0.27122866851802796
390.34090909090907,12.5,1.773094830912059,0.10850581468254553,0.07773953661381182,0.01166831820792379,0.12389548576472541,0.26545463515583734
401.1363636363636,12.5,1.7217918811204416,0.1071171613317517,0.07897898358028194,0.011713720213885392,0.11926437461750278,0.2590118553186683
411.9318181818182,12.5,1.6665647259459249,0.10526607939544545,0.07980227827165871,0.011673948927372344,0.11449189357294234,0.2518244107523519
422.7272727272727,12.5,1.6077167564474972,0.1029846218941186,0.08028620967805297,0.011574445553171947,0.1095911825759951,0.24394725850011628
433.52272727272725,12.5,1.5461228519411687,0.10039840145130109,0.08047408167305053,0.011402110851226922,0.1045803033984709,0.23556233741438415
444.3181818181818,12.5,1.4831260627445837,0.09770965063106538,0.08047715189173195,0.011147005184214997,0.09948136499904943,0.22695559364848725
455.1136363636363,12.5,1.4203829784099864,0.09517304371019489,0.08058545351652112,0.010841623616970546,0.09431851239884971,0.2184834260672555
465.9090909090909,12.5,1.3596821860781063,0.09306790278355034,0.08131491672277126,0.0105768605158282,0.08911521181809438,0.21053371083769926
476.70454545454544,12.5,1.3027532164941216,0.09166824188395074,0.08334186286166119,0.010492475312211775,0.08389181525304194,0.20348428488460896
487.5,12.5,1.2510790965107754,0.09120669961835028,0.08731358064368502,0.010739071192716077,0.078667161117006,0.19765749222984386
12.5,23.295454545454547,2.5794696506696035,0.1514949552029925,0.10022653952266375,0.01516002682464207,0.18404036244017882,0.38168412059565754
23.295454545454547,23.295454545454547,2.6121533918932625,0.15027478118267673,0.09083594337654877,0.01420939449745157,0.18824855905578644,0.3843004504810777
34.09090909090909,23.295454545454547,2.645021467713279,0.14931380716583098,0.08390839806279067,0.01361611142208278,0.19232148151806133,0.3871196644226651
44.88636363636363,23.295454545454547,2.677678676791783,0.14862512253915636,0.07883212081117634,0.01316441049558171,0.1962092403914579,0.3901089496959507
55.68181818181818,23.295454545454547,2.7096202849337985,0.14822391996855505,0.07502995715493514,0.012693219282685193,0.19984903007955024,0.39322532140138466
66.47727272727272,23.295454545454547,2.74022705492929,0.14812803748856604,0.07218998245789573,0.012174703387019755,0.20316427582700128,0.39641547668849064
77.27272727272727,23.295454545454547,2.768766609280275,0.1483508523020521,0.07029802353991023,0.011720472798168803,0.2060690253800561,0.3996109155060895
88.06818181818181,23.295454545454547,2.7944081194457615,0.14888962944981654,0.069462663770574,0.011512209089389854,0.2084764753232789,0.402721266348882
98.86363636363636,23.295454545454547,2.8162574486551475,0.1497155531206196,0.06963480896278736,0.011651266757776427,0.21030866907125279,0.405630978869863
109.6590909090909,23.295454545454547,2.8334065848516583,0.1507711939601282,0.07043588463078439,0.01203020130915414,0.21150327228822016,0.40820279509371443
120.45454545454545,23.295454545454547,2.844969167660038,0.15197408644437987,0.07128384533427264,0.01239899927896781,0.21201521675944948,0.4102840604108156
131.25,23.295454545454547,2.8501104829210018,0.1532267346349037,0.0716784601898751,0.012536640451213416,0.21181391381507356,0.41171699073638623
142.04545454545453,23.295454545454547,2.848095719170464,0.15443194144132646,0.07140595789767362,0.01236000063458379,0.21087923036976597,0.41235464745420014
152.8409090909091,23.295454545454547,2.8383526968334873,0.15550551074732252,0.07059154056867191,0.011960102593561834,0.20920057546947388,0.41207659544522623
163.63636363636363,23.295454545454547,2.820534840397645,0.1563777236833472,0.0696048023557036,0.011576944187879475,0.20678272117612034,0.41079664995125653
174.4318181818182,23.295454545454547,2.7945672527003538,0.15697674844803777,0.06884006242401747,0.011472319863445444,0.20366062110847544,0.40845605119210737
185.22727272727272,23.295454545454547,2.760663887321819,0.15719828475937947,0.06845942603340711,0.011713175033773901,0.19991937857946493,0.40500382996471584
196.02272727272725,23.295454545454547,2.7193270733337127,0.1569004214151351,0.06830673132225476,0.012103043979166556,0.19569726908583737,0.4003931211893872
206.8181818181818,23.295454545454547,2.6713350903800412,0.1559387068071628,0.0680730992710069,0.012365140148646382,0.19116345989410705,0.394604637284971
217.61363636363635,23.295454545454547,2.617702464021113,0.15420131263234638,0.06752776700968761,0.012329079858762946,0.18649277013287935,0.38766730363683605
228.4090909090909,23.295454545454547,2.559619637838516,0.15163001851545177,0.06665502717868972,0.012000195481707259,0.18184670893991997,0.37966667375936064
239.20454545454544,23.295454545454547,2.4983905173418877,0.1482316139873174,0.0656445840015929,0.01153679705605755,0.1773600135790648,0.3707463426924644
250.0,23.295454545454547,2.4353854550610015,0.1440871477065394,0.06474693689334607,0.011148579871629097,0.17313011766781525,0.3611094819738122
260.7954545454545,23.295454545454547,2.372017313506251,0.13936387374779488,0.06406649018483303,0.01093723803336501,0.16920746419187396,0.3510247380523289
271.59090909090907,23.295454545454547,2.309698283337996,0.13431135832700936,0.06346166980969398,0.010817176548354675,0.16559323558945588,0.34081888311776987
282.3863636363636,23.295454545454547,2.2497245685645146,0.12922064656607407,0.06267739795553909,0.010625112650861917,0.1622514806236072,0.330835670007197
293.1818181818182,23.295454545454547,2.193148508360735,0.12438022282205086,0.06157262239836432,0.010264821356709168,0.15912182008015943,0.32139108274852046
303.9772727272727,23.295454545454547,2.1406827159355197,0.12004685041554856,0.06027679607373924,0.009766141717136894,0.15612666872862974,0.31274251536897346
314.77272727272725,23.295454545454547,2.092632933469806,0.11642370409859232,0.0592037382872612,0.009274232477775944,0.15317715589545833,0.30506616358944305
325.5681818181818,23.295454545454547,2.0488528656994203,0.1136372903277131,0.05889046300230048,0.008989020660169735,0.1501821099581873,0.29843589898291123
336.3636363636364,23.295454545454547,2.0087205885508874,0.11170747182972472,0.05968919183585174,0.009048563368326705,0.14706346021865987,0.29279956421559317
347.1590909090909,23.295454545454547,1.9711564534964618,0.11052328118076708,0.06151062757266026,0.009419654408318835,0.14377259633616238,0.2879637783261618
357.95454545454544,23.295454545454547,1.9347260821630967,0.10986478901343404,0.06389161428058864,0.009933970949702468,0.1402882633670597,0.28362036152490605
368.75,23.295454545454547,1.8978133070913226,0.10945657066584362,0.06629137381162213,0.010413465373392645,0.13660301928533994,0.27940254651857904
379.5454545454545,23.295454545454547,1.8588169471438913,0.10901690535633109,0.0683281921688661,0.010747828924309222,0.13271477979612117,0.27494070968424594
390.34090909090907,23.295454545454547,1.8163509814918724,0.10829955130388304,0.06985852461948487,0.010911492121162004,0.12862316146317904,0.2699132149674076
401.1363636363636,23.295454545454547,1.769431531628686,0.10712894426051543,0.07092865045997204,0.010943869199716764,0.12432835072570697,0.26409120370326167
411.9318181818182,23.295454545454547,1.7176300448970876,0.10542596187467385,0.07165642513138214,0.010903674655771353,0.1198320130033205,0.2573731164951625
422.7272727272727,23.295454545454547,1.661166289390714,0.10322008414876171,0.0721157526114148,0.010817117283918027,0.1151399245819132,0.24980318990946415
433.52272727272725,23.295454545454547,1.600904508104583,0.10064467344540272,0.07232464979813141,0.010667696593893966,0.11026438386892706,0.241567709919796
444.3181818181818,23.295454545454547,1.5382466155175178,0.09791684778564276,0.07235974497155254,0.010438061385224448,0.10522487021519174,0.23296941297677226
455.1136363636363,23.295454545454547,1.4749615090959611,0.09530830641632396,0.07249727837434192,0.01015472769347061,0.10004730931623129,0.22438868978210771
465.9090909090909,23.295454545454547,1.4129826143373703,0.09311284059342093,0.07328499839404046,0.009907724037562664,0.09476193810937875,0.2162390640160255
476.70454545454544,23.295454545454547,1.354196120491256,0.09161306052820872,0.07547369936602662,0.00984066961829566,0.08940064715155646,0.2089211259335645
487.5,23.295454545454547,1.3002358742726543,0.09104275101184843,0.07978506273547949,0.010108304686338377,0.08399764397356378,0.20277408401200936
12.5,34.09090909090909,2.5807284246899562,0.14871570716347451,0.09297389936121389,0.014546631103979222,0.18583520791213523,0.3798530959741805
23.295454545454547,34.09090909090909,2.612172921731258,0.1473842002291127,0.08408329706850046,0.0136459191666707,0.18997802439151218,0.38225879827596165
34.09090909090909,34.09090909090909,2.6438434739252195,0.14633139098485531,0.07776973117917398,0.013096465496416373,0.19397835602429683,0.38488561106531655
44.88636363636363,34.09090909090909,2.6754007515733638,0.14558125955519224,0.0733118702678753,0.012688757879996156,0.19778575243722454,0.3877143689838436
55.68181818181818,34.09090909090909,2.7063959977193335,0.14516261438998337,0.07003499895268392,0.012267077806167198,0.20133522987238922,0.39071767243140165
66.47727272727272,34.09090909090909,2.736260124536997,0.14510905722007028,0.06757515654895438,0.011804488068633535,0.20454613149109538,0.39385870215025737
77.27272727272727,34.09090909090909,2.7642978980412094,0.14545013521534741,0.06591107979716518,0.011405126079171572,0.20732679575830393,0.39708434451406577
88.06818181818181,34.09090909090909,2.789693855694627,0.14619613386473518,0.0651692918056471,0.01123296608479192,0.20958427398911236,0.40031506952029555
98.86363636363636,34.09090909090909,2.8115357994669448,0.14732282413167477,0.06533168078685513,0.011376029657838608,0.21123594604431817,0.40343664727854445
109.6590909090909,34.09090909090909,2.828852175976743,0.14876329036836447,0.06606825275849848,0.011743256408203614,0.21221838283991568,0.4062983490314071
120.45454545454545,34.09090909090909,2.840651854192506,0.1504102511456474,0.06684452793036245,0.01211479231607034,0.21249019358880364,0.4087188222035467
131.25,34.09090909090909,2.845970435789142,0.15212885169316087,0.06718840170448309,0.012285538535919698,0.21202931066824313,0.41050006457701654
142.04545454545453,34.09090909090909,2.843935069910864,0.15377581945889285,0.06690167418315923,0.01217268885140071,0.21082844164885214,0.41144786709816655
152.8409090909091,34.09090909090909,2.8338458288949644,0.15521683693847524,0.0661195314532775,0.011856203804970508,0.2088933495046294,0.41139275907520234
163.63636363636363,34.09090909090909,2.815260383990488,0.1563339622862426,0.06521123509373736,0.011550536612344045,0.20624743145253396,0.4102042681154325
174.4318181818182,34.09090909090909,2.7880634744472164,0.15701847853643322,0.06455394424889915,0.011480182271164057,0.20294338685567423,0.4077932589600822
185.22727272727272,34.09090909090909,2.7525052661613647,0.1571560616540922,0.0642899835813135,0.0116976880076307,0.19907616376736792,0.404105529930812
196.02272727272725,34.09090909090909,2.7092050962700966,0.1566267412361646,0.06425295759223651,0.012031578623844005,0.19478338101036644,0.39912218373869507
206.8181818181818,34.09090909090909,2.6591212567442497,0.15532703665352032,0.06412441431323036,0.01223478131835017,0.19022888341263272,0.3928720620334687
217.61363636363635,34.09090909090909,2.6034874573598152,0.15319459009375289,0.06366790809991299,0.012154217476936392,0.18558125809261397,0.3854423985157197
228.4090909090909,34.09090909090909,2.5437288684664283,0.15022283192439265,0.06287153668395248,0.01180123529719085,0.18099613370976497,0.3769802509532236
239.20454545454544,34.09090909090909,2.4813775583093305,0.1464673237390113,0.0619334236520086,0.011327729726280936,0.17660338861371216,0.3676879846120715
250.0,34.09090909090909,2.4180034629691884,0.14204950037368755,0.061106837141154516,0.010924778143477615,0.17249756672086364,0.3578185700529212
260.7954545454545,34.09090909090909,2.355162257824764,0.13715920463063122,0.0604967544675742,0.010682567383960164,0.16873081394678568,0.3476718264213636
271.59090909090907,34.09090909090909,2.29433233372432,0.13204494214918944,0.05996975381925416,0.010529892027196838,0.16531199322088205,0.3375808227460586
282.3863636363636,34.09090909090909,2.23681708572492,0.12698454474553209,0.05926970833121935,0.010322595680030595,0.1622138149182173,0.32788073509744287
293.1818181818182,34.09090909090909,2.1836386342103298,0.12225173750754234,0.05823673603646948,0.009970963240442393,0.15938150318908814,0.3188738955902213
303.9772727272727,34.09090909090909,2.1354509545409313,0.11808995180364902,0.056970674779976374,0.009499725972782423,0.15673919813959883,0.3108020304207065
314.77272727272725,34.09090909090909,2.092474116774275,0.11468983543288931,0.055851118126094855,0.009039410595177788,0.15419639570029792,0.30382335896660917
325.5681818181818,34.09090909090909,2.0544459791911267,0.11216437333729265,0.05538128499803298,0.008766821917444696,0.15165767327813293,0.29798986135550065
336.3636363636364,34.09090909090909,2.020597519736298,0.11052108906336201,0.055896739637563406,0.00880100546053721,0.1490366760730232,0.29322499817688535
347.1590909090909,34.09090909090909,1.9896761568401728,0.10964531594411411,0.05733287217898381,0.009115621022751113,0.14626859646864954,0.28931436507726316
357.95454545454544,34.09090909090909,1.9600461345165108,0.10931583553406955,0.059273090660965304,0.009563467732436673,0.1433115141604506,0.28592743514547464
368.75,34.09090909090909,1.929859419518381,0.10924739657529237,0.06121590159669109,0.00997947827722429,0.14013917838603754,0.28266581235157734
379.5454545454545,34.09090909090909,1.897264692707387,0.10913928062903648,0.06281454329280968,0.010258261324279448,0.13673423167035292,0.27911981511770273
390.34090909090907,34.09090909090909,1.8606288656520877,0.10872153298178508,0.06396410360368528,0.010377838270303296,0.1330841620348366,0.2749247424168847
401.1363636363636,34.09090909090909,1.8187499802722409,0.10779639194629716,0.06474754953236735,0.010381934252260949,0.1291792073703226,0.2698128277527279
411.9318181818182,34.09090909090909,1.7710349373428467,0.10627030037367223,0.06530166695076915,0.010331945260758885,0.12501214399714042,0.2636547906649502
422.7272727272727,34.09090909090909,1.71760634246371,0.10416981685396245,0.06569387235117027,0.010254898209135147,0.12058015152022031,0.2564824596980598
433.52272727272725,34.09090909090909,1.659302872759421,0.10163656752115426,0.06591179762145453,0.010132408271054877,0.11588786862079001,0.2484852422032154
444.3181818181818,34.09090909090909,1.597568715479198,0.09890294142879986,0.06598784318916913,0.00994029028278884,0.11095014854940886,0.23998117146648798
455.1136363636363,34.09090909090909,1.5342658538351568,0.09625650828931599,0.06617026219100959,0.009697469889883743,0.10579334148828418,0.23137176764599304
465.9090909090909,34.09090909090909,1.4714493616765296,0.09400158644195034,0.06702446640834536,0.00948967169435257,0.1004543423765653,0.2230909462956189
476.70454545454544,34.09090909090909,1.4111358820700821,0.09242200362619858,0.06936512128347425,0.009458714316226323,0.094978200384059,0.21555404469824874
487.5,34.09090909090909,1.3550872567714751,0.09174365559623475,0.07398130863911331,0.009756384314594475,0.08941746193474913,0.20910831800758276
12.5,44.88636363636363,2.5801842521208553,0.14598037984073098,0.08724488088221564,0.01400598357751513,0.18741189152594218,0.3778612094588501
23.295454545454547,44.88636363636363,2.610026851766226,0.14455387878023931,0.07897203905153571,0.013166521262848317,0.19144096121440687,0.38002923347598816
34.09090909090909,44.88636363636363,2.6401081143176715,0.14342431703491593,0.07339404902790982,0.012677178500291982,0.1953179870532796,0.38243260741592316
44.88636363636363,44.88636363636363,2.6701536705916395,0.1426246888412417,0.06966003751735284,0.01232894898181892,0.19899404665531223,0.38506545392143327
55.68181818181818,44.88636363636363,2.6997833338475714,0.14219661444310736,0.06698662023032204,0.011967975107883529,0.20240379902201971,0.3879167307091748
66.47727272727272,44.88636363636363,2.7284937775703892,0.14219035208070713,0.06495330005428968,0.011566248008420236,0.2054636335103633,0.39096839517734805
77.27272727272727,44.88636363636363,2.7556443469945813,0.1426545525827955,0.06352823138686596,0.011219974077524333,0.2080762821041117,0.39418665028550126
88.06818181818181,44.88636363636363,2.780451257024582,0.1436167278956029,0.06285641886982596,0.011078833583784786,0.21014187364987408,0.3975075175899374
98.86363636363636,44.88636363636363,2.801995929407078,0.14506071590913766,0.06296052262807757,0.011223943585528015,0.21157228813723664,0.40082179162459686
109.6590909090909,44.88636363636363,2.8192503190626645,0.1469114161499621,0.06356973632427185,0.01157962441953179,0.2123029743876034,0.4039669434281279
120.45454545454545,44.88636363636363,2.831119293060036,0.14903507204358413,0.06420701255341797,0.01195126351047452,0.21229729241975506,0.40673183115537
131.25,44.88636363636363,2.836502283216111,0.15125515561646957,0.06443828420634815,0.012148075068260787,0.21154358351795727,0.40887449368835943
142.04545454545453,44.88636363636363,2.8343766286668117,0.1533762106658864,0.06408638113904687,0.012087368388685729,0.2100497931834083,0.4101478799285002
152.8409090909091,44.88636363636363,2.8238992413547144,0.15520641753223574,0.06329696409760356,0.011838518500138636,0.20784080843372724,0.4103266246103541
163.63636363636363,44.88636363636363,2.804516029084493,0.15657271311132465,0.06243719619893806,0.01159418114747262,0.20496106978416137,0.40922938619414917
174.4318181818182,44.88636363636363,2.776060600665605,0.1573267250092777,0.06186636215806448,0.011550755883190506,0.2014815317470807,0.40673354919850385
185.22727272727272,44.88636363636363,2.7388178032532786,0.15734568302184787,0.06170242205388442,0.011749085950267465,0.19750588139184763,0.4027826318968996
196.02272727272725,44.88636363636363,2.6935320933316835,0.15653683545047975,0.06175940024270925,0.012033067798399273,0.19316879024399736,0.39739029984306723
206.8181818181818,44.88636363636363,2.6413574590493742,0.15484807988037683,0.061705843759497093,0.01217868167809366,0.18862423089045852,0.39064255163063927
217.61363636363635,44.88636363636363,2.5837644029348286,0.15227842354461193,0.06130182040850717,0.012049197961055167,0.18402932470143885,0.3826952134435501
228.4090909090909,44.88636363636363,2.5224282937616356,0.14888284096785973,0.0605437972483056,0.011663742657516598,0.1795295545234421,0.37376548914135616
239.20454545454544,44.88636363636363,2.4591197793221644,0.14477154158154992,0.059645044105888265,0.01117194180205301,0.17524753729964096,0.36411977739370904
250.0,44.88636363636363,2.3956090928126756,0.14010617548884013,0.058872005699874046,0.010753885190173614,0.17127510533556412,0.35406080290088077
260.7954545454545,44.88636363636363,2.3335850545973575,0.13509377745084103,0.058338946903470065,0.010493151124152693,0.16766830343863642,0.3439147127202352
271.59090909090907,44.88636363636363,2.274578087653253,0.12997523484448248,0.05791820871496097,0.010326557785370867,0.16444608572298736,0.3340147281070409
282.3863636363636,44.88636363636363,2.2198787318389934,0.12500675019488933,0.0573472002053421,0.01012151840664806,0.16159271966755975,0.3246793641714357
293.1818181818182,44.88636363636363,2.1704578414587914,0.12043887283651944,0.05644278787502249,0.009791648918764715,0.15906182202098712,0.3161891100123519
303.9772727272727,44.88636363636363,2.126896259713409,0.11649610347476519,0.05526857688784739,0.009355910976950304,0.1567810611162454,0.3087645226801676
314.77272727272725,44.88636363636363,2.089323765111109,0.11335472796379115,0.05415899764951488,0.008931087216603033,0.15465890434722718,0.3025440560965778
325.5681818181818,44.88636363636363,2.0573678841111134,0.11111638843918763,0.053571107995587626,0.008674055646136214,0.15259496317985355,0.29755992636531564
336.3636363636364,44.88636363636363,2.0301252549213578,0.10978098656777742,0.0538154963597759,0.008688653669738743,0.15049313774893408,0.29371590533349495
347.1590909090909,44.88636363636363,2.0061829950334786,0.1092318141419486,0.05484514731403086,0.008952034806029,0.148272777161864,0.29077908193107416
357.95454545454544,44.88636363636363,1.9837152925838797,0.1092463466338716,0.05629011664157963,0.009332317167482968,0.14587251106047552,0.28839777524859955
368.75,44.88636363636363,1.9606532412074165,0.10953113310756431,0.0576982431629083,0.009675987689058294,0.14324747783181765,0.2861442809194189
379.5454545454545,44.88636363636363,1.9349028550578957,0.10976837358432354,0.05877109802416919,0.009883980979942123,0.14036469704959406,0.28357100944957114
390.34090909090907,44.88636363636363,1.9045848648393535,0.10966523551964018,0.05945760983249867,0.009941383692720306,0.1371991235324845,0.2802708796715908
401.1363636363636,44.88636363636363,1.868272634984039,0.10900125218997712,0.059894859252673904,0.009902081477807832,0.1337306476416151,0.27593615605351923
411.9318181818182,44.88636363636363,1.825196764385992,0.1076674816337385,0.06025437290172969,0.009836970509228962,0.12994247302109618,0.27040791408291
422.7272727272727,44.88636363636363,1.775371314322761,0.1056875505790391,0.06060082415797816,0.009776365213905529,0.12582197729719435,0.26370435535195824
433.52272727272725,44.88636363636363,1.719599626446568,0.10321238623725257,0.06087951719608173,0.009696085074897803,0.12136447961137578,0.25601770206879565
444.3181818181818,44.88636363636363,1.6593543740486585,0.10049018983571996,0.061060268821308196,0.009559705349716851,0.11657841619991409,0.24768019942613773
455.1136363636363,44.88636363636363,1.5965696991682277,0.0978230353369561,0.061345044118838586,0.009374548016943788,0.11148915059800395,0.23911130350907525
465.9090909090909,44.88636363636363,1.5333954970008983,0.09552229741858094,0.062302296493827465,0.009219842858317456,0.10613945422513253,0.2307600122110845
476.70454545454544,44.88636363636363,1.471951938071661,0.09386900262072675,0.06480280642302572,0.009234906109919809,0.10058707023655124,0.2230507022922043
487.5,44.88636363636363,1.4141113987074931,0.0930799928457579,0.0697034629562476,0.009569568355212442,0.09490172144770034,0.21633599343695847
12.5,55.68181818181818,2.578158534555477,0.14333486085087938,0.08243893598021712,0.013365772167677467,0.18877720292737005,0.3757751167212731
23.295454545454547,55.68181818181818,2.606071927436959,0.14184369084189866,0.07479563539548208,0.012589884508623467,0.19263956320995568,0.3776920627540655
34.09090909090909,55.68181818181818,2.634205670820454,0.14066838203854223,0.06997766371479018,0.01217815177811782,0.19633662281333938,0.37985578780794343
44.88636363636363,55.68181818181818,2.662356615731533,0.1398469828739309,0.0669807800015823,0.0119052455416371,0.19982402006296857,0.38227156905806936
55.68181818181818,55.68181818181818,2.690222141842335,0.1394305395976582,0.0649001069922778,0.011606798086112882,0.20303903764094064,0.38494328528273347
66.47727272727272,55.68181818181818,2.717376276836464,0.13948429566140239,0.06326020499236162,0.011250486260701005,0.20589734386174371,0.3878717228847948
77.27272727272727,55.68181818181818,2.743246402591161,0.14007689158969988,0.06202986005009676,0.010931783813137894,0.20829696721947114,0.39104446034509693
88.06818181818181,55.68181818181818,2.767094095928228,0.1412562750678755,0.061389705031369445,0.010802932440189933,0.21013065290115546,0.39441679648956907
98.86363636363636,55.68181818181818,2.7880066644342834,0.14301777854908626,0.0614153426346022,0.01095217436410197,0.211304038363744,0.3978882793875736
109.6590909090909,55.68181818181818,2.8049100172867143,0.14527933966970258,0.061888408985241,0.011313199316425456,0.2117518314412009,0.4012865564503091
120.45454545454545,55.68181818181818,2.8166127577510425,0.14787955775004502,0.062370306939386125,0.011696804940461453,0.21144366520271934,0.404370693755758
131.25,55.68181818181818,2.821882231993422,0.15059836801110396,0.06245083111849064,0.01191084936065159,0.21037983825709533,0.4068538884055881
142.04545454545453,55.68181818181818,2.819546132757085,0.15318665291714725,0.06197098934028966,0.011867658779196067,0.20858443450252376,0.4084352199048212
152.8409090909091,55.68181818181818,2.808613794931422,0.15539392013075076,0.061096012194862596,0.011633073280843344,0.2061016943619529,0.408832130685731
163.63636363636363,55.68181818181818,2.7884109124285206,0.15699147007299077,0.06021131688249937,0.011400080494006322,0.2029965100271174,0.40781114627690823
174.4318181818182,55.68181818181818,2.758711635074163,0.15779252121786377,0.05968047405653894,0.011365936151763243,0.1993564598494185,0.405216165610173
185.22727272727272,55.68181818181818,2.719832689746228,0.1576687088723645,0.059600913241077795,0.011567240687031372,0.19529196756393205,0.40099014492766677
196.02272727272725,55.68181818181818,2.672647370395422,0.15655860189488377,0.05974761754883916,0.011839996110858422,0.1909327019434032,0.39518260854003595
206.8181818181818,55.68181818181818,2.6185111088602744,0.1544670159747864,0.059752870680291024,0.011956276242750488,0.1864200645386454,0.3879412406557766
217.61363636363635,55.68181818181818,2.559133846337721,0.15145962540583988,0.05936207521949981,0.011783577268653174,0.18189682417799577,0.3794944902779684
228.4090909090909,55.68181818181818,2.496438842387871,0.14765599857672557,0.0585847504084115,0.011351832856411883,0.17749624977905992,0.37013161795881566
239.20454545454544,55.68181818181818,2.4324278239909,0.14322058297662124,0.05766898755788367,0.010824111375370662,0.17333314338155692,0.3601819676660956
250.0,55.68181818181818,2.3690582569720946,0.13835103210917432,0.056921445002775975,0.010391601398508067,0.1694977520022612,0.34999364966503954
260.7954545454545,55.68181818181818,2.308135663715083,0.1332653900003336,0.056480129963997684,0.010141309105092552,0.16605196378894033,0.3399130172902203
271.59090909090907,55.68181818181818,2.251226269631519,0.1281911593652275,0.056211285014590495,0.010004501109753941,0.1630265424165762,0.3302676394240823
282.3863636363636,55.68181818181818,2.1995917261111106,0.1233573121865512,0.055821473419771526,0.009838958670090431,0.1604189530614634,0.3213537032902091
293.1818181818182,55.68181818181818,2.1541376342296523,0.11898618318243875,0.055087108945504566,0.009549750790692048,0.15819272738554832,0.3134248034717947
303.9772727272727,55.68181818181818,2.115364510254673,0.1152808184242664,0.05403268253736693,0.009149627658566565,0.15627980440224137,0.30667777749700026
314.77272727272725,55.68181818181818,2.083315140235392,0.11240478932761978,0.052958918312297126,0.008750648690392365,0.15458698960578898,0.3012328298426313
325.5681818181818,55.68181818181818,2.0575209363120295,0.11045418238956799,0.05229761020955937,0.008505845160152856,0.1530069835454943,0.2971080176836508
336.3636363636364,55.68181818181818,2.0369641891121577,0.10942735322762585,0.0523477011878058,0.008516502683932383,0.15143243849809593,0.2941938479980726
347.1590909090909,55.68181818181818,2.020089815577404,0.1092065351018362,0.05306677207492237,0.00875881354693824,0.14976819955888943,0.29224152471842424
357.95454545454544,55.68181818181818,2.004897630929009,0.10956523949246882,0.05410201147937487,0.009100287780119152,0.14793670403794595,0.2908780030896576
368.75,55.68181818181818,1.9891145438123623,0.1102006038580793,0.05502876884446663,0.009386914294873615,0.14587698008229913,0.28964718991093447
379.5454545454545,55.68181818181818,1.9704199129244002,0.11077897766437389,0.0555923997195527,0.00952258432759047,0.14354139301128424,0.2880661624392249
390.34090909090907,55.68181818181818,1.946697919670157,0.11098633991210546,0.05580831850740023,0.00950390101946711,0.1408923801190099,0.28568767904337056
401.1363636363636,55.68181818181818,1.9162963432080593,0.11057990870515456,0.055894580168310753,0.009406311204242975,0.13789915462807276,0.28216421417208043
411.9318181818182,55.68181818181818,1.8782607901814072,0.10943479223110393,0.056086430157997524,0.009323587476723915,0.13453476011919246,0.2773058747120045
422.7272727272727,55.68181818181818,1.8324886987514288,0.10757206958510632,0.05645622319706619,0.00929389935697458,0.1307756826782612,0.2711166470151589
433.52272727272725,55.68181818181818,1.7797423414314897,0.10515358426156514,0.05689243700160971,0.009279521176227996,0.1266063463519733,0.2637920998255913
444.3181818181818,55.68181818181818,1.7215115589006889,0.10244415756506563,0.05727822471918372,0.009220888453795883,0.12202708274843521,0.2556780566379713
455.1136363636363,55.68181818181818,1.6597809138492101,0.09975911927502812,0.05774942535045704,0.00910755954492386,0.1170607008818891,0.24720871285613696
465.9090909090909,55.68181818181818,1.5967665985841446,0.0974146464832226,0.058865367331236776,0.00901201457715955,0.11175415930691375,0.2388435188471923
476.70454545454544,55.68181818181818,1.5346653279048261,0.09568813057639278,0.06154930125996805,0.009075517241478908,0.10617552129456356,0.23101242898333438
487.5,55.68181818181818,1.4754413121940018,0.09478930453169364,0.06673017827310826,0.009452599606846409,0.10040853319799817,0.22407281202157459
12.5,66.47727272727272,2.5750318826298573,0.14083671140777823,0.07824308362516252,0.012596401348291323,0.18993725824500743,0.37367602955652923
23.295454545454547,66.47727272727272,2.6007380469911987,0.13932539621658002,0.07117078840540175,0.011883934401959602,0.19357670798674778,0.3753437831863717
34.09090909090909,66.47727272727272,2.626614430629266,0.13815169832482266,0.06706735626553946,0.011566576522296751,0.19703251955959908,0.3772683618415641
44.88636363636363,66.47727272727272,2.6525323989823475,0.1373536480892629,0.06475702916004206,0.01138363053859903,0.20026827380123718,0.3794629616266623
55.68181818181818,66.47727272727272,2.6782716043741375,0.13698622301606325,0.06320663396298981,0.01114718744381031,0.2032276616465336,0.3819429983793074
66.47727272727272,66.47727272727272,2.7034897360191126,0.1371248498303125,0.06189216275386686,0.010817874611288258,0.20582917135060713,0.38472536377268507
77.27272727272727,66.47727272727272,2.727690512353897,0.13785553536649195,0.060797145965814495,0.010498445579211755,0.2079685791180526,0.3878180404803857
88.06818181818181,66.47727272727272,2.750191643238262,0.13924748232388023,0.060155410920473606,0.010361413257801655,0.2095319034199694,0.39119733038619126
98.86363636363636,66.47727272727272,2.770098967871841,0.14131018918099802,0.06010390320290267,0.010516734571972193,0.21041828882094377,0.3947747699854231
109.6590909090909,66.47727272727272,2.7863052330993625,0.14395532879626116,0.060461920616871466,0.010901027315135292,0.21056265695784596,0.3983700473206285
120.45454545454545,66.47727272727272,2.797536185108723,0.1469933320354058,0.06080058010116738,0.011308628688265869,0.20994265438009085,0.4017134927446139
131.25,66.47727272727272,2.8024419152863613,0.15016260885693988,0.060711727727005664,0.011528003882699853,0.2085709136168057,0.40447646247913854
142.04545454545453,66.47727272727272,2.7997150969519033,0.15316558698309177,0.0600483510417673,0.011460277894562054,0.2064861025212124,0.40630940482765227
152.8409090909091,66.47727272727272,2.7882281086775023,0.1556997293203114,0.059005687651304095,0.011175867091905455,0.20374898465977795,0.4068783865954621
163.63636363636363,66.47727272727272,2.767188953453342,0.157486592498284,0.0580137868692009,0.010894608058921257,0.20044165104191972,0.40590223524919133
174.4318181818182,66.47727272727272,2.736307429362678,0.15830514338021137,0.057470653174553785,0.010849539335548785,0.19666529854760512,0.40319378282012197
185.22727272727272,66.47727272727272,2.695927882860208,0.1580250573476015,0.05746143018598664,0.011081916855799453,0.19253446212111774,0.3986975397963146
196.02272727272725,66.47727272727272,2.647050831303098,0.15661949341860978,0.05770134971182964,0.011392194267173165,0.18817168208658,0.39250102914756946
206.8181818181818,66.47727272727272,2.5912257155273766,0.15415087544011075,0.05775940137979931,0.011516834982367673,0.18370458520054211,0.3848133171983635
217.61363636363635,66.47727272727272,2.530384942243565,0.1507489356857107,0.05735198301213317,0.011313127958088922,0.1792613402011193,0.3759318243564484
228.4090909090909,66.47727272727272,2.466676341487941,0.14659280923372567,0.056504632266992316,0.010824305540368786,0.17496352393574036,0.36621183115957323
239.20454545454544,66.47727272727272,2.402307588288741,0.14189486523142558,0.055520155892729815,0.01024373103325627,0.1709192230751037,0.35603848588967274
250.0,66.47727272727272,2.3393999787132027,0.1368823376186149,0.05477419326768634,0.009798439401727197,0.16721844658142146,0.34579825206603154
260.7954545454545,66.47727272727272,2.2798551798214772,0.1317785884206731,0.05444325504336952,0.009590296502389385,0.16393013876158452,0.33585147716514485
271.59090909090907,66.47727272727272,2.2252575021308787,0.12679309197154287,0.054372633756823927,0.009529672009455935,0.1610977619718313,0.32651490851529574
282.3863636363636,66.47727272727272,2.1768266376872596,0.12212424353586675,0.05421008773397397,0.009441236587708589,0.15873258739839816,0.3180586482694129
293.1818181818182,66.47727272727272,2.1353959262678734,0.11796416738544101,0.053673922789396096,0.00920915060191399,0.15680850833129095,0.3107072394045483
303.9772727272727,66.47727272727272,2.1013854210061766,0.11449426117177823,0.05275013958226705,0.008840273067765454,0.15526183577118016,0.30463364841605534
314.77272727272725,66.47727272727272,2.0747595591805057,0.11186818483633645,0.051724248532535315,0.00845236037806711,0.1539969583651505,0.2999427321993972
325.5681818181818,66.47727272727272,2.054972216844441,0.11018256639931187,0.05103311650620439,0.008212715136422685,0.15289799969993953,0.29664467745033773
336.3636363636364,66.47727272727272,2.0409155479629435,0.10944003788816274,0.05098569064949263,0.008234836235340978,0.15184546188102901,0.2946234200771393
347.1590909090909,66.47727272727272,2.0309147142813755,0.10952223298369036,0.051533707875952336,0.008490486440495772,0.15073180092785546,0.29361699271177905
357.95454545454544,66.47727272727272,2.022816694487771,0.11019556331324369,0.05230675109814605,0.008829645789953142,0.14946742822938422,0.29323106204878463
368.75,66.47727272727272,2.0141700842569916,0.11114676729802613,0.05287585982106495,0.009083584519648129,0.14797860572863367,0.2929832018630693
379.5454545454545,66.47727272727272,2.002456171038287,0.11202905445673818,0.05301472390106321,0.009153435812270915,0.1462044673091233,0.2923601153025896
390.34090909090907,66.47727272727272,1.9853461027729435,0.11251128223640725,0.05280848012450302,0.009049748054643845,0.14409500554553195,0.2908797788490329
401.1363636363636,66.47727272727272,1.9609725075012638,0.11233076561191482,0.05257847902025873,0.008880816684818861,0.14160842577225805,0.2881576929889298
411.9318181818182,66.47727272727272,1.9281935908313854,0.11134682837631393,0.052654456067802315,0.008779191356236827,0.1387072562275538,0.2839728565869847
422.7272727272727,66.47727272727272,1.8867860820349185,0.10957875488182024,0.05313009841036907,0.008796687627303635,0.13535620662487655,0.2783151381603945
433.52272727272725,66.47727272727272,1.83746850643336,0.107201401099556,0.053824376118766226,0.008871997945636577,0.13152726818252375,0.2713846499973777
444.3181818181818,66.47727272727272,1.7817357316029832,0.10449666552882908,0.0545137827267458,0.008909851898207177,0.1272111024126116,0.2635398247925756
455.1136363636363,66.47727272727272,1.7215973268722558,0.10179124542825162,0.05525443894860081,0.008876756794254556,0.12242638706038624,0.25522555695227545
465.9090909090909,66.47727272727272,1.6593039409026336,0.0994040945704643,0.05658766260512939,0.008839965197313109,0.11722208907707458,0.24690692776113593
476.70454545454544,66.47727272727272,1.5970990452775897,0.09760900141962882,0.059483131472623706,0.008948781665283402,0.11167340184997597,0.23901632125299663
487.5,66.47727272727272,1.5370149737264616,0.096610577003494,0.06494146298303066,0.009370242915305116,0.1058743839763612,0.23191473621749412
12.5,77.27272727272727,2.5712227041009994,0.13854715485066615,0.07468392651870434,0.011809957062560899,0.19090000847896393,0.371651772323136
23.295454545454547,77.27272727272727,2.5945039551654037,0.13707228389476753,0.06809312232994226,0.01116074870762266,0.19425955880345025,0.3730871725125397
34.09090909090909,77.27272727272727,2.617873651458379,0.1359619424373387,0.06461119546585523,0.01094651908016359,0.19741068399477932,0.37478972102890284
44.88636363636363,77.27272727272727,2.6412782054102544,0.13524921019524688,0.06289233648795868,0.010860367549582148,0.20032791175123849,0.37677710212019183
55.68181818181818,77.27272727272727,2.6645802829711434,0.13498653921287662,0.06178555501364062,0.010685797289874741,0.20296527861348224,0.37907178245505596
66.47727272727272,77.27272727272727,2.687522411709949,0.13525188082217507,0.06072909743687488,0.010375587326675886,0.2052487947982939,0.38170146932777266
77.27272727272727,77.27272727272727,2.7096871563971305,0.1361410885925567,0.059726867549430726,0.010042198104253908,0.20707674500826334,0.38468950018388504
88.06818181818181,77.27272727272727,2.730454564221208,0.1377403074397351,0.05906878720427423,0.00988634327722856,0.2083316587071695,0.388030791100078
98.86363636363636,77.27272727272727,2.7489604409369024,0.1400733547443678,0.0589521502712203,0.010048858996198156,0.20890731340536645,0.39165019228227016
109.6590909090909,77.27272727272727,2.764078490186488,0.14304539353542722,0.05921918981074447,0.010464786731794254,0.20874049389853302,0.39536076206052395
120.45454545454545,77.27272727272727,2.7744699214933672,0.14644009582640272,0.05943066522351499,0.010898455530032847,0.20781796797209573,0.39886704181747323
131.25,77.27272727272727,2.778692260172641,0.1499621517146526,0.05916880532577786,0.011110397481754243,0.20616266563165697,0.40180669355490856
142.04545454545453,77.27272727272727,2.7753313870073204,0.15327811434092073,0.05829493761780699,0.010987938769377554,0.20382332550883037,0.40379343356115677
152.8409090909091,77.27272727272727,2.7631498216774006,0.15604793331017708,0.057037333837819545,0.010609137878138228,0.20087143483436584,0.4044551116009813
163.63636363636363,77.27272727272727,2.7412563350567005,0.15795641648538078,0.05588348484807957,0.010235750914372283,0.1974004825729985,0.4034740098208946
174.4318181818182,77.27272727272727,2.7092991100780464,0.1587559756456401,0.05528679819755399,0.010163793444551688,0.19352097605207788,0.400637626333936
185.22727272727272,77.27272727272727,2.667644724522727,0.15831834458633426,0.055329208363293664,0.010447359732495628,0.18934858654585485,0.3958942934116047
196.02272727272725,77.27272727272727,2.6174108986247355,0.1566524085263443,0.05565531342282739,0.010828786286454001,0.18499698040305093,0.38936926926090765
206.8181818181818,77.27272727272727,2.5603150969097572,0.15387242707338802,0.05575895987275977,0.01098893621733418,0.18058069310665834,0.3813261550432583
217.61363636363635,77.27272727272727,2.4984734236766477,0.15016139027524772,0.05532203499716595,0.010767914521130068,0.17621562075126176,0.3721195798242519
228.4090909090909,77.27272727272727,2.434215259628378,0.14574576293570873,0.054385407067383464,0.010222185652958378,0.17201438156226248,0.36215761295404914
239.20454545454544,77.27272727272727,2.36991349159807,0.14087463957132967,0.0533122659321577,0.009582056578624373,0.16808070146571327,0.35186895472053936
250.0,77.27272727272727,2.3078209459700467,0.135796867583259,0.052560995270971744,0.009125887219474575,0.1645056741897329,0.34166935082130334
260.7954545454545,77.27272727272727,2.24991269920354,0.13073666177730975,0.05235558373841211,0.00898007552237853,0.16136554851333834,0.33192756576167787
271.59090909090907,77.27272727272727,2.1977744709612383,0.12588293563122321,0.052509632869861,0.009022311358749884,0.1587162237816482,0.32294595969900447
282.3863636363636,77.27272727272727,2.1525765512234,0.12140323603841842,0.05259797520770297,0.009029778802845107,0.1565821472856131,0.3149675654054351
293.1818181818182,77.27272727272727,2.1150808258707503,0.11746040910877606,0.05227705447721628,0.008861297453857744,0.1549471027622539,0.30818861935025943
303.9772727272727,77.27272727272727,2.0856319329690587,0.11421491299964608,0.051499262648715446,0.00851932117842568,0.15375188689456445,0.3027592555716515
314.77272727272725,77.27272727272727,2.064125115261261,0.1118114066161431,0.050545801689417434,0.008132468987172623,0.15289890183808472,0.2987706015171534
325.5681818181818,77.27272727272727,2.0499532825516327,0.11034987036018089,0.049875238909360485,0.007892612325065817,0.15226377825342688,0.296228724549706
336.3636363636364,77.27272727272727,2.0419428453834088,0.10984119054736896,0.04982104614249753,0.007936228187398262,0.15171508747494106,0.2950163985381706
347.1590909090909,77.27272727272727,2.0383243640584965,0.11016624348125847,0.05032328381768801,0.008228452270209845,0.1511356682440248,0.29486105074492897
357.95454545454544,77.27272727272727,2.036820569361782,0.11108254239234022,0.05097367600746378,0.008590991348420058,0.15042802394868535,0.2953488308129771
368.75,77.27272727272727,2.034839577994824,0.11226870094095667,0.051321379582813825,0.00883337404259423,0.1495083184913875,0.2959766147291879
379.5454545454545,77.27272727272727,2.029708033204582,0.11337105208879127,0.05115502347525856,0.008850757224140991,0.14830333397692055,0.29620978255037533
390.34090909090907,77.27272727272727,2.018925628814503,0.11404936886855048,0.05061965007277589,0.008666105677734947,0.14675024126117672,0.2955416373062611
401.1363636363636,77.27272727272727,2.000439427484915,0.11402759754010729,0.05014010861323087,0.008423412130854558,0.14479548214353877,0.29355847481923186
411.9318181818182,77.27272727272727,1.9729300774802223,0.11315158609292188,0.05015501442899352,0.008303582938086194,0.14239073774038646,0.2900108659927927
422.7272727272727,77.27272727272727,1.936054312675774,0.11143994148065231,0.05079071407153051,0.00837637258691494,0.13948834962531279,0.28487542745473793
433.52272727272725,77.27272727272727,1.8904836285110314,0.10908196865428917,0.05179522571788144,0.00854942998629899,0.13604666831923137,0.2783574812630935
444.3181818181818,77.27272727272727,1.8376973607530278,0.10637450307818214,0.05283945993009857,0.00868640511760801,0.132045775843307,0.27082436772527724
455.1136363636363,77.27272727272727,1.779695997088765,0.10365138921569689,0.05390268760601167,0.008731255454688868,0.12749911213613854,0.26272506784652333
465.9090909090909,77.27272727272727,1.718727702625075,0.10123126203354799,0.05550097821804008,0.00874796094119657,0.12245557030190199,0.25452417314299014
476.70454545454544,77.27272727272727,1.657049273490739,0.09938364067548659,0.05863081069931483,0.008895785286987881,0.11699431337267918,0.2466524674409598
487.5,77.27272727272727,1.596732749018026,0.09830899729099349,0.064347610042411,0.009357180190502778,0.11121609977933668,0.23947224968910558
12.5,88.06818181818181,2.5671608396307146,0.1365182983649396,0.07200097406216788,0.011203121494851922,0.19168006934410697,0.36978494095309
23.295454545454547,88.06818181818181,2.587867415558419,0.1351436866883317,0.06578935962490927,0.010613180547592289,0.1947056434805558,0.3710171654865428
34.09090909090909,88.06818181818181,2.6085501435404344,0.13416775746325812,0.06278875149620831,0.010488688026214315,0.19749042988892876,0.3725287324700256
44.88636363636363,88.06818181818181,2.629228637189364,0.13361504206932767,0.061521391060637705,0.010487188798546418,0.2000218566035304,0.3743390741326503
55.68181818181818,88.06818181818181,2.649846550911186,0.13352938437267237,0.06075369004265935,0.010372316436857612,0.2022677251802701,0.3764731917335294
66.47727272727272,88.06818181818181,2.6702290212079896,0.13398219880673976,0.059900953540929266,0.010090906122193408,0.20416674556432085,0.3789629641091313
77.27272727272727,88.06818181818181,2.6900351589380582,0.13506721068477837,0.058980430331973,0.009759763042818042,0.20562662225820924,0.38183837193362097
88.06818181818181,88.06818181818181,2.708706966794308,0.1368748414078927,0.05831667539996578,0.009596985824888377,0.20653392400761628,0.38510394976552137
98.86363636363636,88.06818181818181,2.725416925871044,0.1394362464510657,0.0581480712974004,0.00976703675387198,0.20678194705841887,0.38869363999073764
109.6590909090909,88.06818181818181,2.7390345359272255,0.14264939955404865,0.05833082134447885,0.01020305026590235,0.2063113249804243,0.3924149704035145
120.45454545454545,88.06818181818181,2.7481807958382443,0.14627900011846534,0.058419660302575796,0.010647087239847839,0.2051158831947836,0.3959547879220093
131.25,88.06818181818181,2.751352720498704,0.15001090373849515,0.05799586579607777,0.010841787697355674,0.20322336599462698,0.3989309969150676
142.04545454545453,88.06818181818181,2.7470656715345547,0.15349363542121403,0.05693081752691452,0.01066567316725714,0.2006857790364757,0.4009370607834232
152.8409090909091,88.06818181818181,2.734011289161868,0.15636949507242304,0.055477945799548754,0.010201701564459233,0.19757761207378793,0.401580805616287
163.63636363636363,88.06818181818181,2.7112363005159144,0.15830674655752064,0.05416772663388914,0.009743077529537602,0.19399563635772374,0.4005262121717574
174.4318181818182,88.06818181818181,2.6783482286415294,0.15904581033339263,0.05350048507876655,0.009641337199992033,0.1900531970728362,0.3975479722688505
185.22727272727272,88.06818181818181,2.6357316164889304,0.15846518281330838,0.05356011620267359,0.009964486219750022,0.18586383651873642,0.3926011118692663
196.02272727272725,88.06818181818181,2.584593487784794,0.15660435054039556,0.05393562683458701,0.010403024770476324,0.1815324398924697,0.3858420312107314
206.8181818181818,88.06818181818181,2.526769103054793,0.15361482074163005,0.05406566962386327,0.010594548286390068,0.177163822650094,0.3775732055174928
217.61363636363635,88.06818181818181,2.4645018714722227,0.1497156292064673,0.053607537579037724,0.010367483729752235,0.1728658912661461,0.3681883003280807
228.4090909090909,88.06818181818181,2.4002473318363893,0.14516412276646903,0.052612660258177325,0.009786956069931156,0.16874623806812336,0.3581306484893457
239.20454545454544,88.06818181818181,2.3364920057822496,0.14023187443073473,0.05148734300279745,0.009108033909869511,0.16490725191902103,0.34785693917784877
250.0,88.06818181818181,2.275578000478575,0.13517934210763044,0.05075310547034635,0.00864864958674175,0.16144259172806463,0.3378006306036026
260.7954545454545,88.06818181818181,2.2195280089843994,0.13022788711317512,0.050673877318215,0.008558068410794173,0.1584352800592335,0.3283335383293343
271.59090909090907,88.06818181818181,2.16991807185586,0.1255468505398051,0.05103591910242558,0.008685619009424753,0.1559518822523244,0.319743153928816
282.3863636363636,88.06818181818181,2.1278723376384434,0.12127719506135382,0.05135948074598134,0.008771964476691664,0.15402782056129002,0.31224880276075245
293.1818181818182,88.06818181818181,2.0940900698594036,0.117556207478864,0.051257773924508095,0.008658723476401835,0.15265548689170763,0.3060219842083716
303.9772727272727,88.06818181818181,2.068848690765461,0.11452426412042391,0.05065838683784086,0.008345300247554413,0.1517805238472624,0.3011914790201388
314.77272727272725,88.06818181818181,2.0519806733014536,0.11231461995863457,0.04983439929046713,0.007967066111640886,0.15130546692533656,0.29783367015616197
325.5681818181818,88.06818181818181,2.042825729553817,0.111026411315729,0.04925249010652818,0.007733309687491622,0.1511007885536466,0.29594836554097054
336.3636363636364,88.06818181818181,2.0401618431029975,0.11067703065686911,0.04926086343409012,0.007799840650747581,0.15102601722398173,0.295417784271289
347.1590909090909,88.06818181818181,2.042152508194983,0.11114653824387939,0.049787892869313045,0.00812588946392726,0.15095734047002135,0.2959616377752166
357.95454545454544,88.06818181818181,2.0464362105969585,0.11218720282729816,0.05039903695478691,0.008511160336234423,0.1507914282489391,0.2971534001972972
368.75,88.06818181818181,2.050330700169058,0.11347708995423786,0.05063334695999788,0.008751004341105973,0.150435152884307,0.29847994086454643
379.5454545454545,88.06818181818181,2.051062526053538,0.11466512367960988,0.05029184042965981,0.008737145471475093,0.1498030935174893,0.2993978172694074
390.34090909090907,88.06818181818181,2.0460166936464024,0.11541339702910997,0.049558821220345974,0.008500095094867714,0.14881882655089437,0.299389764703646
401.1363636363636,88.06818181818181,2.0330086157232796,0.11544478415952826,0.048929516122009215,0.008206942664912535,0.147415420950428,0.29802730746614836
411.9318181818182,88.06818181818181,2.010576756004882,0.11460008549842797,0.048926940114857966,0.008074603307642722,0.14553243933413912,0.29504231279823634
422.7272727272727,88.06818181818181,1.9782661577974276,0.11289927711205647,0.04971227180779222,0.008187965589371876,0.1431095161681027,0.29040047639555516
433.52272727272725,88.06818181818181,1.9366855857853893,0.1105428919132402,0.05098958199186111,0.00843134986425365,0.14009161484437122,0.28430838144120446
444.3181818181818,88.06818181818181,1.8872602915299332,0.10783468108622406,0.052362790393765624,0.008641288982752692,0.13644892759880436,0.2771325008624892
455.1136363636363,88.06818181818181,1.831938420909465,0.10510853481755138,0.05375694117622671,0.008747673746611055,0.132189295506048,0.2693162764521864
465.9090909090909,88.06818181818181,1.7729257444212363,0.10267867938390857,0.055654552276642094,0.008810970312909502,0.12735973355829877,0.26131666993736774
476.70454545454544,88.06818181818181,1.7124572656356396,0.10080883676837914,0.059040153364562815,0.008993360527866706,0.12204054940562528,0.25355804665487425
487.5,88.06818181818181,1.65261358974304,0.09969505256398387,0.06498097935886234,0.009484354320669908,0.11633605854664873,0.2464004876350739
12.5,98.86363636363636,2.563259733580795,0.13477961206650343,0.07038287063238297,0.01092842653208904,0.19230383896530495,0.3681403809535695
23.295454545454547,98.86363636363636,2.581313786886254,0.13356940430800954,0.06443271095437249,0.01038405437331074,0.1949488181257855,0.36920649559531304
34.09090909090909,98.86363636363636,2.5992024941318967,0.13280064424939472,0.06172770909535122,0.010309344502051454,0.19731239160025885,0.37056712724310403
44.88636363636363,98.86363636363636,2.6170149056204806,0.13248709897141947,0.06073123646494698,0.010359343739230217,0.1993958112862161,0.3722414886405665
55.68181818181818,98.86363636363636,2.634772178557887,0.13265865249577266,0.06017789503636153,0.010295587636570413,0.20118347083306548,0.37425296081030185
66.47727272727272,98.86363636363636,2.652378586184997,0.13337120002454259,0.05947593679909645,0.010062316944327573,0.20263177808090957,0.3766308737421226
77.27272727272727,98.86363636363636,2.6695657891030398,0.1347029406122516,0.05864281491415166,0.009771972807014029,0.2036654384718677,0.3794019531401382
88.06818181818181,98.86363636363636,2.6858329229312816,0.13672982464843758,0.05800134850503945,0.009635846831782494,0.20418575003666864,0.3825665836376743
98.86363636363636,98.86363636363636,2.7003873962809894,0.13947071330085872,0.05778972970630467,0.00981222945450426,0.20409707386458215,0.38605373303168905
109.6590909090909,98.86363636363636,2.712111157093518,0.1428178686130805,0.057878204860931995,0.010238062290333083,0.20334478183691101,0.38966821581939814
120.45454545454545,98.86363636363636,2.71961598737387,0.14653494469307524,0.05784414304655521,0.010664153956334433,0.20192234294071118,0.3930951587710335
131.25,98.86363636363636,2.7213726456813303,0.15030787064256332,0.05728782069220472,0.01083810320301702,0.19985466267781618,0.39594972336375084
142.04545454545453,98.86363636363636,2.715863336182499,0.15378660261287333,0.05609454787677669,0.01064058468826155,0.19718936200904966,0.39782285540587176
152.8409090909091,98.86363636363636,2.7017506678193945,0.1566171162336373,0.05452913523788753,0.01015635209560677,0.19399564386368115,0.39832188959518305
163.63636363636363,98.86363636363636,2.6780660829170753,0.15847480780696604,0.05313154339407921,0.00968019589851393,0.1903643902132429,0.39711422254902795
174.4318181818182,98.86363636363636,2.644421850018221,0.15911175080320727,0.052405754265092294,0.009562893927618143,0.1864024876370264,0.39398329026709783
185.22727272727272,98.86363636363636,2.6012226414465673,0.15842018621295995,0.05243336065439453,0.009872390701416149,0.18221740747014137,0.3888959792342372
196.02272727272725,98.86363636363636,2.549707274935021,0.1564533729776338,0.05279749245342589,0.010302032789671081,0.1779091889650423,0.3820218115270744
206.8181818181818,98.86363636363636,2.491761544083083,0.15337887783209586,0.052927297805733776,0.010490033198206914,0.17357842956194516,0.3736799959526303
217.61363636363635,98.86363636363636,2.429692967560613,0.14943214815664105,0.052475100198980835,0.010265114816343101,0.1693300524643446,0.36428262571241693
228.4090909090909,98.86363636363636,2.3660246119633355,0.14488420477863095,0.05149619717779182,0.00969290503940776,0.1652706665540929,0.35428988961301994
239.20454545454544,98.86363636363636,2.3033019987925147,0.14001452377759505,0.050407994222603864,0.009028090798044907,0.1615042181460397,0.3441703448079716
250.0,98.86363636363636,2.2439064492549536,0.13508349413329934,0.049743516691379046,0.00858624463216673,0.15812858149108558,0.3343615749231432
260.7954545454545,98.86363636363636,2.1898744396481686,0.13030442015812613,0.0497725480810737,0.008514848772272045,0.1552330611108583,0.3252311661290368
271.59090909090907,98.86363636363636,2.142772627223326,0.1258328756819373,0.050283746714420326,0.008666914485066495,0.15289145073478944,0.31705587730572765
282.3863636363636,98.86363636363636,2.103692311248231,0.12179123336670296,0.05079206908364051,0.008784621726952418,0.15114678519742963,0.3100383934409669
293.1818181818182,98.86363636363636,2.0732826800472823,0.11829612488555387,0.050899676249203475,0.008707290618608058,0.14999846946166892,0.3043302798264597
303.9772727272727,98.86363636363636,2.0517633427410122,0.115468613884296,0.05051887200710652,0.008430790172864227,0.14939753328880154,0.30004050860449283
314.77272727272725,98.86363636363636,2.0389091438883313,0.11342640925768298,0.049901123799765065,0.00808689144318631,0.14924966810793147,0.29722833690077205
325.5681818181818,98.86363636363636,2.0340070912363006,0.11225783386511241,0.04948470344881163,0.007880208564977282,0.14942619824988293,0.2958803170538068
336.3636363636364,98.86363636363636,2.035789607446391,0.11197440244484151,0.049591817889988205,0.007961084061401745,0.14978531493955638,0.29586966267746273
347.1590909090909,98.86363636363636,2.0423855636678443,0.11245790919450963,0.0501478920958019,0.008289396254557636,0.150198484059053,0.29691362568029295
357.95454545454544,98.86363636363636,2.0514038489906627,0.11346813421909507,0.05073613021610836,0.008669743149974578,0.15055473641677064,0.2985878405416085
368.75,98.86363636363636,2.0601288775040243,0.11469373751738945,0.050916958679366665,0.008901203477559702,0.15075106474593733,0.30038311876028184
379.5454545454545,98.86363636363636,2.065746021028119,0.11579688880576423,0.05050971588060189,0.008878341047487559,0.1506897495609059,0.3017609997924202
390.34090909090907,98.86363636363636,2.065588804505763,0.11645448127728769,0.04971547107909373,0.008634067736854736,0.15028004295761246,0.3022092032576997
401.1363636363636,98.86363636363636,2.0574101496248125,0.11640400768871213,0.04904832457786682,0.00833633968578746,0.14943962606818423,0.30130293737864466
411.9318181818182,98.86363636363636,2.0396755932411117,0.11549868557988897,0.04905275956590103,0.00820091402353811,0.1480928784275581,0.2987750859600789
422.7272727272727,98.86363636363636,2.0118407772591964,0.1137645604793075,0.04991384420628474,0.008315029287189248,0.14616629108290075,0.29458611963698345
433.52272727272725,98.86363636363636,1.9744087454084904,0.11140010662384925,0.05135359751375676,0.008570092663942472,0.14359480417331857,0.2889299125441331
444.3181818181818,98.86363636363636,1.9286993369963277,0.10870299770331228,0.052973052505937576,0.008805531559288938,0.14034102115311625,0.2821574199900369
455.1136363636363,98.86363636363636,1.8765634756137628,0.10599893007008303,0.0546738026468054,0.008948594658763739,0.13640733080545125,0.27469594161390654
465.9090909090909,98.86363636363636,1.8201255611824512,0.10359349371949897,0.05689576164511114,0.00905307895163475,0.1318372475741042,0.2669876715056684
476.70454545454544,98.86363636363636,1.761563953981326,0.10174278214283465,0.06056621968435289,0.009271269571958353,0.1267096084177981,0.25944555200720393
487.5,98.86363636363636,1.7029354226504214,0.10063712493091989,0.06670474713277823,0.009782103731389175,0.12112960738016777,0.2524230854676581
12.5,109.6590909090909,2.5598889288516156,0.13333007568387317,0.06971579416009424,0.01094973044877397,0.1928112631575905,0.3667567070702639
23.295454545454547,109.6590909090909,2.575285047244438,0.13234167039170477,0.06389917255010044,0.010435080250818463,0.19504077034725634,0.3676967182746465
34.09090909090909,109.6590909090909,2.590346138332666,0.13184622933764,0.06129509924969528,0.010369597303184454,0.19694002423478735,0.36894960851436714
44.88636363636363,109.6590909090909,2.6052257721275227,0.1318444669777391,0.060378675802487236,0.010434904794020802,0.19852494467518272,0.3705322297400226
55.68181818181818,109.6590909090909,2.620018207966368,0.13234700996851084,0.05989930820355061,0.010406020351288245,0.19979921473394563,0.3724621287944687
66.47727272727272,109.6590909090909,2.634703052813419,0.13338535015330433,0.059272076473121806,0.010227441650091214,0.20074184441154144,0.3747594006520068
77.27272727272727,109.6590909090909,2.649080985254314,0.13500893638743644,0.05850539368352716,0.010000614814494047,0.2013020666643648,0.377437790368383
88.06818181818181,109.6590909090909,2.662704978534995,0.1372615321989144,0.057894565022533144,0.009912391695405549,0.20140614487953382,0.380480656222977
98.86363636363636,109.6590909090909,2.6748184613305295,0.1401335521273535,0.057649924378996444,0.010094911631290913,0.20097927377514974,0.3838006875246403
109.6590909090909,109.6590909090909,2.684331033359896,0.14351190483503581,0.05765301695755133,0.01049166509344872,0.1999729677695326,0.38720185716483846
120.45454545454545,109.6590909090909,2.689872697839481,0.14717456787434866,0.057519975267158546,0.01088337687892548,0.19837407584429867,0.39038135859915224
131.25,109.6590909090909,2.6899199855900022,0.15082652365849147,0.056881675556913945,0.011040335044787434,0.19619673183533612,0.3929684390215411
142.04545454545453,109.6590909090909,2.6829576548798704,0.15413924073619759,0.055637670334973396,0.010854530804397277,0.193475972950782,0.3945695260497196
152.8409090909091,109.6590909090909,2.667659508575704,0.15678399162206844,0.05405104498414007,0.010409776678689246,0.19026707645842797,0.3948110316104778
163.63636363636363,109.6590909090909,2.6430854106119486,0.15846622861870857,0.05264206917508062,0.009976285169889356,0.18664598846785166,0.393384628199851
174.4318181818182,109.6590909090909,2.608889242701374,0.15896985246879214,0.05188359853731217,0.009857282431515353,0.18270500537928075,0.39010068422056177
185.22727272727272,109.6590909090909,2.5654935776285406,0.1582053225192321,0.05185280663829412,0.010109843688217393,0.1785426168139254,0.38494087252483883
196.02272727272725,109.6590909090909,2.5141184353355053,0.15622450948881295,0.05216698162708795,0.010474899207123096,0.1742576906774963,0.3780717327358112
206.8181818181818,109.6590909090909,2.456634607719012,0.1531897657229576,0.052285846476876355,0.010629843182616559,0.16995234362384315,0.369807190063275
217.61363636363635,109.6590909090909,2.3953504370478997,0.14933306024196763,0.05187446341832322,0.010414430316686547,0.1657336651629183,0.36055696606777893
228.4090909090909,109.6590909090909,2.332798346768321,0.14492234910547874,0.050986082920208904,0.009887720102420042,0.16171109164844474,0.35078007866222033
239.20454545454544,109.6590909090909,2.271530025825038,0.14023170409371088,0.05002032732052587,0.00928238556154279,0.1579924554538067,0.34094192048708577
250.0,109.6590909090909,2.2139199849903166,0.13551175778811184,0.04947664492468533,0.008876867739881462,0.1546807362313326,0.33147245215091553
260.7954545454545,109.6590909090909,2.1619892104050944,0.1309642737215342,0.049603383193510306,0.008797972086587598,0.15187048631931624,0.322729451277877
271.59090909090907,109.6590909090909,2.1172920879803265,0.12673558880173785,0.05021392242929698,0.00892621942665142,0.14963971312625854,0.31498183972882204
282.3863636363636,109.6590909090909,2.0808975057070445,0.122936229305913,0.050859560913672545,0.009036563176848127,0.14803614520966,0.3084215411519032
293.1818181818182,109.6590909090909,2.0534160270492525,0.11966636627591208,0.051158956209903364,0.00897898169427898,0.1470649128296612,0.30318437122278213
303.9772727272727,109.6590909090909,2.035018670482774,0.11702799930451242,0.051016183844958644,0.008745319901828539,0.14668326601637138,0.299360650956142
314.77272727272725,109.6590909090909,2.0254284906087547,0.11511876849068214,0.050648516765081454,0.008454414176144847,0.14680337634151677,0.29698993541367985
325.5681818181818,109.6590909090909,2.023882646704154,0.11400662932927898,0.050436168385185665,0.008287499758639056,0.14730343336294113,0.29603907043471756
336.3636363636364,109.6590909090909,2.029076346146511,0.11368753641229029,0.050647087920421,0.008371070869134663,0.14804696552345656,0.2963663067309256
347.1590909090909,109.6590909090909,2.0391359417623036,0.1140471499428527,0.051210557042520005,0.008670397432336224,0.14890286034966302,0.2976913615339028
357.95454545454544,109.6590909090909,2.0516932363672025,0.11486448833092923,0.05176062227579884,0.00901574871701302,0.14975109106199222,0.29960591046447055
368.75,109.6590909090909,2.064057550798494,0.11585096706800517,0.05190498773009295,0.009225156353138161,0.1504777031122841,0.3016195050725308
379.5454545454545,109.6590909090909,2.0734343007402147,0.11669381724196805,0.05148762608765382,0.009201754713804883,0.15097213412878965,0.30321353756237135
390.34090909090907,109.6590909090909,2.0771711686917955,0.11709789952572983,0.05071028289227461,0.008977075398181862,0.1511284300860282,0.3038970084414396
401.1363636363636,109.6590909090909,2.073028995568311,0.1168307935726225,0.05006677165577322,0.00870279350290047,0.15084713540845834,0.3032672412729733
411.9318181818182,109.6590909090909,2.0594655791614405,0.11577311953764782,0.05007648620082693,0.008566475499253016,0.15003543027527222,0.30107567057993556
422.7272727272727,109.6590909090909,2.035870725455117,0.11396027673692889,0.0509407328671355,0.008648685558658378,0.14860720806493832,0.2972823724923284
433.52272727272725,109.6590909090909,2.0026126152061963,0.11157760974333164,0.05244444836839773,0.008869084100832671,0.14649089956031786,0.29205758253090575
444.3181818181818,109.6590909090909,1.9608614982259323,0.10890403278397688,0.05423575598684615,0.009092772806406134,0.14364439560964296,0.28572306937717373
455.1136363636363,109.6590909090909,1.9123297249427054,0.10624851030676374,0.05621708305235388,0.009253137891269485,0.14006533337560317,0.2786795522273944
465.9090909090909,109.6590909090909,1.8590229817219919,0.10390349311392191,0.05878011221091949,0.009394687851134028,0.13579244266991225,0.2713472988497818
476.70454545454544,109.6590909090909,1.8030282597206595,0.10211546190477558,0.06276349430911196,0.009650088182297786,0.13090057915886413,0.2641227292271576
487.5,109.6590909090909,1.7463452277691285,0.10106782301175413,0.06909636909772249,0.010175122102716526,0.12549299615907214,0.2573483727415478
12.5,120.45454545454545,2.557342801655191,0.13214545750271997,0.06961804143116146,0.01107807222502769,0.1932481575542519,0.3656481216917823
23.295454545454547,120.45454545454545,2.570147085610638,0.13142246653024717,0.06380489179785552,0.010580979251404127,0.19504316678796524,0.36649990048775244
34.09090909090909,120.45454545454545,2.5824199245283954,0.13125131228957265,0.06113622252215799,0.010505576804808025,0.19645183327343455,0.36768527526488837
44.88636363636363,120.45454545454545,2.5943739805060715,0.13161625455583803,0.06013359265464878,0.010563874176133352,0.19750620011796183,0.36921575407577006
55.68181818181818,120.45454545454545,2.606171823674447,0.132503053017695,0.059585836459299976,0.01054800497333397,0.1982320820382906,0.3710985734036386
66.47727272727272,120.45454545454545,2.6178651143057357,0.13391059060264746,0.058925262256552924,0.01040417473210248,0.19863564558121796,0.37333844243715036
77.27272727272727,120.45454545454545,2.6293226634412563,0.13584894120172072,0.0581551532469023,0.010223764543495039,0.1986969062258516,0.3759285192823659
88.06818181818181,120.45454545454545,2.640154522289536,0.13831945947574928,0.057546394754003416,0.010172403220006194,0.19837354621748596,0.3788282535058612
98.86363636363636,120.45454545454545,2.6496495367887523,0.1412795127744761,0.05728364049762092,0.01036160353946868,0.1976153434472455,0.38193180347528777
109.6590909090909,120.45454545454545,2.656757448593561,0.14460971732379677,0.05724881495075911,0.010737967589284568,0.19638184556054966,0.385042966053835
120.45454545454545,120.45454545454545,2.660144152899863,0.148108332707202,0.05707965383709469,0.011104834815220108,0.19465160170352544,0.3878770952598626
131.25,120.45454545454545,2.6583171910283703,0.15151395924637173,0.05642546802563418,0.01125307780980542,0.1924219568596022,0.39009050812154833
142.04545454545453,120.45454545454545,2.6497944776267013,0.15453805144414354,0.055191636282323084,0.01108594548041522,0.18970758231359539,0.39132143291686555
152.8409090909091,120.45454545454545,2.633294015027329,0.1568967280433698,0.05363303586796858,0.010684950873320985,0.1865416604364884,0.3912326940833775
163.63636363636363,120.45454545454545,2.6079322207640447,0.1583428654757149,0.05224634956918743,0.010293771609022468,0.18297781694915707,0.38955551432392427
174.4318181818182,120.45454545454545,2.57341383952063,0.15870140148766532,0.05147729986937913,0.010172669864592828,0.17908923901388182,0.38613469061017414
185.22727272727272,120.45454545454545,2.530169134134162,0.15790126615136285,0.05140522264447856,0.010371668756454807,0.17496419687436338,0.38096577374434604
196.02272727272725,120.45454545454545,2.4793735078333254,0.15598598817604595,0.051684918806074946,0.010675808225232192,0.17070179430993185,0.3742046560481345
206.8181818181818,120.45454545454545,2.422835428274144,0.15309724836612343,0.051813605262064716,0.010803322788323935,0.1664098669874157,0.36614401318257334
217.61363636363635,120.45454545454545,2.3628086689138,0.1494460238160634,0.05147310387590601,0.010606479913525455,0.1622022404180467,0.35717291616643954
228.4090909090909,120.45454545454545,2.3017819143526403,0.1452823063263255,0.050711956375220905,0.01013586273928846,0.15819443044820536,0.34773302582489984
239.20454545454544,120.45454545454545,2.242267321383994,0.14086425244509287,0.04990356909345634,0.009598761765560496,0.15449957224572236,0.33827427421982675
250.0,120.45454545454545,2.1865991112355623,0.13642744149013591,0.04950630351739363,0.009236779937140161,0.1512253525314984,0.32921169019876434
260.7954545454545,120.45454545454545,2.1367627743406175,0.13216111724336604,0.049744920016183615,0.009158712540224979,0.14847002698830583,0.32089042117902766
271.59090909090907,120.45454545454545,2.0942880164173485,0.12820264418555036,0.0504539356073103,0.00926800351118536,0.14631433777950978,0.3135704181443647
282.3863636363636,120.45454545454545,2.06021970485957,0.12465260092723783,0.051224532712329816,0.009371314973276338,0.14480940122320932,0.30743401455177083
293.1818181818182,120.45454545454545,2.0351356464513337,0.12159657914905678,0.05169867199193994,0.009331539047367825,0.14396557328618878,0.3026032312178833
303.9772727272727,120.45454545454545,2.0191665617402292,0.1191173388138169,0.05177549372642181,0.009137285745041222,0.14374731191144732,0.2991504966121957
314.77272727272725,120.45454545454545,2.0119931567060068,0.117289728709941,0.051637597479748186,0.008893388980838367,0.14407590075088864,0.29709474381538287
325.5681818181818,120.45454545454545,2.012816435017618,0.11615810846118148,0.05160763347022168,0.008757424617118545,0.14483978145829432,0.296382287053531
336.3636363636364,120.45454545454545,2.0203179938803,0.11570298867331735,0.051905239446681344,0.00883516476088406,0.14591026293161238,0.29685900891839306
347.1590909090909,120.45454545454545,2.032651833151638,0.11581509690761498,0.05246355152050942,0.00909644150802657,0.14715614738439384,0.29825115231898613
357.95454545454544,120.45454545454545,2.047513073458548,0.11629740150050646,0.052964773749694063,0.009395414861996786,0.14844983564988468,0.30017406610678554
368.75,120.45454545454545,2.062288720569692,0.11689379112294246,0.05306498605495105,0.00957089911023999,0.14966623668217688,0.30216853058115895
379.5454545454545,120.45454545454545,2.074263662968351,0.11732816349446737,0.05263235541554143,0.009536305902189623,0.15068133595073352,0.30375032190775847
390.34090909090907,120.45454545454545,2.0808614146010673,0.11734550574804353,0.05186490097998889,0.009321492807467451,0.15137327210253873,0.30446488315732406
401.1363636363636,120.45454545454545,2.07990733727094,0.11675434170225595,0.051230404266099226,0.00906074940629203,0.15162498962487816,0.3039453546435213
411.9318181818182,120.45454545454545,2.069888934369244,0.11546796912630014,0.05122390495501625,0.008915561216077433,0.15132730285578452,0.30196943700555556
422.7272727272727,120.45454545454545,2.0501492607016045,0.11353136270644215,0.05206637796294936,0.008960689242510506,0.1503834065705716,0.29849900001556545
433.52272727272725,120.45454545454545,2.0209262488428563,0.11111401684699901,0.05360760543219147,0.009140512128387257,0.1487173391689381,0.2936792083213854
444.3181818181818,120.45454545454545,1.983221456434944,0.10846879290312933,0.055551286466885834,0.009346220459015137,0.1462846039820841,0.2877954539192134
455.1136363636363,120.45454545454545,1.938578053367938,0.1058807816798797,0.05780759765163963,0.009519091782599636,0.14307909638238314,0.2812135681184943
465.9090909090909,120.45454545454545,1.8888495457440941,0.10362494413184667,0.060720250285198174,0.00969463090084692,0.13913379908935805,0.27432525394293283
476.70454545454544,120.45454545454545,1.8359976997715235,0.10193645294595306,0.0650340002027189,0.00998538409458761,0.13451699573207654,0.2675056066484044
487.5,120.45454545454545,1.7819315912805955,0.10099156505512799,0.07158047263573084,0.010524672232147047,0.12932656884699642,0.26108245756786874
12.5,131.25,2.5558078107411157,0.1311957311349797,0.069693444126409,0.011132036105831236,0.1936523133280708,0.3648132428833075
23.295454545454547,131.25,2.566156337504011,0.13076201743710317,0.06376148526275234,0.010641533980486948,0.19501304909275644,0.36560814591054674
34.09090909090909,131.25,2.5757538334265084,0.130943205894649,0.06090386090416481,0.010553757582947007,0.19592638087158412,0.3667578602648587
44.88636363636363,131.25,2.5848665320522666,0.1317031658318266,0.05968895037391622,0.01059570598754037,0.1964422393603997,0.36826517974212847
55.68181818181818,131.25,2.593720967019273,0.132997889114684,0.0589447581073847,0.010567645975158623,0.19661103688786297,0.3701231026602851
66.47727272727272,131.25,2.602439171315216,0.13478820391493604,0.05812738132196698,0.01041724182685741,0.19646917204331907,0.37231692315212134
77.27272727272727,131.25,2.610961067122054,0.13703962401996353,0.057253237576794125,0.010235561086635994,0.19603085849060706,0.3748158633855053
88.06818181818181,131.25,2.618962791788999,0.13970843878024436,0.0565964105304525,0.010187637956265828,0.1952877436792762,0.37755454490419704
98.86363636363636,131.25,2.6257911980633044,0.14271955623920668,0.05633404171746789,0.01038296374736446,0.19421517745743866,0.3804103508848494
109.6590909090909,131.25,2.6304468039273403,0.14594775350698463,0.05633362211490685,0.010765287896053233,0.19278160177826517,0.38318835465540724
120.45454545454545,131.25,2.6316418113750246,0.14921397166443645,0.05621619058149147,0.011135898058178034,0.1909569406604694,0.3856248759032516
131.25,131.25,2.6279302860840104,0.15229882871983122,0.05561561416187616,0.011285670843332945,0.18871838197675603,0.38741089177374505
142.04545454545453,131.25,2.6178833538091846,0.15496637431341867,0.05442637729247718,0.011120165867527823,0.1860548306802232,0.388227481023551
152.8409090909091,131.25,2.600282196891745,0.15699059123179349,0.052897811770568966,0.010722211906698174,0.182971615299571,0.38778510499318236
163.63636363636363,131.25,2.5743090430913793,0.15818106786937158,0.05152509579244084,0.01033058654361917,0.17949547616143563,0.38586208870545446
174.4318181818182,131.25,2.5397137782936605,0.1584063795710156,0.05075762367982239,0.010197331032583367,0.17567832804154992,0.38233888734709404
185.22727272727272,131.25,2.496921922114415,0.15761220240930754,0.05068753611535138,0.01037569003633776,0.1715979290231884,0.3772223867722753
196.02272727272725,131.25,2.447048557251622,0.1558293074319248,0.05098793725359744,0.01066691217314682,0.16735458591746663,0.37065303839955116
206.8181818181818,131.25,2.391811167925606,0.15316922614121448,0.05116942872557522,0.010801635146387299,0.16306446659623514,0.36289251663098665
217.61363636363635,131.25,2.3333693772246855,0.14980962396705755,0.0509184532632382,0.010633727634312974,0.15885128147137817,0.3542963182320707
228.4090909090909,131.25,2.274127369568542,0.14597171029953637,0.050280507104211176,0.010208234130214183,0.15483875186361656,0.3452767593162455
239.20454545454544,131.25,2.2165240465965588,0.14189113389674957,0.049617585671448874,0.00972239795184391,0.15114566573603838,0.33626006056667146
250.0,131.25,2.1628305150270957,0.13778629950043816,0.04936990261200825,0.009405454791089706,0.14788325494574178,0.3276423896252643
260.7954545454545,131.25,2.1149805724500004,0.1338333407288262,0.049749169089352,0.009359812739895595,0.14515210723641167,0.31975412215304705
271.59090909090907,131.25,2.0744638346167155,0.13015875016288028,0.05059326003082835,0.00949411170241043,0.14303519433678835,0.3128432549718235
282.3863636363636,131.25,2.0422912336143697,0.12685144075271018,0.05150651184486141,0.00962293026775789,0.14158699160963403,0.3070802612977817
293.1818181818182,131.25,2.019007338249203,0.12398213652837839,0.05213937270699666,0.009611479327644525,0.14082320177572258,0.30257311202705967
303.9772727272727,131.25,2.0047101060058954,0.1216148520197499,0.05238634008874493,0.009445812212963334,0.14071599741411966,0.29937749454779444
314.77272727272725,131.25,1.999052530296215,0.11980280201138963,0.052409582527487585,0.009225185790126905,0.14119664059959916,0.29749409615091166
325.5681818181818,131.25,2.001222408983715,0.11856983488733544,0.05250028523718341,0.009098878005579313,0.14216442463143228,0.29685332327896075
336.3636363636364,131.25,2.0099174006271974,0.11788565065960796,0.05285319573137415,0.009165722315445116,0.14349882838181297,0.2972951247518757
347.1590909090909,131.25,2.0233492998985745,0.11764854127498149,0.053402714698673324,0.009397105816651964,0.14507028563922714,0.29855724372268677
357.95454545454544,131.25,2.039310068488725,0.11768753122096118,0.053855546084019115,0.009656324665502654,0.146745934581022,0.3002837598332489
368.75,131.25,2.0553075001443624,0.11778449998520976,0.05389492158459949,0.009792229843184348,0.1483908384879479,0.3020551713916283
379.5454545454545,131.25,2.06875585115832,0.11770792191178348,0.05340475341149902,0.00972564907971591,0.14986811481651005,0.30343254222694155
390.34090909090907,131.25,2.077203101401516,0.1172504691336624,0.05258578848964909,0.009489002412604476,0.1510406548793961,0.30400827900931326
401.1363636363636,131.25,2.0785766438237605,0.11626588421608051,0.05190233283448102,0.009211887373387252,0.1517752415646134,0.3034583538566721
411.9318181818182,131.25,2.0714159496080544,0.11469983735329942,0.05185445997621497,0.009047267844767273,0.15194887545344798,0.30158888745221357
422.7272727272727,131.25,2.0550363180449436,0.11260576460359638,0.052691138676113164,0.00906900892628784,0.15145674043313131,0.2983647775780299
433.52272727272725,131.25,2.0295647023808883,0.11013723739299257,0.05430514532301459,0.009231972542460477,0.15022057710982997,0.29390811760941743
444.3181818181818,131.25,1.9958381519891426,0.10751882879367852,0.05643005136517548,0.009438131729932636,0.14819528251683498,0.2884667877084373
455.1136363636363,131.25,1.9552170990971147,0.1050079674205619,0.05897245759107654,0.009630894129473249,0.14537183114734858,0.282367609584055
465.9090909090909,131.25,1.9093784781382004,0.10285935049585421,0.0622329429617868,0.009838920511737044,0.1417765199277299,0.2759691639414671
476.70454545454544,131.25,1.860129205360808,0.101296245675981,0.06688005859265735,0.010161996567620967,0.13746826377918486,0.2696216457556038
487.5,131.25,1.8092560810792349,0.10048865505397792,0.07366758687398568,0.010720327876958846,0.1325356674215206,0.2636354483366373
12.5,142.04545454545453,2.555332537730374,0.1304608540444602,0.06974048409696515,0.011038969518373744,0.194040879013227,0.36424307123124994
23.295454545454547,142.04545454545453,2.5634279873969086,0.1303172759460569,0.06359554425685755,0.010544764301153387,0.19498840272744997,0.3650032796984456
34.09090909090909,142.04545454545453,2.5705365507050693,0.13085081566587928,0.06046891285776504,0.010448214609898593,0.19542623719307986,0.3661371821962394
44.88636363636363,142.04545454545453,2.5769731282290764,0.13200177365578794,0.05895953096159756,0.010470212986699196,0.19542357803994395,0.36763608896851546
55.68181818181818,142.04545454545453,2.5830248674072998,0.13369399803826107,0.05792156240143656,0.010404844320397342,0.19505649847809434,0.36947672375693036
66.47727272727272,142.04545454545453,2.5888837916268774,0.1358493058483184,0.05683797334525534,0.010199195009525843,0.19439215996873194,0.3716242487514767
77.27272727272727,142.04545454545453,2.5945656469218514,0.13838921751308267,0.05576131156375458,0.009956861954389714,0.1934791373254651,0.37402485253315787
88.06818181818181,142.04545454545453,2.599823290722281,0.1412271567122301,0.05500535766822863,0.009870319421269376,0.19234286064938078,0.3765910157699055
98.86363636363636,142.04545454545453,2.6040740339131894,0.14425848614442263,0.05476374873668161,0.010071539444591764,0.19098383577263298,0.37918673209482384
109.6590909090909,142.04545454545453,2.6063771705705783,0.1473542496810092,0.05487419746446931,0.010494236963378032,0.18937899203964173,0.381620691759027
120.45454545454545,142.04545454545453,2.6054958436431797,0.15035997635069034,0.05489710772691907,0.010905772159535622,0.18748898234746394,0.38365202132324844
131.25,142.04545454545453,2.6000371930739288,0.15310177746348133,0.05441128141158638,0.011069385250218673,0.18526945766720312,0.3850095126256042
142.04545454545453,142.04545454545453,2.5886338501660577,0.15540121754413574,0.05328251320219133,0.010881335337580624,0.18268149952579313,0.38542145622075646
152.8409090909091,142.04545454545453,2.5701349478386324,0.157094608640553,0.051762010724265055,0.01043217583249773,0.1797004220385166,0.38464961520524543
163.63636363636363,142.04545454545453,2.543784686004251,0.15805020864930527,0.05037480480987772,0.009985378604826942,0.1763245017840719,0.382520392418516
174.4318181818182,142.04545454545453,2.5093663740758614,0.15817912216954266,0.04961249811602969,0.009827372831377666,0.17258379619708525,0.3789478703369314
185.22727272727272,142.04545454545453,2.4672880948207525,0.15744095934363797,0.04959097355701511,0.01002658330486819,0.1685458804090079,0.3739469305666562
196.02272727272725,142.04545454545453,2.418592966928137,0.15584993152031554,0.04997451800783642,0.01036618615676599,0.1643132969341348,0.3676386560701908
206.8181818181818,142.04545454545453,2.364890905534723,0.15348179892544447,0.05025169428711351,0.010550713678409212,0.16001214002873085,0.36024797961455723
217.61363636363635,142.04545454545453,2.3082235460712934,0.1504738384364226,0.05009542042418623,0.010419643196375847,0.15577769672542108,0.3520892827634189
228.4090909090909,142.04545454545453,2.250884307281175,0.14701209865367798,0.0495524706903941,0.010017504228123806,0.15174290964531875,0.34353823136612394
239.20454545454544,142.04545454545453,2.1952168501921188,0.14330624815499154,0.048997963289394056,0.009554432283037076,0.14803195436858507,0.3349925393897996
250.0,142.04545454545453,2.1434140441026144,0.13955703566069766,0.04888705159366367,0.009279836760744864,0.14475828583322156,0.32682756311086925
260.7954545454545,142.04545454545453,2.097345075556303,0.13592705368963837,0.049431960589030384,0.009303676784652088,0.14202370628518227,0.3193572266669289
271.59090909090907,142.04545454545453,2.0584446052267538,0.13252935703859367,0.050451554464446664,0.00951826069007362,0.13991336804776544,0.3128141762359941
282.3863636363636,142.04545454545453,2.0276777530530246,0.12943851723381172,0.05152708095182822,0.00971490060576598,0.1384854403076587,0.30735386871099546
293.1818181818182,142.04545454545453,2.005553223522599,0.12671010356468873,0.05229528975268769,0.009745284090090121,0.13776086454053377,0.30306974252421676
303.9772727272727,142.04545454545453,1.9921440419027374,0.12439179750624857,0.05264600265937026,0.009593461869529963,0.1377189199017785,0.30000328316593977
314.77272727272725,142.04545454545453,1.9870929755085416,0.12251989703244066,0.05274140574414739,0.009365776436498474,0.13829988928757056,0.2981421286932794
325.5681818181818,142.04545454545453,1.989600436280523,0.12110426470484884,0.05287529734249123,0.009224253300125492,0.1394127665145257,0.2974081398446168
336.3636363636364,142.04545454545453,1.9984099585082982,0.12011018001119188,0.05324484189906448,0.009277420272692969,0.14094455537888725,0.29764302324756586
347.1590909090909,142.04545454545453,2.0118196162557855,0.11944720061551685,0.053782963291141864,0.00949454555776913,0.14276814140961594,0.2986016713061668
357.95454545454544,142.04545454545453,2.027746829277756,0.11897206959717488,0.05419287542436477,0.009729630552558991,0.14474745281326137,0.29996111599573244
368.75,142.04545454545453,2.043853727283747,0.11850673702378636,0.05415703533757067,0.009826384803299119,0.14674003537421212,0.3013466151163572
379.5454545454545,142.04545454545453,2.057721329728751,0.11786699248315172,0.05356340415738792,0.009708458492459243,0.14859848252056004,0.3023704370099958
390.34090909090907,142.04545454545453,2.067056350173399,0.11689484758834476,0.05262501255190187,0.009416922093389835,0.15017309717053148,0.30267676935826376
401.1363636363636,142.04545454545453,2.0699124151650183,0.11548824280207709,0.05183301492109788,0.00909336450723401,0.15131768690103548,0.30198627054852617
411.9318181818182,142.04545454545453,2.0648968013978664,0.11362222032696587,0.051727849843127595,0.008902369510934083,0.1518989174110022,0.3001330457705964
422.7272727272727,142.04545454545453,2.0513157559326283,0.11135673094545047,0.05259410821474504,0.008921911376014354,0.1518071158767399,0.2970856353526979
433.52272727272725,142.04545454545453,2.0292089410490295,0.10882960222392091,0.05433725037496917,0.009101203343821907,0.15096413958615693,0.2929457095551396
444.3181818181818,142.04545454545453,1.9992649190880398,0.1062373037190591,0.05668229488215805,0.009333794783534148,0.14932587424469643,0.2879254727277296
455.1136363636363,142.04545454545453,1.962661701822713,0.10380871050205345,0.059513987749838244,0.009557027179502967,0.14688093989700907,0.28231214052945547
465.9090909090909,142.04545454545453,1.920886344420269,0.10177734360631464,0.06309805101774302,0.009795588768470464,0.14364807642109223,0.2764291096804503
476.70454545454544,142.04545454545453,1.8755688794299548,0.10035503808564249,0.06805560430681605,0.010146478013071406,0.13967420232314867,0.2705996635076858
487.5,142.04545454545453,1.8283469477119836,0.09970736309790992,0.07509422340912918,0.010728437009976353,0.13503469408245433,0.2651151837729424
12.5,152.8409090909091,2.5558007776394414,0.12993840733069933,0.06981357391443503,0.01085663137492257,0.19440293064818032,0.36392352702160685
23.295454545454547,152.8409090909091,2.5619054292002215,0.13006241504750188,0.06341127055394537,0.010351449048778131,0.1949786362394339,0.36466101589571825
34.09090909090909,152.8409090909091,2.566781248399719,0.13091788907096502,0.05998206715425704,0.010249234680992722,0.1949864203719601,0.365784870862254
44.88636363636363,152.8409090909091,2.570788484596989,0.13242065544380813,0.0581418320831837,0.010249495445347102,0.19451493153891275,0.36727392515858287
55.68181818181818,152.8409090909091,2.5742729229562507,0.13446415867401587,0.05676120642036963,0.010129617314117441,0.19366465360159985,0.3690896479318543
66.47727272727272,152.8409090909091,2.5774962200804223,0.1369352608229706,0.055350476423040154,0.009832954183469909,0.1925310489441697,0.3711798992427703
77.27272727272727,152.8409090909091,2.58055260037916,0.13971709471350627,0.05401215816610562,0.009482992072695708,0.1911939861397242,0.373472080091706
88.06818181818181,152.8409090909091,2.5832789992939746,0.1426859572971929,0.05312629736417623,0.009322970798025602,0.1897100316149986,0.3758613710998154
98.86363636363636,152.8409090909091,2.585172736249157,0.14571203660009957,0.0529237869799336,0.009532159223764342,0.18810325190532007,0.37820248315393573
109.6590909090909,152.8409090909091,2.5853563843515635,0.14866591647517632,0.053200975766549766,0.010026966279938506,0.18635758701438665,0.3803105170140118
120.45454545454545,152.8409090909091,2.5826444954205083,0.15141926538009667,0.0534249712942747,0.010511435124941291,0.18442354137317327,0.3819685528672123
131.25,152.8409090909091,2.5756984046489313,0.15384289581528554,0.05309459184070558,0.010701077954798648,0.18223582173371727,0.3829427565205081
142.04545454545453,152.8409090909091,2.563212009303466,0.155813605373482,0.052037523001730396,0.010476078371609136,0.17972902428814536,0.38300699150828
152.8409090909091,152.8409090909091,2.5440967284410703,0.15722656040448116,0.050511339768532185,0.00993806974310524,0.17684992239128688,0.3819712628251182
163.63636363636363,152.8409090909091,2.5176467411755166,0.15800439378170644,0.049090089720939756,0.009394978050418808,0.1735696186520297,0.3797057381700066
174.4318181818182,152.8409090909091,2.4836642969283687,0.15809685142484708,0.048334318135348386,0.00920305344952309,0.1698970948571961,0.3761538367156069
185.22727272727272,152.8409090909091,2.442527877536764,0.15747418563284302,0.048390775976464566,0.009457284629851499,0.16589041559615642,0.37133481352508363
196.02272727272725,152.8409090909091,2.395199930074643,0.1561311371783838,0.048893295458725776,0.009891880552349162,0.16165517171775826,0.36534739813992767
206.8181818181818,152.8409090909091,2.343174532467889,0.15410536141394582,0.04928469518019572,0.010155146340071008,0.15732789829687047,0.3583772516627898
217.61363636363635,152.8409090909091,2.288363740480055,0.15149093127985147,0.04921443224603139,0.010062107856211581,0.15305590752153753,0.35069441597552586
228.4090909090909,152.8409090909091,2.232935554470905,0.14843530112256087,0.048734144405913254,0.009660805093199627,0.14898185541020034,0.34263391938482685
239.20454545454544,152.8409090909091,2.1791245196473312,0.14511962665624314,0.04824789995398848,0.009191363112500316,0.14523534171900396,0.3345617015045695
250.0,152.8409090909091,2.129035214760835,0.1417265549491314,0.04824882056892563,0.008951233764953982,0.1419312406636908,0.3268309220625997
260.7954545454545,152.8409090909091,2.0844630740979095,0.13840496908797223,0.04895938788467583,0.009070946117952134,0.13917169654761974,0.31973796161754303
271.59090909090907,152.8409090909091,2.046775974700731,0.1352525317130253,0.05016141362165131,0.009405946337880175,0.13704395111077627,0.31349747480723633
282.3863636363636,152.8409090909091,2.0168845735505605,0.13232842553085594,0.05138767182630358,0.009698294291069587,0.1356095724404211,0.30824824082163166
293.1818181818182,152.8409090909091,1.9952617768479084,0.1296752425701654,0.052248389395381234,0.009775548017562625,0.13489344655247448,0.30407071220431814
303.9772727272727,152.8409090909091,1.9819648000567778,0.12732946807311074,0.05263082324760834,0.009621317096981635,0.13487986049595843,0.3009967754796103
314.77272727272725,152.8409090909091,1.976643295921236,0.12531766389138135,0.05271252597605456,0.009358758598246492,0.13551564831214982,0.2990079178835692
325.5681818181818,152.8409090909091,1.9785337629517024,0.12364359796850664,0.05281539274139623,0.00917937825734996,0.13671728715554224,0.2980255323153656
336.3636363636364,152.8409090909091,1.9864517144735168,0.12227477067396804,0.05316101909116212,0.009215717826310713,0.13837811547336756,0.29790055746637323
347.1590909090909,152.8409090909091,1.9988057636681054,0.12113593677599617,0.053679638870535326,0.009431412091776939,0.1403737035059018,0.29841039693910615
357.95454545454544,152.8409090909091,2.0136618781749696,0.12011267536443236,0.054050711086816,0.009655779882630023,0.14256655953225883,0.2992682828954304
368.75,152.8409090909091,2.0288616970544675,0.1190663030085811,0.05393649769362551,0.009716410954984416,0.14480981218077704,0.300146414411279
379.5454545454545,152.8409090909091,2.0421796591386556,0.11785805027736354,0.05322016609146685,0.009536918341980434,0.14694948832358753,0.3007097766083249
390.34090909090907,152.8409090909091,2.0515052155600166,0.1163759151779583,0.05213117486118051,0.009170961017856367,0.14882786136072346,0.3006545225438317
401.1363636363636,152.8409090909091,2.0550357765246146,0.11455728068868873,0.05120528626303907,0.008783359435018128,0.1502904734553121,0.2997445027927672
411.9318181818182,152.8409090909091,2.0514594072663375,0.11240198084258021,0.051045721618312154,0.008565117582083134,0.1511977744816408,0.2978399507051356
422.7272727272727,152.8409090909091,2.0400904367762376,0.10997402917013918,0.05197362433643583,0.00860130963630643,0.15143852403609515,0.29491313938260805
433.52272727272725,152.8409090909091,2.0209041362496434,0.10739563330669442,0.05387848443781149,0.00882167677348948,0.15093705961480283,0.29104784117700966
444.3181818181818,152.8409090909091,1.9944589797642875,0.10483653010135294,0.056446850767567086,0.009097325717443195,0.14965139487497303,0.28642351229266294
455.1136363636363,152.8409090909091,1.9617576959855592,0.1024979325641476,0.05953152159069881,0.009354897883719057,0.14756802240744188,0.2812891523817078
465.9090909090909,152.8409090909091,1.9240934396936267,0.10059223372666938,0.06337537065942672,0.009618167196661573,0.1446976682162486,0.2759325802194472
476.70454545454544,152.8409090909091,1.8829065764090047,0.09932015416822938,0.06858065646105319,0.009989108127625164,0.1410737035564259,0.2706490316859176
487.5,152.8409090909091,1.8396662452004913,0.09884458268289609,0.07584022581649916,0.01059425695262413,0.13675517044390986,0.2657100572160843
12.5,163.63636363636363,2.556909455103924,0.129638166901049,0.07012875876429789,0.010735924414167883,0.19470036528236456,0.3638292611744992
23.295454545454547,163.63636363636363,2.5613327569205464,0.12998562780775721,0.0634834825237937,0.010217921373711974,0.19496356535793996,0.36454576663784743
34.09090909090909,163.63636363636363,2.564291434267366,0.13110237842855962,0.05976048689385912,0.01010745059483233,0.19461114206505392,0.36565028155998053
44.88636363636363,163.63636363636363,2.566190311878969,0.13288338481263284,0.05759779990385294,0.010084490766588506,0.19374895449051807,0.36711163535073615
55.68181818181818,163.63636363636363,2.56743367179673,0.13519812204931944,0.055888460148588594,0.009911805138595343,0.19249803713375607,0.36888057674760827
66.47727272727272,163.63636363636363,2.5683518621950028,0.13790646535307038,0.054169690404146466,0.009527972713645748,0.19097729138381042,0.37089319716296704
77.27272727272727,163.63636363636363,2.5691154376013263,0.1408624964656606,0.052587858761006114,0.009072141122197478,0.18929207147481542,0.37306448255828406
88.06818181818181,163.63636363636363,2.5696439809070233,0.14391472991045642,0.05158410044650307,0.00883723172042079,0.187524343808805,0.37527876794339454
98.86363636363636,163.63636363636363,2.569517148965536,0.1469145508304648,0.05142884588682423,0.009056809673885028,0.18571817579671832,0.3773862344125976
109.6590909090909,163.63636363636363,2.5679219274230998,0.14973576948231362,0.05187600370609553,0.009627300840524601,0.18386243578387026,0.37921112030694626
120.45454545454545,163.63636363636363,2.563725103645086,0.15227568163631444,0.05230121178638093,0.010185347077752252,0.18189787376722844,0.38056018535352154
131.25,163.63636363636363,2.555642841451232,0.1544446294745654,0.05213237864913134,0.010403956896119707,0.17974141014918169,0.38123338032985316
142.04545454545453,163.63636363636363,2.542425295557393,0.1561670456136086,0.051164422243673506,0.010151145792277069,0.1773051631804661,0.38104423656250824
152.8409090909091,163.63636363636363,2.5230336275577083,0.15738782812828062,0.04965724208150924,0.009536618044997124,0.17451148182193,0.37984321578971225
163.63636363636363,163.63636363636363,2.4967942520714694,0.1580744687050844,0.048222316117976304,0.00890532207784592,0.1713080927575702,0.37753563361159304
174.4318181818182,163.63636363636363,2.4635114775033236,0.15820835307325526,0.04748124360297506,0.008684011119189873,0.1676852892635041,0.374087498704003
185.22727272727272,163.63636363636363,2.4235228924274046,0.15776698122977528,0.04760919101542891,0.008996652786194347,0.16369245187052864,0.3695188375829535
196.02272727272725,163.63636363636363,2.3777052825100076,0.15672508539034294,0.04821024804263816,0.009522783331345874,0.15943801011485764,0.36390511485956945
206.8181818181818,163.63636363636363,2.3274359391502895,0.15508397172408991,0.048691622807159,0.009857576849818885,0.15506778965436674,0.3573938602496315
217.61363636363635,163.63636363636363,2.274494934395675,0.15289505440812456,0.048687286171217925,0.009795933419425296,0.15074054614154322,0.35021090550840894
228.4090909090909,163.63636363636363,2.2209181685060653,0.15026495311195776,0.04825307961854155,0.009388916245016117,0.14660927661240356,0.34264834611349465
239.20454545454544,163.63636363636363,2.168821003441483,0.1473422984641598,0.04781418786012204,0.008904058372533533,0.1428103310383415,0.33503643892888024
250.0,163.63636363636363,2.1202102701682413,0.1442886090298921,0.047894797816637746,0.008689472809983325,0.13946080505443825,0.3277030003769338
260.7954545454545,163.63636363636363,2.0768011495513656,0.1412384620539229,0.048726629427980804,0.00890035189043066,0.13666284941243922,0.32092575373841703
271.59090909090907,163.63636363636363,2.0398886434090744,0.13827435171438157,0.0500525486116604,0.009348299838958705,0.13450501316968722,0.31490087184843885
282.3863636363636,163.63636363636363,2.010328634414871,0.1354435063548755,0.0513618135323822,0.009724088959441459,0.13305017777028283,0.30975285132045977
293.1818181818182,163.63636363636363,1.98856413020911,0.13278185430647207,0.05224553151824309,0.009834208783996254,0.13232402883732777,0.30555425069402226
303.9772727272727,163.63636363636363,1.9746469732771417,0.1303224954571531,0.052592883458091724,0.009663648593550924,0.13231230455017737,0.3023339910138548
314.77272727272725,163.63636363636363,1.9682480344174333,0.12809079484894256,0.05259915543233961,0.009352429147855626,0.1329648127157683,0.30007497189661586
325.5681818181818,163.63636363636363,1.9686574010365308,0.1260925222253497,0.05261792286015414,0.009122439301080249,0.13420253851682765,0.2987057058634131
336.3636363636364,163.63636363636363,1.9747819833941855,0.12430333493472347,0.052902502439808964,0.009133999415190443,0.1359236746349675,0.2980926276198301
347.1590909090909,163.63636363636363,1.9851592602492185,0.12266622048273558,0.05338243278596819,0.00934414821440387,0.13800661271903555,0.29803974902018104
357.95454545454544,163.63636363636363,1.9980213187594276,0.12109529529822306,0.053712146602079514,0.009555279548824187,0.14031449002226878,0.2982981616608311
368.75,163.63636363636363,2.0114074966627604,0.11948803356625291,0.05353382651041589,0.009579904913757481,0.1426998717883324,0.2985866732795
379.5454545454545,163.63636363636363,2.023303883054453,0.11774591320485604,0.052724149486204415,0.009342318088715407,0.1450072625958732,0.29862125430981556
390.34090909090907,163.63636363636363,2.0318001185335564,0.11579622906143988,0.05152338581288248,0.00890759287017715,0.14707676161934793,0.2981471511334376
401.1363636363636,163.63636363636363,2.0352532645741928,0.11360857571501662,0.05050198389513606,0.00846167211490719,0.14875165577370011,0.29696798306275296
411.9318181818182,163.63636363636363,2.0324456979926966,0.11120184038568061,0.05031597711289688,0.008222014715273649,0.14989104793731195,0.29496749367230146
422.7272727272727,163.63636363636363,2.0227146523648143,0.10864147291276419,0.05131057746830527,0.00827940868228173,0.15038527746636438,0.29212140966465433
433.52272727272725,163.63636363636363,2.005988437056049,0.10603462830065115,0.053345500652207854,0.008539681682068503,0.1501626783139522,0.2884978618445125
444.3181818181818,163.63636363636363,1.9827090294218392,0.1035268350488778,0.056068095453288565,0.008851686091068931,0.14918333031010264,0.28424678982653123
455.1136363636363,163.63636363636363,1.953712208359158,0.1012937894795378,0.05930818622480362,0.009133729159651037,0.1474312035800374,0.27958138114681014
465.9090909090909,163.63636363636363,1.9200998570138814,0.09952712508019917,0.06330064568193843,0.009410700363907088,0.1449090698850157,0.2747544169654075
476.70454545454544,163.63636363636363,1.8831193457160074,0.0984151858080066,0.06864863336997881,0.009791387773027899,0.14163715321034542,0.2700318390703531
487.5,163.63636363636363,1.844061590428843,0.09811738208463584,0.07605131289563208,0.010412728514742483,0.13765760320342088,0.2656637675644729
12.5,174.4318181818182,2.558155538263916,0.1295592126508014,0.07085685405606375,0.010821381309681105,0.19488018737896515,0.36390607776362016
23.295454545454547,174.4318181818182,2.5612358135729645,0.1300681218809773,0.06402598111502,0.010291947083496438,0.19490394843981923,0.36459377336062565
34.09090909090909,174.4318181818182,2.5626345267368325,0.13136038026829483,0.06004676943667446,0.010161588883056807,0.19428059233054493,0.36565632688335953
44.88636363636363,174.4318181818182,2.5628030185383883,0.13331977246983293,0.057606904419243404,0.010113781515757671,0.1931276114576151,0.3670596135633236
55.68181818181818,174.4318181818182,2.5622055754734587,0.13580116602071501,0.055641331446013124,0.009912155947675277,0.19158115686292942,0.3687504413335983
66.47727272727272,174.4318181818182,2.561239952813034,0.13864696382809197,0.05371424103374074,0.009495261175652855,0.18977774640652748,0.3706597233087493
77.27272727272727,174.4318181818182,2.5601468734217834,0.1416930219958801,0.051992601899781395,0.009006418073607901,0.1878410948985516,0.3726970284453043
88.06818181818181,174.4318181818182,2.5589165487137255,0.14477250814019743,0.0509351147427715,0.008751319380050766,0.18586985799682826,0.37474335908525297
98.86363636363636,174.4318181818182,2.5571984889851676,0.14772907894694584,0.05081629440421313,0.008976894331246618,0.18392015714377286,0.37665086763376177
109.6590909090909,174.4318181818182,2.5542442298957173,0.15044232589444625,0.051365106597151704,0.009571361913545472,0.18198427692236613,0.3782547509826292
120.45454545454545,174.4318181818182,2.548980565506877,0.1528295680637062,0.051919227169429774,0.01015289485940725,0.17999738900173728,0.3793823133968485
131.25,174.4318181818182,2.540179884630947,0.15483212244923927,0.051878167720425264,0.01038601837779649,0.17786388838797854,0.3798613907011938
142.04545454545453,174.4318181818182,2.5266402270187727,0.15641198413338941,0.05102073917734375,0.010138641294207947,0.1754785434607715,0.3795371691968947
152.8409090909091,174.4318181818182,2.50735584001872,0.15755227737013683,0.04959860596163891,0.009522780356748134,0.17274438136642276,0.3782906595488472
163.63636363636363,174.4318181818182,2.4816641208332593,0.15825286000862296,0.04822096770568178,0.008886703535013247,0.16959095609122415,0.37605123029010573
174.4318181818182,174.4318181818182,2.449351542268828,0.15851560867192271,0.04751544023677349,0.008665166795984867,0.1659944172124172,0.37279747928298274
185.22727272727272,174.4318181818182,2.4107041724213283,0.15832130931345917,0.047667639660967175,0.008988923744239777,0.16199669748790457,0.36854627220397385
196.02272727272725,174.4318181818182,2.366513850267898,0.15762902256312172,0.048290689270697275,0.00953448974576089,0.15770654948278287,0.3633529511864268
206.8181818181818,174.4318181818182,2.3180465300843704,0.15640932723344808,0.04880134986376505,0.009892168768379825,0.15327630994575883,0.3573314694298953
217.61363636363635,174.4318181818182,2.2669544066170015,0.15467340296793414,0.04883910694510596,0.009851945686168644,0.14887516640349238,0.350665599677771
228.4090909090909,174.4318181818182,2.215140446329884,0.15248506780495147,0.04845856311189482,0.009462032706409877,0.1446675436015654,0.34360302513744356
239.20454545454544,174.4318181818182,2.1645934357096173,0.1499545217951803,0.04807700652497742,0.008993479061721635,0.14079928393048197,0.33643335768755744
250.0,174.4318181818182,2.117209699035616,0.14721441637862268,0.048207056961915025,0.008804759401850507,0.13739297085381047,0.32945224087207514
260.7954545454545,174.4318181818182,2.074615134715688,0.14438130053143655,0.04906862845383737,0.00905512104690391,0.13455202496349564,0.32291514772340824
271.59090909090907,174.4318181818182,2.038036482798368,0.14152787336354417,0.05039316354832518,0.00954158034336563,0.13236358262053008,0.3170040595119415
282.3863636363636,174.4318181818182,2.008285751033302,0.1386992389935595,0.05166709457767461,0.009939228109596748,0.13088712440773667,0.31183730067770216
293.1818181818182,174.4318181818182,1.9857867508369038,0.13593466614548147,0.05248567720225054,0.010047499788370037,0.13014429640989075,0.3074877481743663
303.9772727272727,174.4318181818182,1.9705966003179862,0.13327337924328872,0.052745137524470395,0.009852181066988978,0.13011773840136218,0.30398921485039215
314.77272727272725,174.4318181818182,1.9624183586032908,0.13074838447214335,0.05265012794312544,0.009500303195179265,0.1307561182039086,0.30133342914608446
325.5681818181818,174.4318181818182,1.9606062790468328,0.12837508253485663,0.05256696552124524,0.009225044614221519,0.13198149578561105,0.2994625431360752
336.3636363636364,174.4318181818182,1.9641689927704984,0.1261424899259948,0.052763394349562884,0.009196862245428218,0.13369490822542218,0.29826326456875446
347.1590909090909,174.4318181818182,1.9717854405731403,0.12401289155425324,0.053175871152327844,0.009372099067182485,0.13577827318010932,0.2975683071364762
357.95454545454544,174.4318181818182,1.9818674015998654,0.12192612025009573,0.053458379920998965,0.009546734580836451,0.13809848737080285,0.2971660721049362
368.75,174.4318181818182,1.9926637843588106,0.11981046192870869,0.053250895612322574,0.00953129065477378,0.140512011040678,0.2968194598940385
379.5454545454545,174.4318181818182,2.0023831862300074,0.11760050017382528,0.052427705615602824,0.009253404375829574,0.1428672500693755,0.29629153264152375
390.34090909090907,174.4318181818182,2.0093272589850217,0.11525455941373751,0.051226974981847216,0.008783857285706225,0.1450083282144946,0.29537204320792315
401.1363636363636,174.4318181818182,2.0120277626215812,0.11276609849265079,0.05021773464098993,0.008314104941888544,0.14678286714897298,0.29390007952581204
411.9318181818182,174.4318181818182,2.0093796429149022,0.11016636916150395,0.050055237237310854,0.00806524461508104,0.14805456325122887,0.29178010971743473
422.7272727272727,174.4318181818182,2.0007565849437055,0.10751956983685922,0.05107874374696081,0.008125293418738364,0.14871838380862162,0.28899085578198236
433.52272727272725,174.4318181818182,1.986045700020106,0.10491946746637465,0.05313653494535371,0.008391683945541035,0.14870627802286868,0.28558659741000664
444.3181818181818,174.4318181818182,1.9655784878990892,0.10249087590528198,0.05587086414963615,0.008708072431076847,0.14797894479570955,0.28169086849260244
455.1136363636363,174.4318181818182,1.9400316199648784,0.10038696204024877,0.05911395137787807,0.008991546005807467,0.1465168814015326,0.27748399130206236
465.9090909090909,174.4318181818182,1.9103229673495215,0.09877954339191902,0.0631079952016774,0.00926798124104807,0.1443151142377753,0.27318514927426485
476.70454545454544,174.4318181818182,1.877511577620487,0.09784239146857512,0.06846688571618949,0.009649034958288767,0.14138252958534647,0.2690299349451967
487.5,174.4318181818182,1.842710641677058,0.09772607758282005,0.07590215334968853,0.010276247812258027,0.1377476412677076,0.2652433008913682
12.5,185.22727272727272,2.558838328118171,0.12965059518301839,0.07191065627189312,0.011117008906448162,0.1948982577380415,0.3640433678490097
23.295454545454547,185.22727272727272,2.560921030026498,0.1302510873728184,0.0649664516760506,0.010579130546383713,0.19476110259247675,0.36468962844805547
34.09090909090909,185.22727272727272,2.5611362000402136,0.1316244056923835,0.06078918247383237,0.010418271464887796,0.19396332313992423,0.3656835112555361
44.88636363636363,185.22727272727272,2.5599846810257336,0.1336543017433148,0.05814194688098968,0.010346859024724642,0.1926277008052804,0.3669961373964501
55.68181818181818,185.22727272727272,2.5579924405003047,0.13619104619945088,0.05601857890915761,0.01014689055086295,0.1908996993310662,0.3685776303348981
66.47727272727272,185.22727272727272,2.5556222017825725,0.13906952327207364,0.05400851237962026,0.00976347676882793,0.18892724522985566,0.3703605027766423
77.27272727272727,185.22727272727272,2.5531760070823535,0.14211845409253265,0.05227247954641954,0.009332047469872583,0.18684484426728057,0.3722558061864943
88.06818181818181,185.22727272727272,2.550697993070862,0.14516850067423676,0.051235024098605274,0.009125408130518526,0.1847583895187884,0.3741485114578822
98.86363636363636,185.22727272727272,2.547887583459923,0.1480679630547666,0.05112891123177816,0.00934748504910748,0.18272654064862437,0.37589936703982674
109.6590909090909,185.22727272727272,2.544058549062766,0.150703601612177,0.0516837283624848,0.00989640128229406,0.18074392280692686,0.3773552631006422
120.45454545454545,185.22727272727272,2.5382051231028546,0.15300491410904113,0.05226731928288627,0.010436259100441873,0.1787456083694655,0.37835929319644235
131.25,185.22727272727272,2.529155062754217,0.15493443184160388,0.052299289694511336,0.010661742256367443,0.17662920855947428,0.37876018602883876
142.04545454545453,185.22727272727272,2.5157437244742047,0.15648088685577796,0.05156041037916177,0.01045260110015051,0.17427748616417565,0.3784260039563199
152.8409090909091,185.22727272727272,2.4969805137716925,0.15765386330834302,0.050283900037553425,0.009917017813553846,0.17157926963321218,0.37725807913706527
163.63636363636363,185.22727272727272,2.472192412443053,0.1584732227382011,0.049036433540810706,0.009371143288005753,0.1684510502476621,0.3751988146667485
174.4318181818182,185.22727272727272,2.441128513552933,0.15894981752950857,0.04839090310284839,0.009185491358018832,0.16485963484835178,0.37222917565296276
185.22727272727272,185.22727272727272,2.404014324783841,0.15906392427605193,0.04852157830812192,0.00946902644887913,0.16084081421002144,0.3683592212668948
196.02272727272725,185.22727272727272,2.3615609373090374,0.15876492838497636,0.049093994961580414,0.009956543318582629,0.15650052750298118,0.3636288577318437
206.8181818181818,185.22727272727272,2.314931900899172,0.15799901863067745,0.049579391736380776,0.010287125606007108,0.1519947862747475,0.3581238932486525
217.61363636363635,185.22727272727272,2.265659499015796,0.15673988280381113,0.049642053201895915,0.010262574669853055,0.14750241886867355,0.35198882865496195
228.4090909090909,185.22727272727272,2.2155169855414174,0.15500659828244273,0.04932852185353666,0.00992217420632337,0.143200779370321,0.3454259068168975
239.20454545454544,185.22727272727272,2.1663627478851555,0.15286451179152954,0.04901805097272851,0.00951289146396267,0.139248633763794,0.33867914653959896
250.0,185.22727272727272,2.1199716676127274,0.1504082451019744,0.04916640944414338,0.009352786150589196,0.1357783647103169,0.3320043761949382
260.7954545454545,185.22727272727272,2.0778720943060134,0.14773138633321625,0.04995799650247728,0.009576805106515264,0.1328967303983348,0.32563045115683986
271.59090909090907,185.22727272727272,2.041232852204769,0.14490511486345806,0.051148513263332175,0.010009157388778944,0.1306856105011645,0.31973211333150725
282.3863636363636,185.22727272727272,2.010837242462176,0.14198536350749474,0.052267243348509275,0.010354276091684232,0.12919495878269774,0.31443228770293297
293.1818181818182,185.22727272727272,1.9871022506333624,0.13902681892465715,0.05293812199485645,0.010420528048846085,0.1284364811203738,0.30981402560594556
303.9772727272727,185.22727272727272,1.9701005427652305,0.13608531348476796,0.0530698385265307,0.010193407366885817,0.12838454752718015,0.30592453723084195
314.77272727272725,185.22727272727272,1.9595759601065625,0.13321015682730383,0.052867448058823666,0.009815398165403116,0.12898242408562435,0.30277141913533523
325.5681818181818,185.22727272727272,1.9549531932643731,0.13043295345615322,0.052688029585110145,0.00950775477307541,0.13014998522614257,0.3003157777031949
336.3636363636364,185.22727272727272,1.955346841938459,0.12775985130050818,0.052789551102850336,0.009426891532856864,0.1317893102871448,0.2984677130008398
347.1590909090909,185.22727272727272,1.959584544506471,0.12517129754808065,0.053123314964010904,0.009536521111104607,0.13378729146290935,0.29708860817970284
357.95454545454544,185.22727272727272,1.9662660580170939,0.12262777009920223,0.053371573527948274,0.009652392463884898,0.13601849752392817,0.29600147058172427
368.75,185.22727272727272,1.9738555672238765,0.12008136575642715,0.05319119837075214,0.009597572370456144,0.13834807467778115,0.29500895081548417
379.5454545454545,185.22727272727272,1.980789001402587,0.11749159618725619,0.05245759563725834,0.009305023951752107,0.1406337304089586,0.2939159343676323
390.34090909090907,185.22727272727272,1.9855868747615126,0.11483927989197584,0.051391234981977695,0.008844022564637176,0.14272944309033314,0.29255137499101114
401.1363636363636,185.22727272727272,1.9869673934543894,0.1121337678009521,0.0505178084331165,0.008393019392510597,0.14449318373930145,0.29078544313907984
411.9318181818182,185.22727272727272,1.98395525592459,0.10941239789758869,0.05042820258276459,0.008148329243987817,0.14579882321708118,0.28854072165393996
422.7272727272727,185.22727272727272,1.9759714413313798,0.10673564132467758,0.05142357017509243,0.008185637447572674,0.1465485904311677,0.2857983314689326
433.52272727272725,185.22727272727272,1.9628611523228658,0.10418561078414154,0.05337167092028362,0.008416313300277953,0.1466769380801003,0.2825998513778426
444.3181818181818,185.22727272727272,1.9448476993545807,0.10186959872918729,0.05595270529970003,0.008699307422996714,0.1461435194619478,0.2790449108492001
455.1136363636363,185.22727272727272,1.9224560274597966,0.09992116637106167,0.05903028443754849,0.008958013974080498,0.1449243974763457,0.2752838197712563
465.9090909090909,185.22727272727272,1.8964300569423809,0.09849368879952941,0.06286929881929788,0.009218654727089425,0.1430071033095574,0.2715042059546668
476.70454545454544,185.22727272727272,1.8676506403124011,0.09774478707922146,0.06810207587145582,0.009590974230923574,0.14039120658103124,0.26791127503848444
487.5,185.22727272727272,1.837060965697984,0.09781046969702874,0.07545473479553762,0.010213653840916081,0.13709582773632395,0.26470158722825105
12.5,196.02272727272725,2.558089479587922,0.12980289956237567,0.07293510383289392,0.011467677896095483,0.19472753052665678,0.36407134038890965
23.295454545454547,196.02272727272725,2.559505083691797,0.1304294906673969,0.0659397007283099,0.010925127183111021,0.1945037694581246,0.364665044302345
34.09090909090909,196.02272727272725,2.5589095245996254,0.13180012177093925,0.06163563725623095,0.010735638217652664,0.1936212975498742,0.36557072885109293
44.88636363636363,196.02272727272725,2.556854994951214,0.13380490258772582,0.05885841412867121,0.010646202754853763,0.19220456261541013,0.36676947648749586
55.68181818181818,196.02272727272725,2.553929108315693,0.1362983550293498,0.0566592073751877,0.010463299242372234,0.19040304982715775,0.36822097836685524
66.47727272727272,196.02272727272725,2.550654587898936,0.13911771628000835,0.054646324753770015,0.010139840578221919,0.1883696662879304,0.3698657975270606
77.27272727272727,196.02272727272725,2.5473839648588816,0.14209529600072182,0.05295862539914568,0.009795438747701718,0.1862421476005556,0.371622896947403
88.06818181818181,196.02272727272725,2.544200909666502,0.14506960765562904,0.05196598663867674,0.009653853701908643,0.18412590306828966,0.37338700693000404
98.86363636363636,196.02272727272725,2.540843159923136,0.14790008280542957,0.05185290579805512,0.009867387947369641,0.1820770185862302,0.37503082459253206
109.6590909090909,196.02272727272725,2.536677679167807,0.15048232689816948,0.052361116757126194,0.01034812674260002,0.18009049568259533,0.37641315596051333
120.45454545454545,196.02272727272725,2.5307602446480715,0.1527537329996483,0.05291360327218955,0.010821367054113287,0.1781032396402941,0.377389227889048
131.25,196.02272727272725,2.521967908520688,0.15468905568618124,0.052973842382533935,0.011027293374231835,0.17601080437468752,0.3778216585405764
142.04545454545453,196.02272727272725,2.509161918264313,0.15629309115199175,0.052335317418757014,0.010862928387469637,0.17368910885309943,0.3775926241063009
152.8409090909091,196.02272727272725,2.491350176277776,0.15759103557356774,0.051210314643122985,0.010428217953036568,0.171017491916591,0.37661433493119206
163.63636363636363,196.02272727272725,2.467830801410153,0.1586130154497466,0.05011001888661423,0.009994914925211654,0.16790323826845868,0.3748333794329329
174.4318181818182,196.02272727272725,2.4383011609703593,0.1593725434283755,0.04953936852142217,0.009859881713039663,0.1643060590344479,0.3722270976444463
185.22727272727272,196.02272727272725,2.402920414988582,0.15984749061297887,0.049654232143187406,0.010106925580507966,0.16025612009313805,0.36879678558354706
196.02272727272725,196.02272727272725,2.3623220598411883,0.15997910774498997,0.050171834600792754,0.010529248116726559,0.15585596221914907,0.3645683384082639
206.8181818181818,196.02272727272725,2.317576624324153,0.15969293253062514,0.05062600993745517,0.010826013204302811,0.15126403621514686,0.35960306172217316
217.61363636363635,196.02272727272725,2.270106110835478,0.15892725831777196,0.05071016101046206,0.010818845196201882,0.14666858293874258,0.3540086924835293
228.4090909090909,196.02272727272725,2.2215597770933226,0.15765479924577594,0.05045856659232069,0.01053664301149684,0.14226146394029113,0.34794149448936906
239.20454545454544,196.02272727272725,2.173666182867495,0.15589091924708165,0.05020134825549274,0.010191633305587975,0.13821749494993021,0.34159632760492586
250.0,196.02272727272725,2.1280772645206283,0.15368691631743872,0.05032804406188795,0.010049247848858703,0.13468186160612408,0.3351853019986075
260.7954545454545,196.02272727272725,2.086225562464337,0.15111290073624373,0.05098979931072092,0.010218796314035857,0.131765153816825,0.32891047504067694
271.59090909090907,196.02272727272725,2.0492265849581734,0.14824361834064534,0.051974655160657274,0.010557890057336436,0.12954144473378743,0.32294343499908995
282.3863636363636,196.02272727272725,2.0178447088694322,0.14515655672866745,0.05286944618900142,0.010813686620878117,0.12804579276511957,0.3174203323616439
293.1818181818182,196.02272727272725,1.9925011894386853,0.14193395465982458,0.053338881449470577,0.010812799435574585,0.1272738933766424,0.31244415314700164
303.9772727272727,196.02272727272725,1.9732938380284735,0.13865881718253673,0.053309649679985215,0.010542361193875355,0.12718655502180226,0.30808399607935566
314.77272727272725,196.02272727272725,1.9600147513172341,0.1354048176378572,0.05298725846378298,0.010136721626126142,0.12771762080753712,0.304369820179089
325.5681818181818,196.02272727272725,1.952164391207286,0.13222477443574435,0.052716152615394495,0.009798644745669816,0.1287823534145091,0.30128579622370416
336.3636363636364,196.02272727272725,1.94896730135504,0.12914308615025738,0.052743254676277225,0.00966735429254052,0.1302836287705382,0.2987666310746931
347.1590909090909,196.02272727272725,1.9494017506839265,0.12615566974108597,0.05303401723589473,0.009714335906114879,0.13211512838188522,0.29670067941122485
357.95454545454544,196.02272727272725,1.9522559225143736,0.12323760311304764,0.0533008960417014,0.009779258994741247,0.13416275327450652,0.29494132832804026
368.75,196.02272727272725,1.9562089363121633,0.12035667064041322,0.05321995058709197,0.009701623808355991,0.13630515368979504,0.2933251988297705
379.5454545454545,196.02272727272725,1.9599239055617566,0.11748873438572449,0.052663902615101024,0.009419062144693917,0.1384144489499784,0.29169291933739844
390.34090909090907,196.02272727272725,1.9621424941819965,0.11462921405092147,0.05182214952072613,0.00899423054796376,0.14035943222464692,0.2899073074596726
401.1363636363636,196.02272727272725,1.9617751494641256,0.11179696873438238,0.051152972272204285,0.008583781765592467,0.14201285569920374,0.28786571938992433
411.9318181818182,196.02272727272725,1.957982684356548,0.10903124262822728,0.051158460559717726,0.008351932845206373,0.14326193985185112,0.28550657447041045
422.7272727272727,196.02272727272725,1.9502382650227692,0.1063868963867998,0.05208994375712625,0.008360792578476493,0.14401782143201092,0.282812581905786
433.52272727272725,196.02272727272725,1.9383493848332605,0.10393438748664402,0.053839449717496754,0.00853964352331431,0.1442179042254653,0.27981306590542543
444.3181818181818,196.02272727272725,1.9224348328006478,0.10176498374724732,0.05614431224702798,0.008770094426153629,0.14382029189680012,0.27658520020339616
455.1136363636363,196.02272727272725,1.9028752658137553,0.09999458750009657,0.058918522224658466,0.008986319291047363,0.1427962413446633,0.2732514505114934
465.9090909090909,196.02272727272725,1.880252253709988,0.09875955545075132,0.062465328196751164,0.009216289083099651,0.1411261723501494,0.269970130664778
476.70454545454544,196.02272727272725,1.8552817720348032,0.09820152913545674,0.06745029796645674,0.009567836639576877,0.13880165338229297,0.2669175978963518
487.5,196.02272727272725,1.8287480251323973,0.09844162536039029,0.07462811471789574,0.010176802597962652,0.13583378094922346,0.2642629604495643
12.5,206.8181818181818,2.554936398368025,0.12989089370390242,0.0735260799530356,0.011688600736790511,0.19433931526385592,0.36379792428099617
23.295454545454547,206.8181818181818,2.555980600542398,0.13048655037480703,0.06651401002872981,0.011140353437426921,0.19409450635434858,0.364330222588361
34.09090909090909,206.8181818181818,2.5549239308067535,0.1317888479609028,0.06214943932923996,0.010931382088902132,0.1932037869056299,0.3651385101383103
44.88636363636363,206.8181818181818,2.552369845492753,0.13369590499130798,0.059309392802479266,0.010829747413255994,0.19179227551186132,0.3662149886449385
55.68181818181818,206.8181818181818,2.5489645438931383,0.13607181178151204,0.05707842528191745,0.010657719437248643,0.19000997552472584,0.36753235059977224
66.47727272727272,206.8181818181818,2.5452828606999995,0.13876380275322608,0.055073988321288514,0.010372502516794826,0.1880093668067662,0.36904377442347225
77.27272727272727,206.8181818181818,2.5417166832397844,0.14161601705691468,0.05341798698774198,0.010081209437464149,0.18592530503866436,0.37068077619369405
88.06818181818181,206.8181818181818,2.5383787462462624,0.14448129750109348,0.05244544622140229,0.009975665444242204,0.18385773018446624,0.3723513112613616
98.86363636363636,206.8181818181818,2.535036449634254,0.1472331987474558,0.05231494829637037,0.010178763332046013,0.18185744570903453,0.3739412196321208
109.6590909090909,206.8181818181818,2.531097586473817,0.14977699301149777,0.05277919338481195,0.010611216326126384,0.17991802247515787,0.3753204881503618
120.45454545454545,206.8181818181818,2.5256651041835467,0.15205569719992343,0.053298409791865765,0.011035670154457496,0.17797802605007695,0.37635334094604606
131.25,206.8181818181818,2.517653123131264,0.15404971018004246,0.05336800588275018,0.011223422284850567,0.1759335831063988,0.37691033260904155
142.04545454545453,206.8181818181818,2.5059365748416087,0.15577119334944112,0.05279294094596839,0.011084366940288583,0.17365766783140912,0.37688030336204176
152.8409090909091,206.8181818181818,2.4895080242431247,0.15725274365857927,0.05177400298245285,0.010713152546824945,0.1710235638250699,0.3761790635266719
163.63636363636363,206.8181818181818,2.4676229310856264,0.15852911139979012,0.05078866801618413,0.010354769498365198,0.16793125179004603,0.3747519298259583
174.4318181818182,206.8181818181818,2.439917226501226,0.15961429922657763,0.050300775296608743,0.010266166334848163,0.16433361043585132,0.3725700491490975
185.22727272727272,206.8181818181818,2.406480608822439,0.16048292854906265,0.050450600390175064,0.010516081230478317,0.16025535375795671,0.3696250260069992
196.02272727272725,206.8181818181818,2.3678725969791072,0.16106729358967734,0.050977063318479655,0.010923889741739995,0.1557965003177851,0.3659285484664542
206.8181818181818,206.8181818181818,2.3250794686806,0.16127299614455357,0.05144512662885194,0.011219812894480758,0.1511184463142616,0.3615188586863693
217.61363636363635,206.8181818181818,2.279422685162537,0.16100417790222749,0.05156143887251641,0.011236128296447063,0.14641913920932967,0.3564688451991497
228.4090909090909,206.8181818181818,2.232435226054878,0.1601869828565961,0.051347787611039766,0.010993704455839649,0.14190589321685748,0.3508894679962473
239.20454545454544,206.8181818181818,2.1857217143208,0.1587849498078836,0.05109955945742876,0.010682624719224217,0.1377713018310073,0.34492575246276846
250.0,206.8181818181818,2.140817567755155,0.15680497632485674,0.05116556988750602,0.010539773441522139,0.1341746811506193,0.33874601342237126
260.7954545454545,206.8181818181818,2.099065603451986,0.15429524198003247,0.05168073331561284,0.01066303082013972,0.13123017606008783,0.3325272519236426
271.59090909090907,206.8181818181818,2.0615307453597875,0.15133796088065313,0.05245632728781141,0.010927904197955085,0.1290020122739823,0.3264409520720798
282.3863636363636,206.8181818181818,2.0289623333260765,0.14803955900490423,0.053119851971286394,0.011105422809176719,0.1275063542514537,0.32064212407430953
293.1818181818182,206.8181818181818,2.001792747492285,0.1445190719714548,0.05336921344312821,0.011034701955282064,0.1267180921632932,0.3152609546718675
303.9772727272727,206.8181818181818,1.9801525627490257,0.14089496673059793,0.05315233948813984,0.010707160730167482,0.12658033025741613,0.31039510278573895
314.77272727272725,206.8181818181818,1.9638890055367397,0.13727128016023132,0.052687920802900294,0.010257244091692597,0.12701463495536247,0.30610186371046105
325.5681818181818,206.8181818181818,1.9525838918517655,0.13372502535322472,0.052327541570180006,0.009883497634312826,0.1279304701640063,0.30239117438239954
336.3636363636364,206.8181818181818,1.945574908293034,0.13029820921195567,0.05232270374343689,0.009720632806538466,0.12923223276051246,0.29922223483730137
347.1590909090909,206.8181818181818,1.9419894245818623,0.12699821725519983,0.05264640024110982,0.009743108311133866,0.13082262181926316,0.29650737946502703
357.95454545454544,206.8181818181818,1.940798598559821,0.12380793897475328,0.053018160160046165,0.009798499278065923,0.13260234700867385,0.29412499517650575
368.75,206.8181818181818,1.940889873452914,0.12070248842132807,0.053112158155600546,0.009731324762918273,0.13446785350589088,0.291939060374423
379.5454545454545,206.8181818181818,1.941147531877155,0.11766597068082402,0.0527853615440272,0.00947916841988384,0.13630987709014836,0.2898195739721938
390.34090909090907,206.8181818181818,1.9405303629167912,0.1147019410494871,0.052191126616452574,0.009098213453826914,0.13801546112548627,0.2876582176540614
401.1363636363636,206.8181818181818,1.9381389754437934,0.11183462477440823,0.05172546893474725,0.008729286029634499,0.1394743928415802,0.2853763834570752
411.9318181818182,206.8181818181818,1.9332687712371752,0.10910305151247265,0.051816205610836205,0.008515581305802213,0.1405883472711887,0.2829266653905101
422.7272727272727,206.8181818181818,1.9254462511183297,0.10655501729492832,0.052670547752968117,0.008509540589596446,0.14127836014644984,0.28029245497404887
433.52272727272725,206.8181818181818,1.9144463208519462,0.10424793618653386,0.054192166069856114,0.008649655371848286,0.14148616108668355,0.27749038551944594
444.3181818181818,206.8181818181818,1.9002897803726995,0.10225656282834879,0.05616396433722101,0.008832060025298199,0.14116929141276452,0.27457552494955934
455.1136363636363,206.8181818181818,1.8832222853921934,0.10067992271722737,0.0585509522513916,0.008999938317742843,0.14029472323299697,0.27164403628420086
465.9090909090909,206.8181818181818,1.8636761719108885,0.09963927692963807,0.06170819036896006,0.009186118516844767,0.13883601210500945,0.26882767503451643
476.70454545454544,206.8181818181818,1.8422176491154703,0.09926345842879435,0.06635891769892444,0.009503339171981188,0.13677643886476148,0.2662778004453451
487.5,206.8181818181818,1.8194853113015808,0.09966328861433803,0.07331309992454592,0.010093308887836454,0.134117752960226,0.2641407420787627
12.5,217.61363636363635,2.548390373561761,0.12981030523882,0.0734412245262712,0.011674029086228553,0.19369068058577452,0.36304415206165785
23.295454545454547,217.61363636363635,2.5493104478278164,0.13032802334815424,0.06642596980950459,0.011115319113948053,0.19347923426063673,0.3635081325364215
34.09090909090909,217.61363636363635,2.548107238684251,0.13151460751930735,0.06205525263738286,0.010897159372981156,0.19264206572677417,0.3642190086528925
44.88636363636363,217.61363636363635,2.545433085823635,0.13327557654659616,0.05920438039319887,0.01078729232772618,0.19130507464773347,0.3651794177485467
55.68181818181818,217.61363636363635,2.541985378343388,0.13548632648591138,0.05695599184419003,0.010607718091517154,0.18961695707610426,0.3663754947414347
66.47727272727272,217.61363636363635,2.53837916099936,0.13800804130148103,0.05492695562659021,0.010315460027838124,0.1877261369198313,0.3677745609875025
77.27272727272727,217.61363636363635,2.535033060577832,0.1407012289283757,0.05324149490000711,0.010016795427080713,0.18576053430395562,0.36932255209680437
88.06818181818181,217.61363636363635,2.532078625699032,0.14343630927423537,0.05224086540487133,0.0099022667771859,0.18381158791831725,0.3709418536286532
98.86363636363636,217.61363636363635,2.529303410628862,0.14610216705295812,0.05209103944417997,0.010094160024652967,0.1819230854557854,0.37253128975086686
109.6590909090909,217.61363636363635,2.5261427175372364,0.14861355654712968,0.05254807783709079,0.010513812144708947,0.18008585959161685,0.37397047964031316
120.45454545454545,217.61363636363635,2.5217306643064092,0.1509171815980879,0.05307124961967039,0.01092563156518989,0.17823959056216743,0.3751295721547014
131.25,217.61363636363635,2.5150044161339355,0.15299464824867604,0.053154879488333064,0.011103187558083665,0.17628213665636386,0.3758824284088285
142.04545454545453,217.61363636363635,2.5048414623925934,0.15485964041120065,0.0526055497364276,0.010958461211496077,0.17408583449065027,0.37611923736181835
152.8409090909091,217.61363636363635,2.490209254830248,0.15654710886557216,0.051628857016357936,0.010588886328104659,0.1715198878562586,0.37575480038590947
163.63636363636363,217.61363636363635,2.4703115644595,0.15809394841514998,0.050708439448576136,0.010244820746176081,0.16847749389060543,0.37473044841665437
174.4318181818182,217.61363636363635,2.4447164456871007,0.15951450859131805,0.0503099370104942,0.01018888770237563,0.1649040988527051,0.3730103484375081
185.22727272727272,217.61363636363635,2.4134432350608215,0.16077996152211146,0.05056469391588438,0.010487567985497897,0.1608189883173617,0.37057617652699043
196.02272727272725,217.61363636363635,2.3769826354024683,0.16181257431954246,0.05119409466554065,0.010948815350132455,0.1563208478093721,0.3674252061193533
206.8181818181818,217.61363636363635,2.336245151330154,0.16249805454970476,0.05174567794260643,0.01129052938939402,0.15157489645914562,0.363573547840794
217.61363636363635,217.61363636363635,2.2924605995673653,0.16270838275111876,0.051912793722682295,0.011336053733186408,0.14678854582830497,0.3590615961568875
228.4090909090909,217.61363636363635,2.247054202149698,0.16232579610284226,0.051707031297288604,0.01110163733052639,0.14218387817724862,0.35395779727810045
239.20454545454544,217.61363636363635,2.2015155389053156,0.1612639531133918,0.05141692620073445,0.010779671267372237,0.13797104923374734,0.34835966386208506
250.0,217.61363636363635,2.157272904216038,0.15948667731101748,0.05139049348188609,0.010616680995677157,0.1343237129899829,0.34239365325461407
260.7954545454545,217.61363636363635,2.1155866325272985,0.15702223684184288,0.05176844187150397,0.010718725598842588,0.13135913333729973,0.3362139086122752
271.59090909090907,217.61363636363635,2.077474009458019,0.15396390750733602,0.05237107049262429,0.01095842835386501,0.12912985473944874,0.3299946641271829
282.3863636363636,217.61363636363635,2.04367085937948,0.15045182956764777,0.052835974961079536,0.011097804831669925,0.1276304556296966,0.3239133283977933
293.1818181818182,217.61363636363635,2.014623863335717,0.14664646406348664,0.05287432162249709,0.010971654511822344,0.12681259296467653,0.3181308994976147
303.9772727272727,217.61363636363635,1.9905012281778276,0.1427053032662978,0.05245518107107123,0.010576536925648371,0.1266000555396732,0.3127766342150223
314.77272727272725,217.61363636363635,1.9712107650788813,0.138765041943888,0.05182955349061314,0.010061865857251894,0.1269013426610965,0.30793736695407514
325.5681818181818,217.61363636363635,1.9564203361786983,0.13492759792576553,0.05138730620819038,0.009647448976848626,0.12762019458666427,0.303649802286848
336.3636363636364,217.61363636363635,1.9455823790037772,0.13125091424421453,0.05140628273326325,0.0094830706100924,0.12866369959683807,0.2998966222892803
347.1590909090909,217.61363636363635,1.9379693805189315,0.12774925192285044,0.05185623212566623,0.009538679856510126,0.12994589507339643,0.2966104695983469
357.95454545454544,217.61363636363635,1.932726201933893,0.12440638752358416,0.05242770897818194,0.009643851795529452,0.131385450488541,0.29368884822057545
368.75,217.61363636363635,1.9289365694177711,0.12119703645706884,0.05275919093147732,0.00962807992714621,0.13289994264252797,0.29101634810688953
379.5454545454545,217.61363636363635,1.925693327808231,0.11810662171402884,0.05267571060109848,0.009422396879912923,0.13440152021679008,0.28848610044145906
390.34090909090907,217.61363636363635,1.9221609620131932,0.11514195898247158,0.052298998593244474,0.009081287136893964,0.1357971735493435,0.28601398746362056
401.1363636363636,217.61363636363635,1.917621363442391,0.11233039036552003,0.05198743156416615,0.008744351468890178,0.13699412393971763,0.283542901601423
411.9318181818182,217.61363636363635,1.9114989906158921,0.1097102013082035,0.052128076181094274,0.008551803134460667,0.137908228640448,0.281038648168234
422.7272727272727,217.61363636363635,1.9033723384826964,0.10732117721099692,0.05289869437271762,0.008551849588932682,0.13847084499932802,0.27848448944860904
433.52272727272725,217.61363636363635,1.8929869936430463,0.10520564708231106,0.05419807766465631,0.008679884862042863,0.13862959644881806,0.2758832722604348
444.3181818181818,217.61363636363635,1.8802732918735738,0.10342024781320958,0.055828681197988096,0.008831512472900519,0.13834322183678988,0.27326762522556963
455.1136363636363,217.61363636363635,1.8653534388271984,0.10204729053012232,0.05779394507763912,0.008952464190907386,0.13757554095640362,0.2707087531015363
465.9090909090909,217.61363636363635,1.8485253616370314,0.10119536030702497,0.06050900894216952,0.009083394982088806,0.13629337724216548,0.26831514187570554
476.70454545454544,217.61363636363635,1.8302219987936992,0.10098544513298288,0.06478175907966578,0.009352658958204535,0.13447051357865641,0.26621841811014924
487.5,217.61363636363635,1.8109521080472795,0.10152457116414973,0.07150834418957831,0.009921788704434206,0.1320971469272587,0.2645484075195292
12.5,228.4090909090909,2.5375556066833753,0.12949783296401454,0.07269949275724881,0.011439738746725419,0.19272410120069167,0.3616699142523774
23.295454545454547,228.4090909090909,2.538544256109492,0.12990110594490598,0.06569416029173443,0.010867280464567959,0.19258834581064824,0.36206027794926426
34.09090909090909,228.4090909090909,2.537471166013255,0.130940686891817,0.061366129485246314,0.010649967893077303,0.19185287571001278,0.36268106875500034
44.88636363636363,228.4090909090909,2.535030934941033,0.13252802787633405,0.058548986224625704,0.010535626930529533,0.19064454314343776,0.3635436172764047
55.68181818181818,228.4090909090909,2.5319575875623155,0.13454914864300085,0.056291966357246245,0.010331704309730513,0.18910959522287746,0.3646454693963135
66.47727272727272,228.4090909090909,2.5288883091646004,0.13687969863218633,0.0542037446998564,0.00999134297161384,0.18739016816716167,0.3659665307701605
77.27272727272727,228.4090909090909,2.5262522314376152,0.1393975146011104,0.0524300165164634,0.009630757082887393,0.18560494474303083,0.3674661072245156
88.06818181818181,228.4090909090909,2.5241874254716654,0.14199115435404436,0.0513580552320107,0.009467228716362379,0.18383521887466336,0.3690801026647848
98.86363636363636,228.4090909090909,2.522490994180502,0.14456468503247163,0.051193859763601045,0.00964900114778794,0.1821167217747512,0.3707190921183439
109.6590909090909,228.4090909090909,2.5206131302425248,0.14704149029265232,0.051689164943954216,0.010090506161437278,0.18043671430341585,0.3722703810237456
120.45454545454545,228.4090909090909,2.5177051777324615,0.1493703062491317,0.052264594606573074,0.010525051842813389,0.17873549587535228,0.3736073887668063
131.25,228.4090909090909,2.5127159223977835,0.15153128287997913,0.05238101333447975,0.010702038642108565,0.1769130318644205,0.37460418393209305
142.04545454545453,228.4090909090909,2.5045183142498373,0.15353627091809502,0.051835944601021665,0.010525052962025197,0.17484227118566587,0.3751491761698565
152.8409090909091,228.4090909090909,2.4920508206767797,0.15541969188065444,0.050853102560964314,0.010100320529431234,0.17238964866398146,0.37515370739781523
163.63636363636363,228.4090909090909,2.47446238154051,0.15721940969097398,0.049957699961393216,0.009712257938510077,0.1694419457800079,0.3745539572306453
174.4318181818182,228.4090909090909,2.4512500916289666,0.15895050835758617,0.049656674074322914,0.009672624462071112,0.16593661655669276,0.3733070586312986
185.22727272727272,228.4090909090909,2.422363898575848,0.16058086197967666,0.05007899508736044,0.01005829337162304,0.16188753131805428,0.37138496974419277
196.02272727272725,228.4090909090909,2.3882319201594377,0.16202234229394236,0.05089353721117924,0.010630558291550317,0.15739292589182713,0.36877095226386036
206.8181818181818,228.4090909090909,2.3496958201151923,0.16314221378620772,0.05158886697419185,0.011056432070196161,0.15262171304631475,0.3654607491931351
217.61363636363635,228.4090909090909,2.307900100931355,0.163784963205959,0.0518235123954649,0.011133759671961648,0.14778865309608372,0.3614662347291328
228.4090909090909,228.4090909090909,2.2641695932774737,0.1637958080704351,0.051601595718658015,0.010876878994912926,0.14312726474474796,0.3568189948342184
239.20454545454544,228.4090909090909,2.219888021425067,0.16304494430143363,0.05122897072971363,0.010501645209738165,0.13886240876267936,0.351574544931221
250.0,228.4090909090909,2.1763862519767683,0.16145656769537867,0.05108816329920863,0.010300189757097301,0.13518104960555336,0.34582095359074405
260.7954545454545,228.4090909090909,2.1348495747747807,0.15904089014886594,0.05134630112179305,0.010407404284502444,0.13220325327888788,0.339691609490459
271.59090909090907,228.4090909090909,2.0962512636243456,0.155905126018523,0.05182072763072255,0.010673558219373625,0.12996854983372338,0.3333659169652972
282.3863636363636,228.4090909090909,2.061314818678445,0.15222460777539176,0.052131998956029435,0.010819604753843444,0.1284491752835694,0.32704485475130285
293.1818181818182,228.4090909090909,2.0305024210007865,0.14819984859810967,0.05198605681247708,0.010659423837571552,0.12757450167414144,0.3209193889395675
303.9772727272727,228.4090909090909,2.004022227158142,0.14402479974891344,0.051371031771491014,0.010194086373652161,0.12725078267936138,0.31514880642426835
314.77272727272725,228.4090909090909,1.9818457194282257,0.13986651719781454,0.050584682805116174,0.009600321307096569,0.1273751515012882,0.3098481854188421
325.5681818181818,228.4090909090909,1.9637293797325914,0.1358501251473316,0.05008123622804953,0.009143890956577848,0.1278469136278021,0.30508007128664116
336.3636363636364,228.4090909090909,1.9492400625993265,0.13204739155332662,0.05018279112749111,0.00901037277042417,0.1285770748366667,0.30084909991009284
347.1590909090909,228.4090909090909,1.9377894896549734,0.1284753046261905,0.050841972466280166,0.009156193749309677,0.1294928636432276,0.2971046630095254
357.95454545454544,228.4090909090909,1.928684543398915,0.12511270349114134,0.051684595573733144,0.00936556618411007,0.13053314649646908,0.29375802007623836
368.75,228.4090909090909,1.9211893856709468,0.12192791381790474,0.05228473220073175,0.009435095692675264,0.13163852518257363,0.2907084498459924
379.5454545454545,228.4090909090909,1.914587019899166,0.11890233731126432,0.05242581843779254,0.009285513256260576,0.13274379295967084,0.28786648181871527
390.34090909090907,228.4090909090909,1.9082289000805617,0.11604214374783078,0.052207309871276725,0.008975452055800786,0.13377622814002166,0.28516744353731516
401.1363636363636,228.4090909090909,1.9015629249824961,0.11337623892501571,0.0519768916085306,0.008657340565965222,0.13465978827787134,0.2825730037156284
411.9318181818182,228.4090909090909,1.8941339772043237,0.11094257785490282,0.05211517870270793,0.008485417464885844,0.13532334666841225,0.2800615526193564
422.7272727272727,228.4090909090909,1.8855693555041444,0.10877268695057375,0.05278719275282622,0.008508930155181497,0.1357083910964366,0.2776157081075851
433.52272727272725,228.4090909090909,1.8755869430027903,0.1068919532678042,0.05387461102218185,0.008649025339833282,0.1357697204549967,0.2752233896027289
444.3181818181818,228.4090909090909,1.8640352904857016,0.10533757644366351,0.05517657033184052,0.008786862546798332,0.13546898349990244,0.27289477735171275
455.1136363636363,228.4090909090909,1.850927244220923,0.10417550592230021,0.05672060863724699,0.00886389432329893,0.13476813683192668,0.2706778670974863
465.9090909090909,228.4090909090909,1.8364423452305363,0.10350378556885878,0.05898364930704927,0.008930071712885542,0.13362770157530765,0.2686610902167795
476.70454545454544,228.4090909090909,1.820896713016772,0.10343987834355503,0.06287664478316501,0.009139087258699791,0.1320111323080175,0.26696114613238475
487.5,228.4090909090909,1.8046859263613073,0.10409301909095446,0.06940552192734943,0.009687068537368247,0.1298952587274584,0.26569737480003275
12.5,239.20454545454544,2.5217574027325442,0.12893770212847916,0.07155445597922418,0.011112721980200376,0.1913771858448523,0.3595922394910803
23.295454545454547,239.20454545454544,2.5229535693945624,0.12919985871534867,0.0645897256748093,0.01052875964519336,0.1913478496429726,0.35990491872453095
34.09090909090909,239.20454545454544,2.5222531419609155,0.13007397772833684,0.06035268287188706,0.010319271897088015,0.19075092637364968,0.36044839096587467
44.88636363636363,239.20454545454544,2.5203766670648124,0.1314758713033465,0.057613640466065874,0.010204204637740627,0.18971342479657227,0.36123983157586664
55.68181818181818,239.20454545454544,2.518069658083862,0.1333002398427402,0.05537446507077426,0.00997233934654799,0.18837762745588993,0.3622841468528173
66.47727272727272,239.20454545454544,2.515966691413252,0.13543530078122112,0.053231962120670315,0.009571517854074608,0.18687788234006236,0.36356985071254744
77.27272727272727,239.20454545454544,2.5144876401673124,0.13777431430355264,0.05135925811436658,0.009129861651364436,0.18532266977538153,0.3650661682949308
88.06818181818181,239.20454545454544,2.513762884551651,0.1402221432786954,0.05020613475239497,0.008901883384490859,0.18378272126007944,0.366719713037017
98.86363636363636,239.20454545454544,2.5135883603151723,0.14269664338901009,0.050037850184951944,0.009076926018266618,0.18228540385342473,0.3684506846562472
109.6590909090909,239.20454545454544,2.513418665107432,0.14512877127972593,0.0505998709492788,0.009558503105804887,0.18081392175057812,0.3701522118195622
120.45454545454545,239.20454545454544,2.5124124797431584,0.14746853085902673,0.05125802761826826,0.010033085752338092,0.1793085977051724,0.37169939124408163
131.25,239.20454545454544,2.5095236412979753,0.14969377993773703,0.051428987880669075,0.010217655520986569,0.17767130456082889,0.37296520857070403
142.04545454545453,239.20454545454544,2.50361889737991,0.15181303657494466,0.050897207592313656,0.010004112879190964,0.17577632259322382,0.3738350569283888
152.8409090909091,239.20454545454544,2.493610977377713,0.1538581855877987,0.04990601407796397,0.009506134872578129,0.17348886284811826,0.3742157450192744
163.63636363636363,239.20454545454544,2.4785993913452207,0.15586636263565304,0.049031097895927814,0.009049199949773622,0.17069088043910743,0.3740376759812909
174.4318181818182,239.20454545454544,2.458013148395765,0.15785283827125093,0.04883627663890214,0.009016328624148626,0.16731247051100234,0.3732508672690665
185.22727272727272,239.20454545454544,2.431735603487333,0.15978223528526167,0.04945133087149883,0.009502813220865474,0.16336235786383,0.37181788977211794
196.02272727272725,239.20454545454544,2.400136949410397,0.1615568493813468,0.050477589668770806,0.010203413172101276,0.15893833503740443,0.3697090687869417
206.8181818181818,239.20454545454544,2.3639916249717463,0.16302941084858688,0.05133368169459008,0.010722179364495637,0.1542108445332598,0.3669027154065403
217.61363636363635,239.20454545454544,2.324360560135459,0.16402474757797045,0.051640286036902815,0.010830460076695567,0.14939749872835234,0.36338790849728086
228.4090909090909,239.20454545454544,2.2824733253651024,0.16436228338906647,0.051395263664075465,0.010541469586494557,0.14473709041720573,0.3591678570688284
239.20454545454544,239.20454545454544,2.2396161850356133,0.16388088128243145,0.0509272579431241,0.010097575261248172,0.14046283050701816,0.3542655490403928
250.0,239.20454545454544,2.197031879462497,0.16247299371430005,0.050665597765163724,0.009849343477985469,0.1367712723721227,0.34873722881891156
260.7954545454545,239.20454545454544,2.15583808600969,0.16013296932744112,0.05081531544761759,0.009973227027081201,0.13378476473158463,0.3426978722344957
271.59090909090907,239.20454545454544,2.1169683530730574,0.15698262753532907,0.051187410709490025,0.010288008615694687,0.13152988119566694,0.33633298127006006
282.3863636363636,239.20454545454544,2.0811353538871296,0.15322781084518952,0.05137839621942231,0.010462102466410569,0.12995947276626527,0.3298639537359515
293.1818181818182,239.20454545454544,2.0488171115394547,0.14910047530387968,0.05108555400415038,0.010285380132343539,0.1289858078089244,0.32350567312286077
303.9772727272727,239.20454545454544,2.0202621002837393,0.14482277143048047,0.05031419077293079,0.009762384013843332,0.1285025799914415,0.31744165570956584
314.77272727272725,239.20454545454544,1.9955058322140546,0.14058575747374985,0.04940784341841191,0.009097072309266626,0.12839939463302266,0.3118107657444598
325.5681818181818,239.20454545454544,1.974392994861164,0.1365336484762107,0.04888678720953076,0.008607949353931246,0.12857353777234143,0.3066984354850033
336.3636363636364,239.20454545454544,1.9566022459501768,0.13274978314879912,0.04911842777438598,0.008527125594637669,0.12894100152905394,0.3021293826252928
347.1590909090909,239.20454545454544,1.9416772678415068,0.12925122818700757,0.050024649150848935,0.008790445816243138,0.12944301411803452,0.2980671009786306
357.95454545454544,239.20454545454544,1.929074420604741,0.12600879377741855,0.051149627463012166,0.009123295764495179,0.1300391512000558,0.2944330845124686
368.75,239.20454545454544,1.9182209029137711,0.12298141963592625,0.051998567592114804,0.009286797364915193,0.13069297803385552,0.291137330306652
379.5454545454545,239.20454545454544,1.908567774890601,0.1201429239541824,0.05231714329749102,0.009193183384151439,0.13136170856750554,0.2881028949276402
390.34090909090907,239.20454545454544,1.8996283754307555,0.11749496677118837,0.052190409161140025,0.008907173043353853,0.13199254798253726,0.28527914928153586
401.1363636363636,239.20454545454544,1.8909934809360427,0.1150652377400263,0.05196850280649212,0.00859804138564042,0.1325253892451024,0.2826421108845778
411.9318181818182,239.20454545454544,1.8823145050659889,0.1128911756577271,0.05204522138461923,0.008442062406409916,0.1329007538680884,0.28018114475428435
422.7272727272727,239.20454545454544,1.8732627144839653,0.11099650081481016,0.052586651951753015,0.008493359477452432,0.13306947468583907,0.2778780297545652
433.52272727272725,239.20454545454544,1.8635309710693138,0.10938934599640146,0.05345642987982003,0.008653794543690913,0.13299399820222874,0.27570582260541976
444.3181818181818,239.20454545454544,1.8528992007986376,0.10808846375926119,0.05444478694420189,0.008784902262163706,0.13263969220139638,0.2736543561023014
455.1136363636363,239.20454545454544,1.841288427465933,0.10714490870131774,0.05559704054044331,0.008820872498143438,0.1319676402449854,0.27175132079447334
465.9090909090909,239.20454545454544,1.8287758979915933,0.10664725414311932,0.057446371980258405,0.008819981611871388,0.13093313424613198,0.2700675633600606
476.70454545454544,239.20454545454544,1.8155744597797803,0.10671058523946544,0.06100474458528103,0.008964114079312446,0.12949005690825371,0.2687071092083682
487.5,239.20454545454544,1.8019802605039188,0.10744895140711172,0.06738899445206481,0.009492075203387343,0.12760177680616533,0.26778211837273047
12.5,250.0,2.5006889619430295,0.12815823516536007,0.07034980571526808,0.010864155267077614,0.18960035187724905,0.35679849522608487
23.295454545454547,250.0,2.502183674182306,0.12826086862136607,0.06347459438170054,0.010274854386556507,0.18969812411241468,0.35703016539818394
34.09090909090909,250.0,2.5020669337747186,0.1289602420515039,0.059369861510718096,0.010070501947999076,0.18926775805798327,0.3575122177995441
44.88636363636363,250.0,2.5010518912745296,0.1301752154975809,0.05675109544906528,0.009955522036229084,0.18843365379318666,0.35826319547770735
55.68181818181818,250.0,2.4998611935584982,0.1318066458718458,0.0545816038439129,0.009709711168031748,0.18733198075264879,0.35928992354403577
66.47727272727272,250.0,2.49909890216645,0.13375205111800323,0.052448253620836355,0.009278550364200229,0.18608828085681417,0.36058424350154045
77.27272727272727,250.0,2.4991550948855847,0.13591642419650646,0.05054193357843189,0.008795250648300446,0.18480085145257868,0.36212050435624943
88.06818181818181,250.0,2.5001378403744114,0.1382172323477278,0.04935409070726534,0.008532491989835762,0.183530516813928,0.36385185627008376
98.86363636363636,250.0,2.501831661417863,0.140583447395942,0.049195188497062795,0.008703773732423472,0.18229678623220055,0.3657051435636807
109.6590909090909,250.0,2.503688534535075,0.1429528372236843,0.049813862918051476,0.009206926875278866,0.1810785145583029,0.36757803165456115
120.45454545454545,250.0,2.5048701652656886,0.14527746817855114,0.050547498133616,0.00970452342986366,0.17981511401748812,0.3693473974367491
131.25,250.0,2.504333971218261,0.1475337910789813,0.050789188983173056,0.009899928191637309,0.17840967939095057,0.3708856128945048
142.04545454545453,250.0,2.500943269964132,0.14972681276121463,0.05031485343106772,0.009680153967429562,0.1767382241198079,0.37207522350118144
152.8409090909091,250.0,2.4935937363737812,0.151884233673712,0.04937533156500189,0.009160275848620045,0.17466664441926424,0.3728182641059664
163.63636363636363,250.0,2.4813499968765114,0.15403951511415565,0.04856868759121486,0.008682037820695477,0.17207537797173544,0.37303882675994965
174.4318181818182,250.0,2.4635878016112724,0.15620518352271573,0.04848564307862644,0.008664273872665475,0.16889049061208447,0.372679319576245
185.22727272727272,250.0,2.440129905570734,0.15834199645937044,0.0492527253892421,0.009212156165225477,0.16511656638692282,0.37169313002323656
196.02272727272725,250.0,2.4112846370004877,0.16034557732379232,0.050430580402275285,0.009984428442908042,0.16084879995709686,0.3700392806791785
206.8181818181818,250.0,2.377752165944282,0.16206045897004862,0.05140142596438492,0.010557584812949203,0.15625462697956158,0.3676823812326582
217.61363636363635,250.0,2.3405075269945703,0.1633013633312989,0.051765430353516446,0.010692398777484744,0.15154855590563507,0.36459522216237167
228.4090909090909,250.0,2.3006884499651132,0.1638752342899358,0.051512991586876555,0.010399244852866656,0.14696706142697985,0.3607624127657333
239.20454545454544,250.0,2.25949123896094,0.16360634994622825,0.050978619785897385,0.009927073934247488,0.142742494413526,0.3561870531326286
250.0,250.0,2.2180793984548663,0.1623717467904019,0.05061431615091544,0.009650640669172695,0.13907218640511798,0.3509060538162416
260.7954545454545,250.0,2.177510392454815,0.16015654851359218,0.0506532138366457,0.00977135926010817,0.13607758944358683,0.34502145888810115
271.59090909090907,250.0,2.138682439470075,0.15709100133236925,0.05091386931075949,0.010096830280932714,0.13377648065286055,0.3387209676434312
282.3863636363636,250.0,2.1022989993169516,0.15339665100381716,0.050994060224170044,0.010275474027037901,0.13211134618173137,0.3322360998557728
293.1818181818182,250.0,2.068853989961024,0.1493224816963065,0.05059821766419053,0.010089114606126565,0.13098597047110289,0.3257954703651148
303.9772727272727,250.0,2.0386353559133212,0.14510773361533028,0.049748160739513325,0.009544356734000052,0.13028803596208963,0.3195988798164562
314.77272727272725,250.0,2.0117406708052,0.14095920333519735,0.04881424162924362,0.008856931718123032,0.12990434904477297,0.3138029261059079
325.5681818181818,250.0,1.988099057415576,0.1370339980383508,0.04834747936458478,0.008370031006032496,0.1297334792615572,0.30851114437310917
336.3636363636364,250.0,1.9674952262217362,0.13342359062496462,0.04872854072171828,0.008339527391703508,0.12969784662846867,0.3037652922564879
347.1590909090909,250.0,1.949596710960291,0.13014480903469725,0.049843899720512834,0.008685950607563097,0.12975200543727058,0.29954187815995365
357.95454545454544,250.0,1.9339976603221853,0.12716178097203945,0.05117972664570776,0.009102034103552623,0.12987419169578704,0.29577233828015115
368.75,250.0,1.9202711683267195,0.12442432009011799,0.05219971661346759,0.009332329752127545,0.13004895419551188,0.292375747160994
379.5454545454545,250.0,1.908012993040788,0.12189659950757277,0.05262724136437646,0.009284604892301061,0.1302546731156876,0.28928374441887555
390.34090909090907,250.0,1.896869679843878,0.11957169133086158,0.05253585052317141,0.00902458708371455,0.1304578649187568,0.28645380822902977
401.1363636363636,250.0,1.886543908862441,0.11747086339509764,0.052271577571546025,0.008727821341916984,0.13061417182135052,0.28386932730864917
411.9318181818182,250.0,1.8767687132002007,0.11562714085296293,0.0522343598305858,0.00858232251011092,0.13067544089974545,0.28152523409801467
422.7272727272727,250.0,1.867251503101478,0.1140567851602284,0.052597771010912814,0.008646852542747828,0.13060080963895962,0.2794018811465493
433.52272727272725,250.0,1.857670798523214,0.11275478972684538,0.05322694915566437,0.008813298943199205,0.13035904989077576,0.2774615085949867
444.3181818181818,250.0,1.8477586219137696,0.11172646283874461,0.05392124682536658,0.008932508808900463,0.12991846451465713,0.2756793446131367
455.1136363636363,250.0,1.8373642041787888,0.11101078107968108,0.05474771474079456,0.00893364041001093,0.12923971277386706,0.2740668982003682
465.9090909090909,250.0,1.8264776075957203,0.11068681350565354,0.05628348144812593,0.008880084098713789,0.12827448585225304,0.2726790158261979
476.70454545454544,250.0,1.81521772344256,0.1108643962999577,0.05961306296747196,0.008974461010344567,0.1269698020045366,0.2716060105238363
487.5,250.0,1.8037874941057968,0.11165797934107546,0.06592798815874859,0.009489128948966958,0.12527886922713255,0.2709504041996782
12.5,260.7954545454545,2.474574153062976,0.12722289934962958,0.06929832558768832,0.01078456564495378,0.1873795015755816,0.3533573845830041
23.295454545454547,260.7954545454545,2.4764103057650955,0.12715411602109952,0.06256343106668877,0.010195327943214302,0.18761605575308915,0.3535042024684292
34.09090909090909,260.7954545454545,2.4770372822675544,0.12767557589167733,0.05861984839274088,0.009985940331830355,0.1873711745003689,0.353939629602283
44.88636363636363,260.7954545454545,2.4771175067669007,0.12870772383439374,0.05615620695872159,0.009869857223143628,0.18676291123205815,0.3546779299743098
55.68181818181818,260.7954545454545,2.477314607192665,0.13015456394296937,0.05411817831657206,0.009633731845848877,0.1859192723637466,0.3557218715612405
66.47727272727272,260.7954545454545,2.478175125182881,0.13191908359441418,0.052088416410519554,0.009226192257561699,0.1849564086053541,0.35706104020243157
77.27272727272727,260.7954545454545,2.480040671361842,0.13391384477188195,0.05025986972818616,0.008776359147996932,0.1839629350181911,0.3586699773371907
88.06818181818181,260.7954545454545,2.4829843023301708,0.13606475802731896,0.0491242540335943,0.008539758957298365,0.18299090335595727,0.36050407594313233
98.86363636363636,260.7954545454545,2.486770358781774,0.13830863494880022,0.04899199934189037,0.008707823459424478,0.1820529896451535,0.3624935750099069
109.6590909090909,260.7954545454545,2.4908454416679056,0.14058984125126636,0.0496335215677294,0.009187105841153833,0.1811235337244204,0.3645402326247252
120.45454545454545,260.7954545454545,2.494375441072363,0.14286442106724892,0.05041416182980458,0.009668511378865523,0.1801400161538369,0.36652418352497634
131.25,260.7954545454545,2.4963240907568855,0.14510914049611376,0.05073905853466615,0.009873631093510676,0.17900601563030893,0.368318694933288
142.04545454545453,260.7954545454545,2.4955573022900484,0.147326070096956,0.050383154722644354,0.009695884444139791,0.1775995764079298,0.3698045124021596
152.8409090909091,260.7954545454545,2.490965136955226,0.14953762789304983,0.04958588236193357,0.009245844922427063,0.17578915389401992,0.3708793384010622
163.63636363636363,260.7954545454545,2.4815958806624,0.15177056130408167,0.04892081986121629,0.008841991892479004,0.17345745855542552,0.3714607786878483
174.4318181818182,260.7954545454545,2.4667966650382205,0.1540302456504503,0.04894400273405119,0.0088588028086288,0.17053178336858926,0.37148313900399615
185.22727272727272,260.7954545454545,2.446339588120146,0.15627238105429928,0.04976885106817639,0.00938728476269027,0.16701434246632563,0.37089083885586777
196.02272727272725,260.7954545454545,2.420457225676016,0.15839074402072992,0.050978061707488025,0.010126464562257746,0.1629933707017272,0.36963353151337325
206.8181818181818,260.7954545454545,2.3897641840651804,0.16022882855115816,0.05197446281248351,0.010686371683259461,0.15862781668809103,0.3676659843106867
217.61363636363635,260.7954545454545,2.355145649859297,0.1616007683318938,0.0523635500847029,0.01083808705114306,0.15412297650737464,0.3649510079169477
228.4090909090909,260.7954545454545,2.317649457601375,0.16231404511948289,0.05212652013713781,0.010586475942115231,0.1497054344920557,0.3614640229932182
239.20454545454544,260.7954545454545,2.278387809755795,0.16219562025438422,0.05157848228740106,0.010159438453716883,0.14559698580523597,0.3572010745386287
250.0,260.7954545454545,2.238452592020037,0.16112821297590946,0.051149911256041555,0.009895165031055591,0.14198394254154753,0.3521954675046313
260.7954545454545,260.7954545454545,2.198847909991999,0.15910110671888805,0.05107105396194129,0.009975005155417816,0.13897959116290767,0.346546507278909
271.59090909090907,260.7954545454545,2.16044040728171,0.15623809936469688,0.0511959105647296,0.010239477006608733,0.13660220126323214,0.34043397298217476
282.3863636363636,260.7954545454545,2.123925866504967,0.152755406874355,0.05116511326972251,0.010375359538263578,0.1347966268298878,0.3340847988535883
293.1818181818182,260.7954545454545,2.08981410780992,0.1489029963256237,0.05071318477259572,0.010180367702076495,0.1334677576383191,0.3277299873935868
303.9772727272727,260.7954545454545,2.0584310071337675,0.14492583367207149,0.049877784774926784,0.00966188422207786,0.13250389209403304,0.3215774251525004
314.77272727272725,260.7954545454545,2.0299326924686563,0.14103837886720377,0.04902892113035584,0.009026282773889678,0.13179348985442405,0.31579536111224515
325.5681818181818,260.7954545454545,2.004326522640138,0.13740419105103807,0.04869404177057485,0.008593731165768531,0.13123959268761887,0.31050022000852207
336.3636363636364,260.7954545454545,1.9814943243596046,0.13411797125733518,0.049210833067343765,0.008591854029476126,0.13077302907248692,0.30574637943897226
347.1590909090909,260.7954545454545,1.9612187028491705,0.1311979589292168,0.050439790941818996,0.00894541220609823,0.13035975861861834,0.30152359460479744
357.95454545454544,260.7954545454545,1.9432206244321386,0.12860605516651452,0.05186312431797177,0.009370323883617002,0.12999284707626055,0.29777522656607386
368.75,260.7954545454545,1.9272020667568714,0.12628457234400736,0.052944004914544075,0.009621339775339027,0.1296750449949166,0.29442876528668
379.5454545454545,260.7954545454545,1.9128799713527613,0.12418663014980194,0.05340176449075858,0.009604380902899915,0.12940423740099263,0.29142093467373786
390.34090909090907,260.7954545454545,1.9000047610096782,0.12229274962208354,0.05329899409439829,0.009378047201140693,0.1291654984314839,0.28871139616840175
401.1363636363636,260.7954545454545,1.888357395055835,0.12061154891741202,0.05296394675856026,0.00910795760091631,0.12893036209691927,0.2862829272239183
411.9318181818182,260.7954545454545,1.8777185863468275,0.11916398487260833,0.05277948552590357,0.008971255641194071,0.12866296268209051,0.28412700289020765
422.7272727272727,260.7954545454545,1.8678201168621327,0.11795810234033108,0.05292609165622528,0.009026254783634636,0.12832994210078452,0.28222076057848844
433.52272727272725,260.7954545454545,1.858345824740692,0.11698479509157499,0.05330555457654529,0.009175991437805031,0.1279030882095354,0.2805241079521833
444.3181818181818,260.7954545454545,1.8490032262817149,0.11624333072773045,0.053754810594284566,0.009276874286518706,0.1273517051645616,0.279005393663656
455.1136363636363,260.7954545454545,1.839589281804264,0.11576400580600846,0.054370580037254035,0.009258005495129618,0.12663607537988977,0.2776644257033349
465.9090909090909,260.7954545454545,1.8300207162996587,0.11561565406249827,0.05575691252637232,0.009184264994809935,0.12570620016873804,0.2765410074393667
476.70454545454544,260.7954545454545,1.8203297591839773,0.11589768624100195,0.05902362796655522,0.009265370138950717,0.12450610319040384,0.27570885604447165
487.5,260.7954545454545,1.8106273090027714,0.11671498276486258,0.06537035617813801,0.009782563668072392,0.12298491343050351,0.27525392988580333
12.5,271.59090909090907,2.4442574104020798,0.12622308784789674,0.06833925719388322,0.01080073058336801,0.18474990523847773,0.34942341146064837
23.295454545454547,271.59090909090907,2.4464139103949276,0.12597609241310648,0.06178140620861776,0.01021724383118543,0.1851270569152219,0.3494783272852892
34.09090909090909,271.59090909090907,2.447852260992494,0.1263202728064551,0.05802207448843245,0.010000747418619074,0.18507448333223728,0.34987477925786653
44.88636363636363,271.59090909090907,2.4491517049342915,0.1271751305642567,0.055739430109793306,0.009886736655721911,0.18470194735793324,0.3506175101233981
55.68181818181818,271.59090909090907,2.450884596577857,0.12844424867624937,0.05387646404185987,0.009678072180492022,0.18412799141214709,0.3516992744810459
66.47727272727272,271.59090909090907,2.4535157423100533,0.13003231026226697,0.05201606971133154,0.009328850647994498,0.18345905250902486,0.35310215677898155
77.27272727272727,271.59090909090907,2.457322808309558,0.131855976180661,0.05034260281921793,0.008956552861302477,0.18277448967059054,0.3547967899028715
88.06818181818181,271.59090909090907,2.4623352814120874,0.13384671786083924,0.049322193209721664,0.008778950954949988,0.18211839372045263,0.35673786074723157
98.86363636363636,271.59090909090907,2.4682939980932597,0.1359474821058148,0.04924412380784334,0.008946732663591745,0.18149727241923358,0.3588574441765383
109.6590909090909,271.59090909090907,2.4746408571284233,0.13810915263884402,0.04990700435713884,0.009381013747941301,0.18088106997492132,0.3610614061889855
120.45454545454545,271.59090909090907,2.4805496905179996,0.1402929726033975,0.05073230014586177,0.00982582083831614,0.18020500544288348,0.36323440276496266
131.25,271.59090909090907,2.484996722188739,0.14247748640062988,0.05115962369728081,0.010040671463453943,0.1793729243415913,0.36525228796155135
142.04545454545453,271.59090909090907,2.4868595830968596,0.14466266398422703,0.050966518874159074,0.009932307263646148,0.17826537370285966,0.36699556961146296
152.8409090909091,271.59090909090907,2.48503590670825,0.14686536639201617,0.0503649902898855,0.009600318048007171,0.17675493576435825,0.36835882724513574
163.63636363636363,271.59090909090907,2.47857484326458,0.14910410768526974,0.049870968237396375,0.009314188169131486,0.1747293331816188,0.3692539373827876
174.4318181818182,271.59090909090907,2.4668111189409423,0.15137534246156362,0.04997412738751168,0.00936851195288003,0.17211986937664212,0.3696075780339207
185.22727272727272,271.59090909090907,2.449472918346215,0.15362974338485758,0.050775737231204154,0.00983265896441307,0.1689270884696623,0.36935593975622494
196.02272727272725,271.59090909090907,2.4267132950714463,0.15576220626593748,0.051915445739842,0.010475839934738305,0.16523009166330072,0.3684410024407484
206.8181818181818,271.59090909090907,2.399053357856308,0.15762105607091104,0.052856152173260576,0.010975736764444296,0.1611749882442937,0.36681099668132533
217.61363636363635,271.59090909090907,2.367283712897077,0.15902839801969784,0.05322943681297245,0.01112950480059925,0.1569522429366216,0.3644243016328541
228.4090909090909,271.59090909090907,2.3323618513652447,0.1598041260739383,0.05300845863761896,0.01093616921414535,0.15277140601665412,0.3612554971448662
239.20454545454544,271.59090909090907,2.295318759897987,0.15979293609047795,0.052473810167356805,0.010586791224402814,0.14883502960794628,0.35730452202967444
250.0,271.59090909090907,2.257179374986912,0.15889783543222652,0.05200989534509752,0.010354900041623523,0.1453101753667019,0.35261189914697794
260.7954545454545,271.59090909090907,2.2188990542618874,0.15711740381814,0.05182909179195332,0.010384864764704254,0.14229938538219639,0.3472783176551553
271.59090909090907,271.59090909090907,2.181316207865698,0.15456156510304933,0.05182663444094691,0.010561492627451832,0.13982621492780298,0.3414707419843445
282.3863636363636,271.59090909090907,2.1451206026361365,0.15142527576344286,0.05170528767882492,0.010636586528700089,0.13784758212579912,0.33540043490241356
293.1818181818182,271.59090909090907,2.110838010954139,0.14794435874890532,0.05124245763873968,0.010439350778947549,0.13627852720216097,0.32929009660957875
303.9772727272727,271.59090909090907,2.0788303621377606,0.14435853399276108,0.05048889343527894,0.009978002637965116,0.13501432125265478,0.32334774226931146
314.77272727272725,271.59090909090907,2.049307982139829,0.14088279509185125,0.04979293720324152,0.009435554514265004,0.13394887415283946,0.31774776728490395
325.5681818181818,271.59090909090907,2.022349384385072,0.13768271479677469,0.04962279244155631,0.009082376236915483,0.13299159842791108,0.3126155941512087
336.3636363636364,271.59090909090907,1.9979244779972662,0.13485442295301808,0.05024770141835021,0.00909782890244106,0.13208184467097375,0.30801598664031943
347.1590909090909,271.59090909090907,1.975920408019665,0.1324182525555301,0.05150952122363397,0.009419008783599168,0.13119544917686635,0.3039513079339329
357.95454545454544,271.59090909090907,1.9561718613773271,0.1303357067655955,0.052917880030910115,0.009809815904905886,0.1303378205255029,0.3003767427621287
368.75,271.59090909090907,1.9384917754066666,0.12854220131040256,0.0539635377434058,0.010051321412659473,0.12952764178272,0.297226716082088
379.5454545454545,271.59090909090907,1.9226943948599347,0.12697811502338338,0.054375912729279524,0.01005097262877476,0.12878076927276308,0.29443930109049066
390.34090909090907,271.59090909090907,1.9086049788416612,0.12560756839921217,0.05421018971114052,0.009856785151052174,0.1281000439321771,0.291970529506612
401.1363636363636,271.59090909090907,1.896051500108989,0.12442112912488293,0.053773736592362203,0.009616728772293144,0.12747279093698488,0.2897954208967725
411.9318181818182,271.59090909090907,1.8848368609127872,0.12342323930748782,0.053429062077192634,0.009488743853558598,0.1268753755904495,0.28789613583800294
422.7272727272727,271.59090909090907,1.874708008844268,0.12261408413311863,0.0533698799698071,0.009529528444351204,0.12628075098421276,0.28624586901992494
433.52272727272725,271.59090909090907,1.8653624351726992,0.12198578773418328,0.05355105678761038,0.00966070488106496,0.1256614230330666,0.28480685132165323
444.3181818181818,271.59090909090907,1.85650102034157,0.12153807144113618,0.05386341792932745,0.009753067041644322,0.1249857183928825,0.2835470458404431
455.1136363636363,271.59090909090907,1.8478857475310713,0.12129594381453694,0.054436042084891244,0.009739129043735075,0.12421335638681902,0.28245879863536283
465.9090909090909,271.59090909090907,1.8393728650083403,0.12131684729974251,0.05587957308160222,0.00968232836140759,0.1232947082022857,0.28156742161222914
476.70454545454544,271.59090909090907,1.8309156145914323,0.12168398934381708,0.05927833556952648,0.00978758011517163,0.12217507259068795,0.2809267678470602
487.5,271.59090909090907,1.822538113547587,0.1224846579971392,0.06577607810918226,0.010325293037367907,0.1208048541290988,0.2806011198892732
12.5,282.3863636363636,2.41107694138067,0.1252785068992429,0.0672519429583935,0.010759396952501282,0.1817824733474743,0.3452236578179149
23.295454545454547,282.3863636363636,2.4134733397437054,0.1248495568862347,0.060875698070910665,0.010184178346445008,0.1822938955822281,0.34517546212665806
34.09090909090909,282.3863636363636,2.4156839637085565,0.12501789934674815,0.05731454380594822,0.009969978483782935,0.182428606125176,0.34552979606570144
44.88636363636363,282.3863636363636,2.418190281566247,0.1256982196371898,0.05522593886444602,0.009866743998276022,0.18228883832095916,0.346277589558639
55.68181818181818,282.3863636363636,2.421452908940399,0.1267896621533913,0.05354553215051277,0.00968899458740749,0.1819838929907527,0.3473965649155848
66.47727272727272,282.3863636363636,2.4258382218135295,0.1281955179466373,0.05185690057529474,0.009393989680530469,0.1816105615818217,0.3488573448935939
77.27272727272727,282.3863636363636,2.4315506717718884,0.12983474719679156,0.05034052160959725,0.00908803220222052,0.18123903571113278,0.3506243947203251
88.06818181818181,282.3863636363636,2.438573929086749,0.13164382524826543,0.04944725371575148,0.008959213086256607,0.18090553894693032,0.3526510622560545
98.86363636363636,282.3863636363636,2.446627880174211,0.13357208966096587,0.04945612368708472,0.009130603783877731,0.18061052995249757,0.3548717107944613
109.6590909090909,282.3863636363636,2.455153929970462,0.13557709579130364,0.050186559810597935,0.00953433117359686,0.1803199134579989,0.3571968708200041
120.45454545454545,282.3863636363636,2.463339455036485,0.1376254065082988,0.051099234628541046,0.009954194890495234,0.17996717125125564,0.35951640128025897
131.25,282.3863636363636,2.470181395215848,0.13969791007012652,0.051658076931382704,0.010181611484145262,0.1794569532940527,0.3617100185247061
142.04545454545453,282.3863636363636,2.4745799017672603,0.14179336813988974,0.05163751086854102,0.010134429515245425,0.178672925862968,0.3636597732674917
152.8409090909091,282.3863636363636,2.4754524257147787,0.143924106082008,0.05121851366726299,0.009899530851970312,0.17749249116151158,0.3652591476623874
163.63636363636363,282.3863636363636,2.4718597240178233,0.14610162590227718,0.050862015693692426,0.009702620958670721,0.17580879767034377,0.3664162959679604
174.4318181818182,282.3863636363636,2.4631296364611637,0.14831513814005745,0.05100489830490921,0.009778556823281432,0.17355674477477984,0.3670520413942075
185.22727272727272,282.3863636363636,2.4489505403210785,0.15051162086867656,0.05174547418219842,0.010182311258337249,0.17073484714688483,0.36709572500382753
196.02272727272725,282.3863636363636,2.429400878282766,0.15258815556026264,0.05277648083277971,0.01073382549558673,0.16741295787555063,0.3664829300375504
206.8181818181818,282.3863636363636,2.4049080321831755,0.15440090180984084,0.053620476561386216,0.01116747194287904,0.16372252755077452,0.36515744962723723
217.61363636363635,282.3863636363636,2.376164889633995,0.15578573395176615,0.053939406949376725,0.011307080989279739,0.15983539090614218,0.36307699643670327
228.4090909090909,282.3863636363636,2.344036047699901,0.15658332228096683,0.05370401477645463,0.011149060840678841,0.15593879431656815,0.3602209516901457
239.20454545454544,282.3863636363636,2.3094705920719165,0.1566650521964089,0.05316759565915466,0.010854611666114887,0.15221062249150782,0.3565994065683974
250.0,282.3863636363636,2.2734274997468082,0.1559590709931223,0.05267836380149616,0.010649014077657797,0.14879589259952586,0.35226363756974866
260.7954545454545,282.3863636363636,2.236815398167646,0.15447269836275854,0.05243434975797341,0.010650596687640618,0.1457869495875664,0.34731553907706114
271.59090909090907,282.3863636363636,2.2004469537841573,0.15230003853496504,0.05235745123573067,0.010772142000590419,0.1432140621063715,0.3419081502556522
282.3863636363636,282.3863636363636,2.165007879375758,0.14960767392955326,0.05219576780610647,0.010812763496819916,0.14105067283650347,0.3362322409931193
293.1818181818182,282.3863636363636,2.1310406012910703,0.14660694163391713,0.05175972146858908,0.010627936857566129,0.13922822728273143,0.33049497195672134
303.9772727272727,282.3863636363636,2.098941854974891,0.1435237995194694,0.0511072485868182,0.01022646797673561,0.13765392558045256,0.3248983330511318
314.77272727272725,282.3863636363636,2.0689722639142856,0.14056906609835337,0.050561996896089374,0.009770295729362192,0.13622952653691225,0.31961912170104
325.5681818181818,282.3863636363636,2.0412749005095936,0.13790927745071513,0.050536981735051834,0.009489998325043948,0.1348707390001352,0.31479031350572606
336.3636363636364,282.3863636363636,2.015898879215231,0.1356428384010676,0.0512441152016499,0.009530830200147894,0.13352398509137198,0.31048671175471987
347.1590909090909,282.3863636363636,1.992823961633412,0.1337914792330651,0.05250775318737058,0.009836836319501484,0.13217412469623308,0.30672152615505965
357.95454545454544,282.3863636363636,1.9719831663011538,0.13231410192902845,0.0538589085562677,0.010204596054885226,0.13083858777611615,0.3034585692611742
368.75,282.3863636363636,1.9532809921173564,0.1311369082925711,0.05481527502479065,0.01043587776342159,0.12955130985797914,0.30063549779747395
379.5454545454545,282.3863636363636,1.9366050592912598,0.13018482228415193,0.055121147584155004,0.01044064674602623,0.12834519343953368,0.29818726835593096
390.34090909090907,282.3863636363636,1.921828789184549,0.1294023459701744,0.05483464282554895,0.010260584289351006,0.12723992990892108,0.2960611684604708
401.1363636363636,282.3863636363636,1.9088027443436868,0.12875924766182364,0.05426009495797614,0.010034495944242995,0.12623767854858728,0.2942199164459201
411.9318181818182,282.3863636363636,1.8973364666024528,0.12824305318094464,0.05376359440942418,0.009913210141255062,0.12532562044177656,0.2926344192994837
422.7272727272727,282.3863636363636,1.8871841756228236,0.1278471485267284,0.05356682579545336,0.009956506702285844,0.12448154589396429,0.2912738385510148
433.52272727272725,282.3863636363636,1.8780549906969959,0.1275665489139769,0.05367477873384231,0.01009741522600131,0.12367747088234438,0.29010368691376154
444.3181818181818,282.3863636363636,1.8696508888908674,0.1274048837014859,0.05402361867136487,0.01021372841485512,0.12287950338876287,0.2890948073134573
455.1136363636363,282.3863636363636,1.86171145016119,0.12738449858182382,0.05476238511781601,0.010237427770149804,0.12204656932541415,0.28823527836016616
465.9090909090909,282.3863636363636,1.854044631900774,0.12755089225586827,0.056484778870868245,0.010228044327873848,0.12113103702213313,0.28753682702190725
476.70454545454544,282.3863636363636,1.8465354705434482,0.1279677083011756,0.060210581499114776,0.010382964253692286,0.12008263628811931,0.28703221396414746
487.5,282.3863636363636,1.8391335321008284,0.1287021403574195,0.06698910052524897,0.010959827558162931,0.11885584431686146,0.28676357872828323
12.5,293.1818181818182,2.376664919601739,0.12453893303410223,0.06587872417254034,0.010552678442950674,0.17856143795714333,0.3410377575715621
23.295454545454547,293.1818181818182,2.379176462786196,0.12392486560994545,0.059655711182996694,0.009984238993401812,0.17919574140135372,0.340870934712203
34.09090909090909,293.1818181818182,2.3820254798754426,0.12391571121836553,0.056291326803328975,0.0097869726517493,0.1795044765019145,0.3411677267856639
44.88636363636363,293.1818181818182,2.385592035265157,0.12441677973724599,0.054394129607372124,0.009705165566914791,0.179584685339984,0.3419016409899104
55.68181818181818,293.1818181818182,2.3902189234069238,0.12531909593854124,0.05287134176512399,0.009550619178715915,0.17953797944310246,0.34303211729576033
66.47727272727272,293.1818181818182,2.3961697170242413,0.12652289804245748,0.05130496049600231,0.0092798985484376,0.17945203167926674,0.34451667708826317
77.27272727272727,293.1818181818182,2.403575911500974,0.12794971970784047,0.04989030988615132,0.008997295693482218,0.17938772993063415,0.3463138392793776
88.06818181818181,293.1818181818182,2.4123804797024193,0.12954263210640002,0.04909802052480656,0.008885535955503954,0.17937302410732392,0.3483772831373021
98.86363636363636,293.1818181818182,2.422290119442305,0.131259056817735,0.04922246091882485,0.009063026947925852,0.17940213806663363,0.3506456837453627
109.6590909090909,293.1818181818182,2.432753319672328,0.13306376383802754,0.050089005872763416,0.00946550323598076,0.17943741919189848,0.3530354266240388
120.45454545454545,293.1818181818182,2.4429785422403585,0.13492829070249385,0.05115514064572762,0.00988759984772797,0.17941162088288445,0.355442132395317
131.25,293.1818181818182,2.4519927771082286,0.136835903339778,0.051874888729166076,0.010130613384796153,0.17923117092005234,0.35775039719023066
142.04545454545453,293.1818181818182,2.4587295828038003,0.13878528949252933,0.05200709011761966,0.01011551704092041,0.17878333580141603,0.35984577550606
152.8409090909091,293.1818181818182,2.462135950509047,0.14078660994528477,0.051710908419076926,0.009922031354635824,0.17794995567626656,0.3616233634822972
163.63636363636363,293.1818181818182,2.461289428148932,0.14284782331216767,0.05142211435848544,0.00975672673665961,0.17662808384542159,0.3629905974084404
174.4318181818182,293.1818181818182,2.455511797714128,0.14495456186539288,0.051561476723608786,0.009832054317712237,0.1747541132122782,0.3638651257240082
185.22727272727272,293.1818181818182,2.4444542912812466,0.14705213199213474,0.052235426182730825,0.010198565131907743,0.17232360350187473,0.36417115362496233
196.02272727272725,293.1818181818182,2.4281270537171484,0.14903982953002876,0.053166540537645336,0.010695587131430855,0.169397814534583,0.36383855999502934
206.8181818181818,293.1818181818182,2.4068674257883305,0.1507816852678767,0.05390893615536667,0.011081394763555005,0.16609390869238133,0.36280711869616283
217.61363636363635,293.1818181818182,2.3812692009894865,0.15212883104926914,0.054143492535020134,0.011193570273575046,0.1625640548474712,0.36103478182375476
228.4090909090909,293.1818181818182,2.3521001257935503,0.15294534598928744,0.05384643672297171,0.011030291766325398,0.15897120117238264,0.35850717207787214
239.20454545454544,293.1818181818182,2.3202236241987726,0.1531313157309885,0.053268114559666256,0.010744457734058667,0.15546696307030766,0.35524555432314636
250.0,293.1818181818182,2.2865305763364017,0.1526395031441187,0.05275123256869882,0.01054806259173346,0.1521743990605856,0.35131136044629857
260.7954545454545,293.1818181818182,2.2518827398807026,0.15148421358960018,0.0524917240227979,0.010552336335889033,0.14917669044671408,0.3468064348494796
271.59090909090907,293.1818181818182,2.217068627692773,0.1497429648720798,0.05241556563359708,0.010676039559825396,0.14651144674898434,0.3418695185409161
282.3863636363636,293.1818181818182,2.1827723784897954,0.1475517480714543,0.05227794780813013,0.010729247176959894,0.14417022421972328,0.33666958482335996
293.1818181818182,293.1818181818182,2.149555376918926,0.14509289442420945,0.051894512698393576,0.010573159128063917,0.1421038200343414,0.33139530434305725
303.9772727272727,293.1818181818182,2.117850036113188,0.1425744735727472,0.051322734881155685,0.010215305261593897,0.14023392190369893,0.326239817190436
314.77272727272725,293.1818181818182,2.0879653797751034,0.14020181520288216,0.05087582646771754,0.009811243505360095,0.1384707206868094,0.3213811919945049
325.5681818181818,293.1818181818182,2.060103606542446,0.13814415854721973,0.050943973536342904,0.00958177674174831,0.13673460356170836,0.3169606092786266
336.3636363636364,293.1818181818182,2.0343841070985085,0.1365041493984902,0.05171074104541637,0.009663311111804771,0.13497693885842574,0.3130633514045355
347.1590909090909,293.1818181818182,2.0108668732496104,0.13530336296190904,0.05298080322103754,0.009997578525176808,0.1331912192652696,0.3097110585631149
357.95454545454544,293.1818181818182,1.989567156237083,0.1344934522403902,0.054280273155888174,0.010382899988885034,0.13140795995769258,0.30687117133973096
368.75,293.1818181818182,1.9704609770563195,0.13398668511349374,0.05513183671561171,0.01062055370664014,0.12967703644850467,0.3044791079309651
379.5454545454545,293.1818181818182,1.9534862270351285,0.13368904242369253,0.05529040729648581,0.010618341649680308,0.12804802260577078,0.30246178267732654
390.34090909090907,293.1818181818182,1.938541300177735,0.13352318219095632,0.05483196502644534,0.010420008723202728,0.12655632185384902,0.3007536969000249
401.1363636363636,293.1818181818182,1.92548047820223,0.1334373928169153,0.054090354104059206,0.01017558020952488,0.12521732557396226,0.29930277785497045
411.9318181818182,293.1818181818182,1.9141078003127991,0.13340323093592696,0.05347395361844957,0.010053899742025757,0.12402717217020383,0.2980680560856506
422.7272727272727,293.1818181818182,1.9041764463681148,0.13340842487331772,0.05325181604622893,0.010127641758306445,0.12296692224341454,0.2970145822875064
433.52272727272725,293.1818181818182,1.895401671760814,0.13345179595261564,0.05346656674528461,0.010327361897483874,0.12200697043186806,0.29611121337072505
444.3181818181818,293.1818181818182,1.8874877465338333,0.13354289094255292,0.05407106814049678,0.01051733151565729,0.12111013260045794,0.29533322013144153
455.1136363636363,293.1818181818182,1.880159742708672,0.13370394123464147,0.0552054711033829,0.010616663461084563,0.12023385866501139,0.2946670560635993
465.9090909090909,293.1818181818182,1.873188921136867,0.13397004148102923,0.05741989554070757,0.010678769306436261,0.11933282815117156,0.2941131859728356
476.70454545454544,293.1818181818182,1.8664056726234668,0.13438570237064068,0.06164587204910027,0.010899795812289054,0.11836238774784948,0.29368502620341963
487.5,293.1818181818182,1.859700314526309,0.13499905684354108,0.06882531111413977,0.011535621357310143,0.11728209841826764,0.29340493304501114
12.5,303.9772727272727,2.342759171982875,0.12418046154997223,0.06428722561996346,0.01018394257664908,0.17516654955185895,0.3371751991292122
23.295454545454547,303.9772727272727,2.3452308817473595,0.1233759953290482,0.058174572156025846,0.009619816394266024,0.17591039360910307,0.3368695182897393
34.09090909090909,303.9772727272727,2.348506772091292,0.12317995886755208,0.05499221711059241,0.009454501218409168,0.17637624649461392,0.3370796175566978
44.88636363636363,303.9772727272727,2.352868913188512,0.1234844030800299,0.05327058354749083,0.009403805832405767,0.17665864270716714,0.33775919860106396
55.68181818181818,303.9772727272727,2.3585494182416267,0.12417047144040692,0.05186593386930334,0.009261361072711137,0.17685331725342815,0.33884893350702333
66.47727272727272,303.9772727272727,2.365718015190685,0.12513590012689982,0.050356003793412506,0.00898005131768024,0.17703944886300452,0.3402945853004493
77.27272727272727,303.9772727272727,2.3744434388791995,0.12630685493899826,0.048970832621522124,0.008673360738560372,0.17726847672505883,0.34205126739615965
88.06818181818181,303.9772727272727,2.384639699340047,0.12763584772870698,0.04823824769852823,0.008544430933543868,0.17755962612209464,0.3440762509605947
98.86363636363636,303.9772727272727,2.3960123578125656,0.1290908626850023,0.0484946172619945,0.008729202448360146,0.17790068780329374,0.3463155581889759
109.6590909090909,303.9772727272727,2.4080270884319885,0.13064478265245458,0.04955472947412976,0.009158582928749456,0.17825099026535568,0.3486931399213514
120.45454545454545,303.9772727272727,2.419922506692926,0.1322739501327963,0.050827575741542626,0.009608617645259032,0.17854362521546818,0.3511112237555405
131.25,303.9772727272727,2.4307661024717344,0.1339643641431039,0.051721745068628935,0.009868008364162984,0.1786876981898584,0.3534606492275647
142.04545454545453,303.9772727272727,2.4395360537680704,0.13571633605387298,0.05196998106856819,0.009853604334953968,0.17857425495403323,0.35563286832394897
152.8409090909091,303.9772727272727,2.44521765753084,0.1375409825076816,0.05172339939389126,0.009645701589561788,0.17808864191401816,0.3575277304750225
163.63636363636363,303.9772727272727,2.4469086656553527,0.13944697045710353,0.0514271225783339,0.009457360649025328,0.17712963969156345,0.359055323405641
174.4318181818182,303.9772727272727,2.443924147234444,0.14142055965974049,0.051524085053826885,0.009512768198673072,0.17563255165365332,0.3601330246505923
185.22727272727272,303.9772727272727,2.4358793113329393,0.14340747274918436,0.052138497014643945,0.009866812417114453,0.17358885429927703,0.36068149922431625
196.02272727272725,303.9772727272727,2.422720506590308,0.1453084689672069,0.05299592374506289,0.010350257840902606,0.17105214212163947,0.3606248698736341
206.8181818181818,303.9772727272727,2.4046975528760948,0.14699325447406109,0.0536482011924097,0.010712629964879,0.16812686976001295,0.3598976069362447
217.61363636363635,303.9772727272727,2.382302564180848,0.14832565795947192,0.053779015503756446,0.010789728888652357,0.1649467952532579,0.35845581626793954
228.4090909090909,303.9772727272727,2.3562004634199982,0.14919017325536965,0.053376755248094834,0.010584291647303018,0.16165172202786135,0.3562886093258471
239.20454545454544,303.9772727272727,2.3271627194621725,0.14951206267126502,0.05271528306710111,0.010262305347739918,0.15836843193378408,0.3534252634720436
250.0,303.9772727272727,2.2960077173702995,0.14926545942705796,0.05216576311484901,0.010057103825972746,0.1551994959915348,0.3499346033384303
260.7954545454545,303.9772727272727,2.2635487523404176,0.14846976910499868,0.05193606187350694,0.01009192576927666,0.15221988905229072,0.34591692073937946
271.59090909090907,303.9772727272727,2.2305513672877426,0.14718551606690644,0.0519327509138561,0.010271497855174184,0.1494749307294897,0.341496496744926
282.3863636363636,303.9772727272727,2.1977016189278413,0.14551843377070622,0.05187649316711461,0.010380708711836963,0.14697446313371593,0.33682111573547463
293.1818181818182,303.9772727272727,2.1655846346723386,0.1436219351941629,0.051557484036376625,0.010264152353874062,0.14468909205065025,0.3320615295506434
303.9772727272727,303.9772727272727,2.1346728679858704,0.141686086018858,0.051025827075454395,0.009925409545839254,0.14255552630989526,0.3274024110235479
314.77272727272725,303.9772727272727,2.105325419151297,0.1399117230825421,0.05060373305424537,0.00952979547495799,0.1404919720753162,0.3230239826164569
325.5681818181818,303.9772727272727,2.0778004932838123,0.1384736896896566,0.050698016670639244,0.009320959856946287,0.13842142920650086,0.3190773487336396
336.3636363636364,303.9772727272727,2.0522795451022318,0.13748131719102963,0.051497339965865536,0.009453345180701818,0.13629787722674838,0.3156591250609851
347.1590909090909,303.9772727272727,2.028890880283469,0.1369540759431726,0.05278513417404852,0.009857819209600193,0.13412333835526863,0.3127967352868702
357.95454545454544,303.9772727272727,2.007716187448331,0.13683088626445894,0.054054000249559454,0.010302360533347694,0.13194300865860684,0.3104556895384144
368.75,303.9772727272727,1.9887828690873437,0.13700502153456978,0.05480591469766708,0.010563352145046502,0.12982358391968676,0.30856344562651267
379.5454545454545,303.9772727272727,1.972056805735678,0.1373604649504512,0.054799105337404834,0.010538677595035146,0.12783076293148077,0.3070343441887847
390.34090909090907,303.9772727272727,1.9574406040976065,0.13779671303078744,0.05414108907502203,0.010281422544647733,0.1260142386557586,0.3057869590634074
401.1363636363636,303.9772727272727,1.9447758515935933,0.1382405280278813,0.05322855613969304,0.009976154459428864,0.12440091506814879,0.30475264659754664
411.9318181818182,303.9772727272727,1.9338492828757878,0.13864819267397832,0.05255250754316919,0.009842012998317778,0.12299421613767256,0.3038777962201379
422.7272727272727,303.9772727272727,1.9244041571447654,0.13900275639176227,0.05244781840252855,0.009978760543355066,0.1217769425298544,0.3031230944886868
433.52272727272725,303.9772727272727,1.9161557165888834,0.13930829851912496,0.05297549787465156,0.010296163434605897,0.12071634533298362,0.3024611144883152
444.3181818181818,303.9772727272727,1.90880938522272,0.13958292944779305,0.05406575289577832,0.010617209725914274,0.11977024569890579,0.3018733045991002
455.1136363636363,303.9772727272727,1.9020811912016857,0.1398529109612826,0.05581258571224391,0.010832562800111498,0.1188927223384767,0.30134800525093003
465.9090909090909,303.9772727272727,1.8957169594076106,0.14014787303087947,0.05869552702682518,0.010988063294490156,0.1180390128841793,0.3008791100095569
476.70454545454544,303.9772727272727,1.8895071861307713,0.14049764593560352,0.06354560576448527,0.011287826821737035,0.11716899032833838,0.3004654091265928
487.5,303.9772727272727,1.883298460855559,0.14093443663560237,0.0712028667469292,0.012000029673065325,0.11624707823652376,0.3001133440990547
12.5,314.77272727272725,2.3110231181697167,0.12439215801635814,0.06280014497673495,0.009778286454719943,0.17166188738696778,0.33394672098080314
23.295454545454547,314.77272727272725,2.3132806287020773,0.12338670623256597,0.0567628941319653,0.009217528859845628,0.17250303819483312,0.333476136563383
34.09090909090909,314.77272727272725,2.316708988814102,0.12298103721667976,0.053735869527297,0.009093160728622813,0.17311039539551676,0.3335542487554817
44.88636363636363,314.77272727272725,2.3215045016361735,0.1230532947374252,0.05216184239010646,0.009077679339354425,0.1735776747795484,0.3341157969416394
55.68181818181818,314.77272727272725,2.327809016388304,0.12347703634507268,0.05084035716181971,0.008939157983839905,0.17399553645890828,0.3350864815431228
66.47727272727272,314.77272727272725,2.3357188377823284,0.12415070601595149,0.04934399402181409,0.008626063815204999,0.17443492063062835,0.33640475046271745
77.27272727272727,314.77272727272725,2.3452570924266474,0.12500805189235398,0.04794303576077942,0.008266366847779838,0.1749378805577692,0.33802622328571175
88.06818181818181,314.77272727272725,2.3563238669731743,0.12601370794414365,0.04723782380938266,0.008097816754263293,0.17551491537015537,0.33991525981605075
98.86363636363636,314.77272727272725,2.3686377189050742,0.12714856021371554,0.04762100088971374,0.008288425642916123,0.17614748916885561,0.3420283876517413
109.6590909090909,314.77272727272725,2.3816929830580023,0.12839471045305798,0.04888540306235996,0.008757489156374408,0.17679247210749074,0.3442991264856799
120.45454545454545,314.77272727272725,2.394769087581499,0.12973395894305903,0.05036677696463674,0.00924423037337255,0.17738403868687325,0.3466379070519122
131.25,314.77272727272725,2.4069864411668935,0.13115658854098516,0.05141509639522926,0.009515057538452077,0.1778343674167378,0.3489442306551413
142.04545454545453,314.77272727272725,2.4173804067261804,0.13266698586376977,0.05173654262786722,0.009481145624090921,0.1780381557960095,0.3511185176743388
152.8409090909091,314.77272727272725,2.4249845829853833,0.13428027592446262,0.0514827054656858,0.009227276859030258,0.17788349636053388,0.35306859308077904
163.63636363636363,314.77272727272725,2.428922039360853,0.13600930801624658,0.05112561965579623,0.008985283653172272,0.1772693653324927,0.3547101965762651
174.4318181818182,314.77272727272725,2.4285011345252694,0.13784436950176915,0.0511522486854653,0.009010734868729137,0.17612794492374279,0.35596283904544457
185.22727272727272,314.77272727272725,2.4233005640165675,0.13973324331017073,0.05170982602739227,0.009368428315946895,0.17444559372447987,0.35674475550231394
196.02272727272725,314.77272727272725,2.4132036626339683,0.14157708201973626,0.05250882258484865,0.009863232683241413,0.17226896364545274,0.35697363926698394
206.8181818181818,314.77272727272725,2.3983701156930852,0.14324827674938226,0.05307973224137989,0.010218680820967784,0.16969131041682092,0.3565762646260733
217.61363636363635,314.77272727272725,2.3791834843109996,0.144618409008785,0.0531007971593421,0.010261116500283142,0.1668302041139555,0.35550266397681574
228.4090909090909,314.77272727272725,2.35619690871048,0.14558524991371713,0.052575365446262914,0.009997597924556106,0.1638056150283296,0.3537394374872788
239.20454545454544,314.77272727272725,2.3300813806828207,0.14609110415515875,0.05181383109718382,0.009616110697934277,0.1607234453144801,0.3513172167019164
250.0,314.77272727272725,2.30157681845414,0.14612550873051275,0.05123552077104859,0.009391854751861217,0.15766870840014968,0.34830736477772706
260.7954545454545,314.77272727272725,2.271445717270975,0.14571082257648005,0.05106912942770111,0.009474438619636042,0.15470920682063447,0.3448068542264725
271.59090909090907,314.77272727272725,2.240432018024143,0.14489088516129645,0.051183751788985384,0.009740488589148553,0.1518979315049571,0.3409258699427834
282.3863636363636,314.77272727272725,2.2092286832478107,0.14374434187458182,0.051238556886701966,0.009927504893548293,0.1492616472538553,0.33679377928828963
293.1818181818182,314.77272727272725,2.178452263835697,0.142399823967202,0.050980938063127736,0.009852106582570089,0.14678911408360065,0.332567157529634
303.9772727272727,314.77272727272725,2.1486237794869356,0.1410318951402581,0.050449470993515357,0.009511996729677341,0.14443147432286468,0.32842488676330356
314.77272727272725,314.77272727272725,2.120159130174834,0.1398378009274372,0.049985812448589496,0.00908933385931912,0.14211512632893067,0.32455069634816547
325.5681818181818,314.77272727272725,2.093373899823482,0.13899924263321878,0.05003899722727118,0.00887094763720738,0.1397650793844133,0.3211066472140722
336.3636363636364,314.77272727272725,2.0685056818240333,0.1386339576072043,0.05083019919954817,0.009051607213534558,0.13733626535809976,0.3182012740492534
347.1590909090909,314.77272727272725,2.045740335585538,0.13875733016588515,0.05212553316213577,0.009546369158832042,0.13483927457680087,0.3158652379091059
357.95454545454544,314.77272727272725,2.025210113004612,0.13929124637286405,0.0533696298818588,0.01007045225159907,0.1323348648558389,0.31405738739400024
368.75,314.77272727272725,2.006972635852048,0.14010722983391935,0.05403175249517667,0.010360664275181687,0.129905946157888,0.3126930192457333
379.5454545454545,314.77272727272725,1.9909995006198773,0.14106591987361444,0.05387019038619035,0.010299599533834998,0.12763277581138252,0.3116705776914682
390.34090909090907,314.77272727272725,1.9771780524285492,0.14204305342747153,0.05303066239620811,0.009951489582980455,0.12557762077788995,0.3108902132775403
401.1363636363636,314.77272727272725,1.965321961271701,0.1429436665016019,0.051991306542578594,0.009550087584399174,0.12377739677287576,0.3102649495368898
411.9318181818182,314.77272727272725,1.955188793416792,0.14370859107922293,0.05135154154953352,0.009394412209185143,0.12224165616312038,0.3097271468982302
422.7272727272727,314.77272727272725,1.9465027426219712,0.1443167689727456,0.05151995701248783,0.009626033140338663,0.12095362485996837,0.30923255828326435
433.52272727272725,314.77272727272725,1.938973011725256,0.1447797194052299,0.05255097513990295,0.010113071651018133,0.11987546507937666,0.30875837414789
444.3181818181818,314.77272727272725,1.9323043270809899,0.14512802442270725,0.054315581682244284,0.010612844229749827,0.11895747075649483,0.30829478645885544
455.1136363636363,314.77272727272725,1.9262081671787936,0.14539849129521465,0.056830957846339736,0.010978406380818416,0.11814693441895474,0.3078371073439687
465.9090909090909,314.77272727272725,1.9204162391492088,0.1456243864859656,0.06048592656881484,0.011248085589840185,0.1173954177942918,0.3073802987139676
476.70454545454544,314.77272727272725,1.9146948439315985,0.1458303864995399,0.0660066843428222,0.01163738230671764,0.11666329824470499,0.3069169314591905
487.5,314.77272727272725,1.9088623527209096,0.14603892009094513,0.07414607130825118,0.012432468351386495,0.11591783900295669,0.3064435298754135
12.5,325.5681818181818,2.2828675796769247,0.12534867834474867,0.061863635988522916,0.009540678112723156,0.16809325391931848,0.33162598565076445
23.295454545454547,325.5681818181818,2.2847236860221907,0.12412250742503296,0.055882829664560846,0.00898195007055526,0.1690235770024938,0.3309566183126393
34.09090909090909,325.5681818181818,2.2879797425329715,0.12346520493739699,0.05296390988151895,0.008889148455141518,0.16976296730484952,0.33083847686598566
44.88636363636363,325.5681818181818,2.2927736499061364,0.12324778327860161,0.05149191038665131,0.008898756448441857,0.17040318559857337,0.3311950419272231
55.68181818181818,325.5681818181818,2.2991897179368515,0.12334363162769367,0.05023219049391295,0.008760705344956179,0.1710288678107911,0.3319457700718428
66.47727272727272,325.5681818181818,2.307278533126747,0.12365716723979595,0.048754806042135154,0.008421545023319724,0.17170251806900103,0.33302846600823016
77.27272727272727,325.5681818181818,2.317037519029454,0.12413253428887593,0.047353783301645774,0.008019193390264032,0.17245724108687804,0.33440336367124673
88.06818181818181,325.5681818181818,2.328366519582357,0.1247475398822479,0.046674407096683676,0.007814965404199676,0.1732956380040551,0.336044110848852
98.86363636363636,325.5681818181818,2.3410092255082793,0.1254968305309993,0.04714881718434537,0.008001651516635693,0.17419362509865158,0.33791963953598236
109.6590909090909,325.5681818181818,2.354500853718955,0.12637300969499465,0.04855061737145068,0.008488107025066529,0.1751061484987693,0.3399752461665451
120.45454545454545,325.5681818181818,2.3681757012167632,0.12736571291126278,0.05016341662055178,0.008987190706118022,0.175968540955295,0.34213274177771624
131.25,325.5681818181818,2.381222171730782,0.1284726646060231,0.051301699439753996,0.009254252496474314,0.17669577171299164,0.34430412684903905
142.04545454545453,325.5681818181818,2.392746426886947,0.12970532762577072,0.05165607468492889,0.009199570765785021,0.17718584576769908,0.3464023610661477
152.8409090909091,325.5681818181818,2.401841822319194,0.13108527673347142,0.05137685677167116,0.008910283155699326,0.177329362182567,0.3483461904177983
163.63636363636363,325.5681818181818,2.407665580718946,0.13263122934174565,0.050951245281635985,0.008627506200635926,0.177025425897786,0.3500591390056533
174.4318181818182,325.5681818181818,2.409523385663164,0.13433876041635068,0.050898440384244716,0.008627809347860914,0.17620277454738056,0.35146417146359643
185.22727272727272,325.5681818181818,2.406956042449267,0.13615853539533987,0.05138509628480207,0.008983671485172559,0.17484201092036059,0.35247752759101186
196.02272727272725,325.5681818181818,2.3997781523161414,0.13799176699487908,0.05211089028374854,0.009480670016711866,0.17298243462428203,0.3530096268620624
206.8181818181818,325.5681818181818,2.3880487670900514,0.13971135505450796,0.05259577623426761,0.009827546138412541,0.17070628541898553,0.3529768912815228
217.61363636363635,325.5681818181818,2.372030923113214,0.1411910976274874,0.052518776771263403,0.009846406327994078,0.16811697949501345,0.352318091114884
228.4090909090909,325.5681818181818,2.3521542687408186,0.14233276284834318,0.05189655020954236,0.009546185029130218,0.16531895342915345,0.3510095074169431
239.20454545454544,325.5681818181818,2.328979121233112,0.14308389501296329,0.051066607307693336,0.009127336300917223,0.1624031974477819,0.3490736955115182
250.0,325.5681818181818,2.303159771596023,0.14343902910528783,0.05048421641329925,0.008895595721190886,0.1594426236083863,0.34657643767206536
260.7954545454545,325.5681818181818,2.275405214413747,0.14341953272539,0.05039256122068504,0.009023732208344168,0.1564999319658379,0.3436083106096492
271.59090909090907,325.5681818181818,2.2464399095026812,0.14305502044570337,0.05062100487845004,0.00936283925575161,0.15363454045627573,0.34026736810398583
282.3863636363636,325.5681818181818,2.21697053561751,0.14240494476909363,0.050773671836248736,0.009613363254682986,0.1508861434129257,0.33667086757337145
293.1818181818182,325.5681818181818,2.1876553152592524,0.1415810330179675,0.05056119693822746,0.009571849450566912,0.14825803824251335,0.332967868426042
303.9772727272727,325.5681818181818,2.1590759056268833,0.1407463584057388,0.05000994021791632,0.009230183953573608,0.14571468846857855,0.3293355832022316
314.77272727272725,325.5681818181818,2.1317169184171414,0.14009388879568596,0.04947442781246755,0.008780190352964972,0.14319236278855835,0.32596203085502445
325.5681818181818,325.5681818181818,2.105959705381902,0.13980848831594853,0.049440143633249965,0.008542549040374383,0.14062118108565771,0.32301850920642
336.3636363636364,325.5681818181818,2.082097615773777,0.14001391126472207,0.05016770152129521,0.008752579092170155,0.13795841450169907,0.32062374206543015
347.1590909090909,325.5681818181818,2.060364419805561,0.14072014843232364,0.05142068455179742,0.009314443786964317,0.13522297636912076,0.3188096769763754
357.95454545454544,325.5681818181818,2.0409244334239887,0.14183270553021918,0.05261309452721855,0.009898064821911044,0.13248882632953646,0.3175269941866147
368.75,325.5681818181818,2.023842135059839,0.1432030465185913,0.05319485415260259,0.010207752337361726,0.12985159167772095,0.3166775375009595
379.5454545454545,325.5681818181818,2.0090724487524376,0.14466892550236168,0.05292871336595115,0.010112116933469023,0.12740343104935953,0.3161417958766851
390.34090909090907,325.5681818181818,1.996469010127331,0.14608187171976683,0.051995485530404534,0.009682382628197464,0.12521748950132847,0.3157992160439358
401.1363636363636,325.5681818181818,1.9858037720717763,0.14732470105677722,0.050945465498903934,0.009194990742854275,0.12333952071257916,0.3155426706259085
411.9318181818182,325.5681818181818,1.9767944705431828,0.14832237345118024,0.050474665441356814,0.009029184566433791,0.1217843222988043,0.3152890582693959
422.7272727272727,325.5681818181818,1.9691373916285173,0.14904996197235745,0.0510494536686978,0.009369293028905825,0.12053446145834171,0.3149884259331008
433.52272727272725,325.5681818181818,1.962529160907729,0.14952848389683485,0.05269774315239585,0.010034484300799373,0.11954508566139849,0.31462334070337
444.3181818181818,325.5681818181818,1.956671030321394,0.1498054187302924,0.05521947550886297,0.010718832906040294,0.11875602123057835,0.3141955717439098
455.1136363636363,325.5681818181818,1.9512737403855545,0.14993646924962084,0.05854760972016921,0.011244255770538447,0.11810319034626328,0.3137137123425302
465.9090909090909,325.5681818181818,1.946066034249333,0.14997102706722631,0.06297520685040423,0.011641574977534135,0.11752820298270228,0.31318380989243083
476.70454545454544,325.5681818181818,1.940806730809968,0.14994367138837897,0.06912507597739476,0.012127636460372293,0.11698472230447442,0.3126046403744852
487.5,325.5681818181818,1.93530340659732,0.14987973816156536,0.07767455594970323,0.012992928470408076,0.11643712518886448,0.3119736345196106
12.5,336.3636363636364,2.2592683179472584,0.12716164261869123,0.061778041089700315,0.00963474073020372,0.164497811172547,0.3303957772579918
23.295454545454547,336.3636363636364,2.260529310206446,0.1256838261420179,0.05583523342574937,0.009070160841045167,0.16551516838522484,0.3294851415423082
34.09090909090909,336.3636363636364,2.263260722241026,0.12471427871680248,0.052950568237212794,0.008975928196018241,0.16638530764872803,0.329090387221911
44.88636363636363,336.3636363636364,2.2675838850219248,0.1241317583753097,0.051515717441644814,0.00898389989188961,0.1671935972400025,0.32913870754991603
55.68181818181818,336.3636363636364,2.2735637053480864,0.12381984084227526,0.050302597371161495,0.008843608045982977,0.16801652033552444,0.3295546959499499
66.47727272727272,336.3636363636364,2.2812350763532097,0.1236950587306732,0.0488834780106069,0.008503948434468866,0.16890767054301997,0.33028305258155005
77.27272727272727,336.3636363636364,2.2905902013642874,0.12371453376899087,0.047546640102103216,0.008102542431610429,0.16989184163182852,0.33129263124751634
88.06818181818181,336.3636363636364,2.301539907515931,0.12386885045056761,0.04692207006451411,0.007892197865942554,0.17096516819474625,0.33256728285688225
98.86363636363636,336.3636363636364,2.3138591325979148,0.12416477517608963,0.04742510735096178,0.00805373376788457,0.17209964987124685,0.3340878346490836
109.6590909090909,336.3636363636364,2.327137555491488,0.12460714101493382,0.04883147476497798,0.008499836302633098,0.1732487217006615,0.33581402699549245
120.45454545454545,336.3636363636364,2.340783160385443,0.1251977118844107,0.05043990729202568,0.008959167594301138,0.1743483122730503,0.3376840897327409
131.25,336.3636363636364,2.3540684441257564,0.12594544039864716,0.051575131222234484,0.009199753229350363,0.17531563228214195,0.33962691333821093
142.04545454545453,336.3636363636364,2.3661835887283953,0.12687172993220197,0.05192812077135063,0.009137613581194795,0.17605168992582695,0.3415714293381927
152.8409090909091,336.3636363636364,2.376293222524719,0.12800641535597412,0.051640287446069855,0.008857070188834972,0.1764497347418917,0.34344981052042933
163.63636363636363,336.3636363636364,2.383599792698225,0.12937445138665626,0.05118388234425275,0.00858559661926155,0.17640995824610659,0.3451948048906696
174.4318181818182,336.3636363636364,2.387416670875307,0.13097551042937697,0.0510648487166306,0.008579478097605958,0.17585946783456732,0.3467330924573021
185.22727272727272,336.3636363636364,2.387246427395573,0.1327628644903101,0.05145319554051307,0.008905477028649666,0.17477323870141714,0.34797868601279486
196.02272727272725,336.3636363636364,2.382819866426821,0.13463912816776905,0.052070490101011835,0.009366358079508632,0.17318081289600207,0.34883407640037917
206.8181818181818,336.3636363636364,2.3740786908545863,0.13647643131188228,0.052459007963808736,0.00968905992834509,0.17115239907258725,0.3492026499735866
217.61363636363635,336.3636363636364,2.361150347237777,0.13814535702219277,0.05231335553102092,0.009704411215217652,0.16877890175372717,0.3490064710283059
228.4090909090909,336.3636363636364,2.3443277263868887,0.13954209149206695,0.05165947439430627,0.009421221288936082,0.16615353603696323,0.34820331681291733
239.20454545454544,336.3636363636364,2.3240494372610523,0.14060646662012097,0.05083799626522208,0.009032822274271454,0.1633589457332282,0.3467973344672093
250.0,336.3636363636364,2.3008762412309767,0.14132360603878924,0.05029792738744342,0.008832336944989602,0.16046371125199438,0.34483769635376943
260.7954545454545,336.3636363636364,2.2754605314111136,0.14170530516500465,0.050266952153106614,0.008982627551860337,0.15753022794184254,0.34240218638991676
271.59090909090907,336.3636363636364,2.2485107171616106,0.14177380640075787,0.05055898816379584,0.009339143224789848,0.15462061078913727,0.3395819375046526
282.3863636363636,336.3636363636364,2.220755703318007,0.14158143570845572,0.05076233687767213,0.009609154945732293,0.15178117874890423,0.3364915342915866
293.1818181818182,336.3636363636364,2.1929073915977173,0.14123255732496773,0.050573213693970054,0.009590116809222948,0.14902534324582775,0.3332805441283475
303.9772727272727,336.3636363636364,2.165622371744885,0.14088349475206643,0.05000748406252921,0.009270293521801478,0.14632957759163087,0.33012938351629745
314.77272727272725,336.3636363636364,2.1394691814737126,0.14072168514897745,0.049415145166318064,0.008836595134219428,0.14364238911638508,0.3272310945590765
325.5681818181818,336.3636363636364,2.114909385512976,0.1409274270921327,0.049285909620357185,0.008606360188262833,0.140905164333373,0.32476228538634616
336.3636363636364,336.3636363636364,2.092301040118578,0.14161987365321546,0.04989499405021724,0.008816240296233862,0.1380848117952468,0.3228453143533721
347.1590909090909,336.3636363636364,2.0719163166497903,0.14280465436665055,0.051030581319128555,0.009378612912172053,0.1352069387057333,0.3215131330823068
357.95454545454544,336.3636363636364,2.053928838584415,0.14437930337887417,0.052127992608493594,0.009966275577758522,0.1323512591886391,0.32071177641797477
368.75,336.3636363636364,2.0383862015066057,0.14618016929961578,0.052649854814708415,0.010277351145432982,0.1296206362431146,0.32033060404017755
379.5454545454545,336.3636363636364,2.025205356179244,0.14802344979758172,0.05237242832764115,0.010174176353354042,0.1271160683696364,0.3202308217548699
390.34090909090907,336.3636363636364,2.014188929194114,0.14973580396342115,0.051500620294930355,0.00973017197210585,0.12492013314020872,0.32026886264812043
401.1363636363636,336.3636363636364,2.0050545828264235,0.151177031486351,0.050621325180536095,0.009238451172238383,0.12308655953510964,0.3203155471915999
411.9318181818182,336.3636363636364,1.9974719676515773,0.15225694437290244,0.05046589490825408,0.00910397675543524,0.12163407898078774,0.32027194550781574
422.7272727272727,336.3636363636364,1.9911017689019046,0.15294751782827926,0.05151326246016489,0.0095230916040917,0.12054332038864311,0.3200821247245916
433.52272727272725,336.3636363636364,1.9856198204462323,0.15327982818580232,0.053771588979257705,0.010302027008159464,0.11976120684231548,0.31973355081558613
444.3181818181818,336.3636363636364,1.98072048644811,0.153322911055454,0.056993935062085985,0.011114545249410019,0.11921394974910983,0.31924250061229753
455.1136363636363,336.3636363636364,1.976117061951966,0.15316076712757945,0.06104866190870006,0.01176969626544431,0.1188208326157236,0.3186378468292303
465.9090909090909,336.3636363636364,1.9715454029900952,0.1528726291792044,0.06614484746688297,0.012287474299348452,0.11850638972451273,0.31794749262857847
476.70454545454544,336.3636363636364,1.9667727080486646,0.1525203655852437,0.07280971908988507,0.012866270150128568,0.11820886843344189,0.3171904002549032
487.5,336.3636363636364,1.9616150373711625,0.15215163364726936,0.08164896230688967,0.01377223678043928,0.11788020962149019,0.3163806853848435
12.5,347.1590909090909,2.240611801734866,0.12981889612974876,0.06245561572401049,0.010029322816476852,0.1609239604838525,0.3302886398310923
23.295454545454547,347.1590909090909,2.2410999985147964,0.12805643705579672,0.05651613037102912,0.009448732729864608,0.1620291572239259,0.32909449244776334
34.09090909090909,347.1590909090909,2.2429742781389064,0.1267113594240977,0.053585016603398934,0.009320103455301227,0.1630324724023955,0.3283429888087769
44.88636363636363,347.1590909090909,2.2463776452358433,0.12568492277362595,0.05211624835578117,0.009298425335234319,0.16400813464735617,0.32797953849493366
55.68181818181818,347.1590909090909,2.2513927559640083,0.12488221610027993,0.0509228311839475,0.009148101511895067,0.16502166032439589,0.3279458348209761
66.47727272727272,347.1590909090909,2.2580685776198552,0.12423883064331234,0.04958172613383944,0.008822933131232238,0.16611675189769712,0.3282015511194554
77.27272727272727,347.1590909090909,2.2664126168301166,0.12372794144910854,0.048348963871835196,0.008450572786540114,0.1673102387755323,0.3287285203551145
88.06818181818181,347.1590909090909,2.2763584344509646,0.12335294886539931,0.04778938623197414,0.008250448107566803,0.16859301680372857,0.32952207454463306
98.86363636363636,347.1590909090909,2.287719888064764,0.12313175728208281,0.048260304006873034,0.008367492812611463,0.16993457248407243,0.33057505866336645
109.6590909090909,347.1590909090909,2.300153511493048,0.12308263621074403,0.04955569757683643,0.008728760589385558,0.171287427747865,0.3318638294622274
120.45454545454545,347.1590909090909,2.3131574649942617,0.12322257749220386,0.05104149781404337,0.00910864526644637,0.1725880099281231,0.33334698221555675
131.25,347.1590909090909,2.3261032323382986,0.12357462274784402,0.05209100900790657,0.009306038135057952,0.173755646942289,0.3349739054631969
142.04545454545453,347.1590909090909,2.3382775295386065,0.12417223488103554,0.05241019798549623,0.009247604791305493,0.17469441590842,0.3366923327866971
152.8409090909091,347.1590909090909,2.3489274863959735,0.1250548299906741,0.0521267769069531,0.009009989300167153,0.17530062259902437,0.3384499930961027
163.63636363636363,347.1590909090909,2.3573115816491765,0.12625385947561119,0.051674678956700505,0.008789109824966161,0.17547654046454422,0.3401901920508816
174.4318181818182,347.1590909090909,2.362759498132237,0.12777233185326659,0.05151194603937573,0.008792683858342434,0.17514901952047235,0.34184370464665903
185.22727272727272,347.1590909090909,2.364734011922017,0.12956584321355458,0.05179796273602268,0.009072959564580478,0.17428741019563576,0.34332195096300133
196.02272727272725,347.1590909090909,2.362868125921311,0.13153870883635663,0.052296391564192024,0.00947337035499033,0.17290982774039257,0.3445182137919386
206.8181818181818,347.1590909090909,2.3569687734464013,0.13356045653392865,0.05259640699577966,0.009763873787477602,0.17107369017569007,0.34531969417599817
217.61363636363635,347.1590909090909,2.347011673440027,0.13549305123461838,0.05241973271052108,0.00979518537200865,0.1688589014760231,0.3456262124011979
228.4090909090909,347.1590909090909,2.333139046289983,0.13721804665067527,0.051797499170058325,0.009574856567030554,0.1663513828243761,0.34536916193427447
239.20454545454544,347.1590909090909,2.315656601990444,0.1386555514319646,0.05105213567048335,0.009272846626195716,0.16363141800473197,0.34452459848994216
250.0,347.1590909090909,2.2950239663538032,0.1397684759312941,0.05059144743652009,0.009135414784774809,0.16077009648653176,0.34311522354181784
260.7954545454545,347.1590909090909,2.2718344718450307,0.1405519236920454,0.05060686603630985,0.009291520442557768,0.15783350181005742,0.3412007326017082
271.59090909090907,347.1590909090909,2.2467843750385956,0.14102526948701608,0.05091758808968514,0.009622030237388023,0.15488416902530433,0.3388689374880924
282.3863636363636,347.1590909090909,2.2206340676970107,0.14124390360415195,0.05113127023914153,0.009876174041803198,0.15196993750832394,0.3362399410042775
293.1818181818182,347.1590909090909,2.1941622113802253,0.1413137351977688,0.050950868422894244,0.009871167168219442,0.14911040172663806,0.3334715091051066
303.9772727272727,347.1590909090909,2.168116003022825,0.14138908809438402,0.050384340182794654,0.00959497707181936,0.14629287469151514,0.330752289169748
314.77272727272725,347.1590909090909,2.1431648181441196,0.14165103853936717,0.04976245485509379,0.009218069467292136,0.14348039867246548,0.3282815596486434
325.5681818181818,347.1590909090909,2.119866422177432,0.142268683094658,0.04955110390200133,0.00902278590103565,0.14063129452496217,0.3262382486112036
336.3636363636364,347.1590909090909,2.0986529673161844,0.1433485094815252,0.050019997638974106,0.009214059194243812,0.13772792667205597,0.32474364677938317
347.1590909090909,347.1590909090909,2.0798288271141185,0.1448923921054159,0.05100247395383764,0.009725239427073545,0.1348015741231144,0.32383147855445316
357.95454545454544,347.1590909090909,2.0635584220441316,0.14679731456393175,0.05199883723114694,0.01027363677884345,0.13193130038848977,0.32344640990927437
368.75,347.1590909090909,2.0498515035369143,0.1488903473885712,0.052513986004833556,0.010578558712774598,0.1292214846348546,0.3234672122996574
379.5454545454545,347.1590909090909,2.038567891914144,0.15096865720916505,0.05234463024424566,0.010506285192256246,0.12677841688121816,0.32373555472468474
390.34090909090907,347.1590909090909,2.0294434061618705,0.15283422878402686,0.051703206661604224,0.01012834340370198,0.12469230851326092,0.32408331338992125
401.1363636363636,347.1590909090909,2.0221295883335726,0.15432341565407476,0.051167300622851485,0.00972398388309426,0.12302386154145767,0.3243576934198335
411.9318181818182,347.1590909090909,2.016239714307195,0.15533142665986996,0.05143407025923884,0.009660809440782245,0.12179453329715921,0.3244434392199512
422.7272727272727,347.1590909090909,2.0113916402512597,0.15582820686540924,0.05294973830672011,0.010113395734095273,0.12098160693372116,0.3242786235917418
433.52272727272725,347.1590909090909,2.0072337799673696,0.15585683514478835,0.0557166431404319,0.01091667130365187,0.12052191418136084,0.32385627994264654
444.3181818181818,347.1590909090909,2.0034508763774417,0.1555133988958523,0.0594812734773245,0.011774101407148088,0.12032447639405897,0.3232107874274787
455.1136363636363,347.1590909090909,1.9997615358096228,0.15491978266517145,0.06408236429020353,0.012501212878845069,0.12028650337102932,0.32239836919221976
465.9090909090909,347.1590909090909,1.9959170016132206,0.15419825096561818,0.06966904402725091,0.013104245170910479,0.1203084519047871,0.321478991088817
476.70454545454544,347.1590909090909,1.9917058246397494,0.15345403547796194,0.07668943032450598,0.013748475322218682,0.12030492867148701,0.3205045474333761
487.5,347.1590909090909,1.9869677283717642,0.15277345127845748,0.08568539413516522,0.01465758636680703,0.12020729183518997,0.31951900499816943
12.5,357.95454545454544,2.22672104859881,0.13318861426209494,0.06350491330428294,0.010523515724688872,0.15743164016589584,0.3311925302959248
23.295454545454547,357.95454545454544,2.22628878698682,0.1311137593106265,0.05750136330313208,0.009918114494331734,0.15862554353158256,0.32967953078364937
34.09090909090909,357.95454545454544,2.2270295282760504,0.1293414322591165,0.05444903911202982,0.009743198663703954,0.1597635194699291,0.32850528861102524
44.88636363636363,357.95454545454544,2.2291296515018444,0.12780350204088764,0.052879125038092625,0.009678065969174327,0.16090612169881963,0.32764147215947625
55.68181818181818,357.95454545454544,2.2327189456265604,0.1264361451113513,0.05165397668628378,0.00950391642027202,0.1621053060497452,0.3270567716151498
66.47727272727272,357.95454545454544,2.2378871836628833,0.12520119556313436,0.050352902891209125,0.009179384541719562,0.16339343605918966,0.32673375840523783
77.27272727272727,357.95454545454544,2.2446774378886016,0.12409200259850721,0.04919088315292291,0.008820829152710222,0.1647790710291102,0.32667231504997735
88.06818181818181,357.95454545454544,2.253060768803603,0.1231267707321522,0.0486606285312211,0.008616357297430825,0.16624825162296872,0.32688223223600676
98.86363636363636,357.95454545454544,2.262902562554693,0.1223357392215936,0.04906312677784493,0.008682269557534959,0.16776857810521195,0.32737056104970247
109.6590909090909,357.95454545454544,2.2739363998347124,0.12175085701097943,0.05020792851544239,0.008957846894369348,0.16929259897343435,0.32813153130657496
120.45454545454545,357.95454545454544,2.285760551446664,0.12140443464342414,0.05152664883969014,0.009257323050926391,0.1707582435332699,0.329145225380396
131.25,357.95454545454544,2.297856455134514,0.1213342619792971,0.05244757624054567,0.009409980747205381,0.17208773036570577,0.3303831633619855
142.04545454545453,357.95454545454544,2.3096177850476316,0.12158675628125024,0.052698712103510514,0.009353492857834012,0.1731887803665986,0.3318136231619307
152.8409090909091,357.95454545454544,2.32038365485806,0.12221197141155285,0.05239906822200579,0.009156087599840252,0.17396113352389173,0.3334016461733328
163.63636363636363,357.95454545454544,2.329476115137134,0.1232490847798117,0.05194778806626233,0.008982752084945833,0.17430921321360632,0.33510276751028445
174.4318181818182,357.95454545454544,2.3362434765837126,0.12470577263235268,0.05175926754900915,0.00899918624663318,0.1741590629052234,0.3368530452475078
185.22727272727272,357.95454545454544,2.3401055803238933,0.12654015323745763,0.0519790553068969,0.00924554660027681,0.1734739555710799,0.33856111249924187
196.02272727272725,357.95454545454544,2.3405901513504737,0.1286563197335025,0.05239988365815763,0.009598304787560174,0.1722609328713702,0.3401088886565014
206.8181818181818,357.95454545454544,2.337356477880881,0.13091773586568592,0.05265010467689609,0.009867509640058992,0.1705653205330071,0.34136357114821547
217.61363636363635,357.95454545454544,2.3302143318218054,0.1331722786618139,0.052475303744648184,0.009924188111260451,0.1684577770553486,0.3421973553903614
228.4090909090909,357.95454545454544,2.31914251246577,0.13527914553681092,0.051909510784336,0.009773932365658282,0.16602018814405647,0.3425084328392774
239.20454545454544,357.95454545454544,2.304303743658258,0.13712964753667548,0.051254864184013246,0.009561535468196276,0.16333482657981027,0.3422372781985383
250.0,357.95454545454544,2.2860502476072537,0.13865703847481023,0.0508798920549295,0.009488777117373524,0.1604790717163307,0.34137419223139964
260.7954545454545,357.95454545454544,2.264914980780402,0.13983643324171213,0.05094568248608757,0.009655739534386887,0.15752452540014522,0.33995831110553065
271.59090909090907,357.95454545454544,2.241585915906608,0.14068403242117175,0.051276158212128296,0.009963499528019216,0.15453473777294457,0.3380743206120592
282.3863636363636,357.95454545454544,2.2168638838127652,0.14126252948889478,0.05149970034536925,0.010200617564011924,0.15155748843703054,0.3358517916851086
293.1818181818182,357.95454545454544,2.1916072010639205,0.1416853910989176,0.05132919680853053,0.01020652880271985,0.14861633446458525,0.33346231256990594
303.9772727272727,357.95454545454544,2.166669066535937,0.1421090200824372,0.05076613342912955,0.009970587826681334,0.14570862988121186,0.3311072839766618
314.77272727272725,357.95454545454544,2.1428357570696783,0.14270896263420124,0.050122221421598376,0.009646262496924997,0.14281316526511906,0.3289945180349186
325.5681818181818,357.95454545454544,2.120774300504613,0.14364211541731597,0.04984207933059346,0.009481471895328174,0.13990718249803372,0.3273059475753316
336.3636363636364,357.95454545454544,2.100996195034916,0.14500254517691707,0.05019835042041785,0.009654240736705198,0.13698891468204435,0.32616252731141976
347.1590909090909,357.95454545454544,2.0838361810161037,0.1467881525909575,0.05107390720292691,0.010117013519959637,0.1340952478958156,0.32559840449864114
357.95454545454544,357.95454545454544,2.0694402430109355,0.14889675597668608,0.05203749378697601,0.010631290164511028,0.13130278441215584,0.3255568728665163
368.75,357.95454545454544,2.057765590642934,0.1511501405277056,0.05264050331335721,0.010944143640755962,0.12871346904141437,0.32590737414271354
379.5454545454545,357.95454545454544,2.0485997808809846,0.15332994325185792,0.05269614653091756,0.010929996027285933,0.12643518007682025,0.3264729053030981
390.34090909090907,357.95454545454544,2.0415985376951897,0.15521525607866668,0.05240648948562654,0.010654574868942886,0.12456328372390303,0.3270606308688773
401.1363636363636,357.95454545454544,2.0363361402357634,0.15661929676128114,0.05230694643584144,0.010368443793088072,0.12316408346831569,0.3274931739656892
411.9318181818182,357.95454545454544,2.032360054129502,0.1574224258153387,0.05302559838680899,0.010385116268620933,0.12226090468074596,0.3276377755765829
422.7272727272727,357.95454545454544,2.0292384513665622,0.15759401779446533,0.05495531252277451,0.010850072909138237,0.12182608279877931,0.3274268164864728
433.52272727272725,357.95454545454544,2.0265887775175737,0.1571936641193529,0.058094882697123026,0.011631224073156221,0.12178328537287385,0.32686170856623736
444.3181818181818,357.95454545454544,2.0240849933100202,0.15635086370673054,0.06221032378498492,0.012476953721781205,0.12202041960479164,0.32599930624459483
455.1136363636363,357.95454545454544,2.0214528858987113,0.1552335644622452,0.06714296168676574,0.013220385430734147,0.12240793258934081,0.324929165267212
465.9090909090909,357.95454545454544,2.0184643249669922,0.15401698527096822,0.073012513984886,0.013857960620254675,0.12281683161531129,0.3237508874585773
476.70454545454544,357.95454545454544,2.014936813046758,0.1528599719953538,0.08021601729675507,0.014524055650919814,0.12313276575271535,0.3225573558073562
487.5,357.95454545454544,2.0107403544814564,0.15189332130496447,0.08925260490037806,0.015404935714910674,0.12326373460127694,0.32142721021804005
12.5,368.75,2.2170048929156954,0.13706813360594786,0.06454351070932135,0.010907706284967693,0.15407903333095493,0.33290123247902054
23.295454545454547,368.75,2.2155333163147057,0.1346590398839678,0.05837017637029566,0.010268275334486916,0.1553620447208288,0.3310412855022418
34.09090909090909,368.75,2.2149277752672587,0.13242227961354985,0.055118075254787756,0.010052709190156621,0.15663425653787985,0.32939536908627076
44.88636363636363,368.75,2.215427894767883,0.13032366448244637,0.053378997214008024,0.009944815566100546,0.15794160638277208,0.32796481798338906
55.68181818181818,368.75,2.217228596572548,0.128336217872597,0.05204728850077823,0.009731035157939116,0.15932096375915336,0.32675130738883584
66.47727272727272,368.75,2.22048059674252,0.12645373730528264,0.050698691798127485,0.009373748074928199,0.16079207823354252,0.32576649497456966
77.27272727272727,368.75,2.225280757937728,0.12469421454795258,0.04951847142842669,0.008987693889842018,0.16235450865556836,0.3250334120585254
88.06818181818181,368.75,2.2316533376673138,0.1230939539374673,0.04895565086996161,0.008751259390805214,0.16398914196190767,0.3245803090395152
98.86363636363636,368.75,2.239528248142251,0.12169743365379336,0.04927803552955214,0.008771001773735772,0.1656619378557011,0.32443117286411305
109.6590909090909,368.75,2.2487247156067736,0.12054991349823437,0.05029661123929918,0.008989976568289275,0.16732660694753873,0.32459876110728514
120.45454545454545,368.75,2.2589468166586126,0.11969720004536373,0.05147134384568833,0.009237343514886719,0.16892427596087092,0.32508396078967977
131.25,368.75,2.2697914747122163,0.11919029805575385,0.05226009322314603,0.009356136493014453,0.1703815592735369,0.3258799282578099
142.04545454545453,368.75,2.280764834871329,0.11908807394305929,0.052409110399015454,0.009290413776840945,0.1716107102810256,0.32697571536694314
152.8409090909091,368.75,2.2913028195303413,0.1194520105610401,0.052043572271213,0.009105012277564481,0.17251494393833638,0.32835474899902367
163.63636363636363,368.75,2.300793912211565,0.12033111803116582,0.05155753344458427,0.008950472178260931,0.17299987915313497,0.3299865877789303
174.4318181818182,368.75,2.3086044945306283,0.12174015201843875,0.05135273878369004,0.008973830668437743,0.17298925235918214,0.3318142187160041
185.22727272727272,368.75,2.3141086910848037,0.12364007616794323,0.051564538085136294,0.009209620716010643,0.17243976984575593,0.333743420384604
196.02272727272725,368.75,2.316724662922579,0.12593198149637228,0.05198413530414727,0.009547892032176047,0.17134860474702276,0.335642327013608
206.8181818181818,368.75,2.3159567552798843,0.12846891524608928,0.05224316239758785,0.009816709193109455,0.16975081464888897,0.3373542782848399
217.61363636363635,368.75,2.3114397604224357,0.13107981128167798,0.052091247038157644,0.009896407462966427,0.16770975256060824,0.3387194504433402
228.4090909090909,368.75,2.3029803890553406,0.13359626902993801,0.05156583448983148,0.009790730871238981,0.16530547848623858,0.33959820428194065
239.20454545454544,368.75,2.2905913216862306,0.13587568567822633,0.05096877246779869,0.009632457916574355,0.16262456042858223,0.33989106493636234
250.0,368.75,2.2745130805885463,0.1378179802345134,0.05066149213436825,0.009605022920846537,0.15975240840178057,0.3395528744862688
260.7954545454545,368.75,2.2552178577673785,0.13937598389004213,0.05079480075051852,0.009796643283522755,0.1567674727084016,0.3386005457353855
271.59090909090907,368.75,2.2333893073601,0.14056083213040943,0.05118533518872639,0.010113429277837873,0.15373587065570693,0.3371147235983079
282.3863636363636,368.75,2.209876635680456,0.14144271002449513,0.05145567335137191,0.010356525200186751,0.1507060542777531,0.3352354251434611
293.1818181818182,368.75,2.1856285735257535,0.14214508371792478,0.05131122875743656,0.010372660415301263,0.14770522920720788,0.33315093274031704
303.9772727272727,368.75,2.1616165947606643,0.14282944815201426,0.05074620467955165,0.010150978494250906,0.1447402962863273,0.33107883719821357
314.77272727272725,368.75,2.138756041298239,0.14366886099410958,0.05006996100094313,0.009839087433157749,0.14180527158797113,0.32923892955199546
325.5681818181818,368.75,2.117832554593542,0.14481191815990113,0.04973635584306588,0.009676394771531819,0.13889498331296563,0.3278198996078755
336.3636363636364,368.75,2.099441492099993,0.14634431436621156,0.05004604313281154,0.009839045907100514,0.13602159404103123,0.3269457092187855
347.1590909090909,368.75,2.0839486761117096,0.14826088314145772,0.05092577864139478,0.01029237045449851,0.1332271312798522,0.326651645596281
357.95454545454544,368.75,2.0714783998791817,0.15045978245207936,0.05198488410348523,0.010815727249837623,0.1305856853922698,0.3268789336739612
368.75,368.75,2.0619281929563247,0.15275937390787875,0.05279550122238501,0.011166432097864613,0.12819489442939655,0.3274882419351012
379.5454545454545,368.75,2.055004735119095,0.15492936283891343,0.05316935260209405,0.011220907814822182,0.1261611579550663,0.32828552228843233
390.34090909090907,368.75,2.050274877134371,0.15672904965787102,0.053284261597219405,0.01103872509096178,0.12458220928024867,0.3290544858983838
401.1363636363636,368.75,2.047226647538814,0.15794974208099435,0.05362457366902528,0.010849473866560704,0.12352826416790402,0.3295930838362994
411.9318181818182,368.75,2.045333148065251,0.15845710724311554,0.05474917802573744,0.01093129808878718,0.1230235129395929,0.32975025271789843
422.7272727272727,368.75,2.0441071128406043,0.15822200136668776,0.05699878354002426,0.011408620744987946,0.12303350449959498,0.32945351981358184
433.52272727272725,368.75,2.043132840648618,0.15732538077499683,0.06036612892138987,0.01216522504536759,0.12346561059506649,0.32871587432792687
444.3181818181818,368.75,2.0420728592495245,0.15593528153041375,0.06464280601117305,0.012979122262834656,0.12418349197308608,0.32762020067013453
455.1136363636363,368.75,2.040659946686207,0.15426964254998954,0.06969322611270724,0.013700469982962314,0.12502846567451714,0.32629214394041894
465.9090909090909,368.75,2.038687042569467,0.15255958672614123,0.07563975883517655,0.014324898961056378,0.12584037402610718,0.32487307463847476
476.70454545454544,368.75,2.0360012879826774,0.15101913559594687,0.0828656749520057,0.014971611192706954,0.12647504847109822,0.3234980415640404
487.5,368.75,2.032502560446369,0.14982184320714936,0.0918576410699228,0.01580765028232005,0.12681811702507226,0.3222790952838187
12.5,379.5454545454545,2.2106006145288197,0.1412198133085709,0.06544589311335003,0.011081291087567256,0.15091631960515423,0.33515489435453777
23.295454545454547,379.5454545454545,2.2079987893413913,0.13846185307573058,0.058974289733413385,0.010398026318109908,0.15228750097664823,0.3329279781885162
34.09090909090909,379.5454545454545,2.2058975026978658,0.13573908768472231,0.05543197210286903,0.010154510952520446,0.1536909301931495,0.33077922585723274
44.88636363636363,379.5454545454545,2.2045938913290977,0.13305254204137004,0.053447646225996695,0.010011650425126972,0.15515762359186716,0.32874099081330427
55.68181818181818,379.5454545454545,2.204356634538961,0.1304144376314207,0.05192239527037498,0.009744247234255356,0.1567088773698223,0.32685051368153845
66.47727272727272,379.5454545454545,2.205409543071381,0.1278536084981851,0.05042154984400343,0.00931748265553515,0.15835128415371533,0.3251520046361978
77.27272727272727,379.5454545454545,2.2079168913942007,0.12541597288037323,0.0491197407872174,0.00885903568467198,0.16007488984355872,0.3236954155540606
88.06818181818181,379.5454545454545,2.2119692285100707,0.12315892275115511,0.04846168021489401,0.0085648238810388,0.16185503600352039,0.322530962870541
98.86363636363636,379.5454545454545,2.2175715582832,0.12114280561282756,0.04870952538489052,0.008551558777477427,0.1636561921198245,0.32170184679351166
109.6590909090909,379.5454545454545,2.224635231390339,0.1194254310074991,0.04965716529034232,0.008754952830395114,0.16543437539920966,0.32123950417087527
120.45454545454545,379.5454545454545,2.232972781961028,0.11806357296903715,0.050743929837116425,0.008989383443859378,0.1671357033010424,0.32116412115560056
131.25,379.5454545454545,2.242296941049368,0.11711884382412487,0.05141906236312473,0.009090312507012076,0.16869277839269517,0.3214886811553198
142.04545454545453,379.5454545454545,2.252225464257081,0.11666100488589931,0.051437249793529774,0.009002387658983983,0.17002322378516554,0.32222181947403605
152.8409090909091,379.5454545454545,2.262289694678999,0.1167630243761539,0.050947628613441036,0.0087947759447554,0.1710335479619432,0.3233652405940882
163.63636363636363,379.5454545454545,2.2719430916160044,0.11748556521834862,0.05037869386141503,0.008624504750046046,0.17162932258285973,0.32490365840256724
174.4318181818182,379.5454545454545,2.2805686819342714,0.11885283741385916,0.050160244205437354,0.008645463554256048,0.17173040605994858,0.3267885162289742
185.22727272727272,379.5454545454545,2.2874931269962646,0.12082887819019372,0.05042419985300888,0.008893215710768213,0.17128661569703552,0.32892271352763
196.02272727272725,379.5454545454545,2.2920227983982464,0.12330895608126673,0.05092468139309436,0.009251120073678778,0.17028670463106232,0.33115836838695895
206.8181818181818,379.5454545454545,2.293504712192602,0.1261319580301227,0.05125102145088224,0.009539081630809288,0.16875744556769184,0.3333120617605493
217.61363636363635,379.5454545454545,2.2913963236643817,0.12910494611910983,0.05113085719910102,0.009631777985417108,0.16675638521600877,0.3351896291695831
228.4090909090909,379.5454545454545,2.2853298463672065,0.13202988347822178,0.05060732788419293,0.009531311656648913,0.16436271957396126,0.33661190321509576
239.20454545454544,379.5454545454545,2.2751654897376676,0.1347285751118232,0.05001155074035816,0.009376740682093904,0.16166805639794604,0.33743801441637283
250.0,379.5454545454545,2.2610303292875527,0.13706581983727453,0.04974142790279481,0.009365844551722373,0.1587667173518927,0.33758589790481447
260.7954545454545,379.5454545454545,2.243336346344588,0.13897010891659187,0.04996223401608383,0.00959484227769287,0.15574528892770723,0.33704884824919196
271.59090909090907,379.5454545454545,2.2227667814378678,0.14044552019721535,0.050467150900034015,0.009958242202867184,0.15267406199023933,0.33590247636671045
282.3863636363636,379.5454545454545,2.2002254409195454,0.1415684589865289,0.05083630323786927,0.010236654801580885,0.14960358333032223,0.33429700914695054
293.1818181818182,379.5454545454545,2.176758396081892,0.14247240622730534,0.050742097104004624,0.010262522920653095,0.14656543526283655,0.3324381711733353
303.9772727272727,379.5454545454545,2.1534622560007612,0.1433256451452725,0.050169789820384794,0.010021180679013834,0.14357578206594293,0.33056167284107446
314.77272727272725,379.5454545454545,2.131388020143653,0.14430248920322664,0.049449528017840104,0.009669488355072276,0.14064232947064792,0.32890263318241625
325.5681818181818,379.5454545454545,2.1114459821611566,0.14554879778071314,0.04908431067314821,0.0094723770999661,0.13777480965029912,0.3276610758289086
336.3636363636364,379.5454545454545,2.0943199350727473,0.14714711004216155,0.049432000580343124,0.009635575774204692,0.13499668446722587,0.32696814511079536
347.1590909090909,379.5454545454545,2.0804089350509707,0.14909136941628753,0.050451920970187664,0.010130839620372522,0.13235405093566213,0.3268620365019023
357.95454545454544,379.5454545454545,2.0698158392001607,0.1512803729913153,0.0517516506805068,0.010720112015048557,0.1299183357074562,0.32728214503762676
368.75,379.5454545454545,2.0623781820224716,0.1535309488757822,0.05288355566542733,0.011142827948886545,0.12778170704893854,0.32808166877589423
379.5454545454545,379.5454545454545,2.057721130674665,0.15560527989432354,0.05363366330502293,0.011266889055930924,0.12604638327267592,0.3290525643428015
390.34090909090907,379.5454545454545,2.0553207070458823,0.15724784370427528,0.054146887611947636,0.011149141439993453,0.12480928733329166,0.3299583944432583
401.1363636363636,379.5454545454545,2.0545743241079752,0.15823100967899947,0.054863097473353245,0.011016646822555973,0.12414230678349802,0.3305740745462548
411.9318181818182,379.5454545454545,2.0548748120111093,0.1584066568105055,0.056289886862516215,0.011140500144092855,0.12406932708747684,0.330730248085954
422.7272727272727,379.5454545454545,2.055675149920574,0.15774903827988274,0.05872825735127428,0.011634416201486156,0.12454750652049153,0.3303504834531032
433.52272727272725,379.5454545454545,2.0565246521603897,0.15636382254936063,0.062162803932895326,0.01237768819454907,0.12546572513489834,0.3294615181750191
444.3181818181818,379.5454545454545,2.0570722963507384,0.15445847715484926,0.06640880013505694,0.013155150198461259,0.1266626374172638,0.32817267359603647
455.1136363636363,379.5454545454545,2.057053757799443,0.15229751762391705,0.07136740280164422,0.013828467770357922,0.12795203502430433,0.3266428343357961
465.9090909090909,379.5454545454545,2.056277595826671,0.15016185614974703,0.07719452915429896,0.014401927740665293,0.12914566926695517,0.3250502361303945
476.70454545454544,379.5454545454545,2.0546148935636617,0.1483142979020752,0.08429953012474956,0.014998224003627955,0.13007276742523588,0.32356696785111483
487.5,379.5454545454545,2.0519903076954353,0.14696605094733634,0.09318921015440787,0.01578502908502693,0.13059909342084303,0.3223343402584707
12.5,390.34090909090907,2.2065016568674403,0.1453964015439569,0.06642895571641182,0.011109543439694832,0.14798411133807166,0.3376715579261482
23.295454545454547,390.34090909090907,2.202708018780336,0.14228456151531674,0.059533625577724535,0.010371480014021175,0.14943990535486262,0.335067574789205
34.09090909090909,390.34090909090907,2.1990254222733983,0.13907251877048615,0.055598130246326476,0.010106880856155792,0.15096739951425509,0.33240456505628163
44.88636363636363,390.34090909090907,2.195808897241321,0.1357963191548639,0.05328069267921455,0.009932716477557084,0.15258284439516065,0.32974580553459515
55.68181818181818,390.34090909090907,2.193401868985175,0.1325066552095815,0.05147713937021736,0.00960018979414587,0.15429250258169178,0.32716369344836044
66.47727272727272,390.34090909090907,2.1921058146875523,0.12926738397546336,0.04973778471198613,0.009076633534246595,0.15609030448486289,0.3247354685538854
77.27272727272727,390.34090909090907,2.1921605538529865,0.1261533665246615,0.048237552457220174,0.008512895698376375,0.1579570414297946,0.3225395876306938
88.06818181818181,390.34090909090907,2.193731997412183,0.12324461310806817,0.04744340542909279,0.008143790429630775,0.15986256041515778,0.32065028086735287
98.86363636363636,390.34090909090907,2.1969072836004075,0.12061824430987239,0.04763164027780931,0.00811286510894393,0.16177005029556848,0.319131350383586
109.6590909090909,390.34090909090907,2.201693628995135,0.11834377934753663,0.048561652363226106,0.00833693767018189,0.1636387351516011,0.31803271660945925
120.45454545454545,390.34090909090907,2.208011616508391,0.11648675521555746,0.04961218270692969,0.008590135630165023,0.16542099705865207,0.31739226267136544
131.25,390.34090909090907,2.2156853152768137,0.11511699462901144,0.0501955921548628,0.00868566510858503,0.16705638354314165,0.3172406283950947
142.04545454545453,390.34090909090907,2.2244371419349838,0.114313181623849,0.05006779042330775,0.008566217368282033,0.1684683262495137,0.3176038984048632
152.8409090909091,390.34090909090907,2.2338862258016863,0.1141585700267753,0.04941355882698138,0.008311020558420071,0.16956653150370143,0.3185003938591495
163.63636363636363,390.34090909090907,2.2435450104611534,0.11472558308815697,0.04872476391705442,0.008098413635445261,0.17025582169515024,0.3199294221641517
174.4318181818182,390.34090909090907,2.2528107996614315,0.11604913657784117,0.04849292287854079,0.008108950598028299,0.1704511772672949,0.32185151566938774
185.22727272727272,390.34090909090907,2.260962273798759,0.11809622179275094,0.048852924907048074,0.008384543711469673,0.17009554284837922,0.3241665550996254
196.02272727272725,390.34090909090907,2.2671942611755846,0.12075392541107272,0.04949231968281504,0.008785472744361434,0.16917068772164176,0.32670900045483925
206.8181818181818,390.34090909090907,2.270699560379388,0.1238451672600801,0.049924052500717395,0.009104359824121293,0.16769651067843602,0.3292677277125501
217.61363636363635,390.34090909090907,2.2707631591244173,0.12715508092217373,0.049836074488101144,0.009199760118904844,0.16572530434755262,0.33161470989474146
228.4090909090909,390.34090909090907,2.2668471877043364,0.13045720623303037,0.049278817479963884,0.009071274667268033,0.16333514567897117,0.3335325788793815
239.20454545454544,390.34090909090907,2.258662303290639,0.13353910997618726,0.04863375787601902,0.008876533354644714,0.1606221837596745,0.334840338556093
250.0,390.34090909090907,2.2462234800180907,0.13623029836674555,0.04836997520500937,0.008854590899211843,0.15768989814499598,0.3354190384174762
260.7954545454545,390.34090909090907,2.2298840266412534,0.13843327335416222,0.04868890904135056,0.00912844834995782,0.15463416089754625,0.33523735235577157
271.59090909090907,390.34090909090907,2.2103303783916832,0.14014364724813172,0.04934677951960345,0.00956654230237583,0.1515306618762904,0.33436524594955164
282.3863636363636,390.34090909090907,2.1885247486753654,0.14144226504276985,0.04985350999732119,0.009902064956640404,0.14843351191030793,0.33296230224275414
293.1818181818182,390.34090909090907,2.165612772293024,0.14247088476340883,0.04983199892818139,0.009937690496543425,0.1453799450694457,0.3312506960436012
303.9772727272727,390.34090909090907,2.1428168251202218,0.14340470816300757,0.0492587067771141,0.009652091501538994,0.1423953784654115,0.3294844166485563
314.77272727272725,390.34090909090907,2.1213235494599245,0.14442213854703867,0.04850045862460331,0.009220966297316313,0.13949951231818822,0.3279159132804568
325.5681818181818,390.34090909090907,2.1021693603741554,0.1456712046747464,0.04813734916530669,0.008961352708984975,0.1367142074314071,0.32676016842314387
336.3636363636364,390.34090909090907,2.08613006413711,0.14723619340414285,0.04860490269776641,0.009137363516121506,0.13407167564030062,0.3261593564604926
347.1590909090909,390.34090909090907,2.073640645011926,0.14911301506865526,0.04988035136080889,0.009719939436979196,0.13162066293048608,0.3261568879062562
357.95454545454544,390.34090909090907,2.064785748065266,0.15120280256367358,0.05153059814706407,0.0104206251910803,0.12942926150936943,0.32669187069845085
368.75,390.34090909090907,2.0593493371672458,0.1533241963465344,0.05305570392514162,0.010939706678850846,0.12758285425645804,0.327613081939571
379.5454545454545,390.34090909090907,2.05688274510151,0.15523819844835068,0.05419815658591793,0.011131154848914018,0.12617650579351744,0.32870378407487355
390.34090909090907,390.34090909090907,2.0567772697033027,0.15668254033240495,0.055063780829883856,0.011052645092822683,0.12530215206469336,0.3297137515608605
401.1363636363636,390.34090909090907,2.058342054132291,0.15741705857024316,0.05605404109232166,0.010941619706672717,0.1250297742102205,0.3303996428762459
411.9318181818182,390.34090909090907,2.060887811020257,0.1572820847780924,0.05764238858712732,0.011082137253863094,0.12538141728246233,0.33057519607475283
422.7272727272727,390.34090909090907,2.063805130253827,0.15625625713291358,0.060103959785085356,0.011584519650236345,0.1263049780743583,0.33016043882997714
433.52272727272725,390.34090909090907,2.066606109709377,0.15447014564887468,0.06341728699534378,0.01231016985406208,0.12767049416722578,0.3291957533282298
444.3181818181818,390.34090909090907,2.0689207284101405,0.1521647224844054,0.0674242969298683,0.013037240496400275,0.12929457565994248,0.3278121274173973
455.1136363636363,390.34090909090907,2.0704782257107235,0.14963888880766718,0.07207808409036136,0.013636624576584117,0.130969780567202,0.3261920723625194
465.9090909090909,390.34090909090907,2.071091436252151,0.14720847394546255,0.07759702716059072,0.014128387543204056,0.13248744910714208,0.32453896649218683
476.70454545454544,390.34090909090907,2.0706442620813856,0.14517182687544156,0.08445267256887301,0.014652139356004724,0.13365693239740714,0.323051393774112
487.5,390.34090909090907,2.0690775141980287,0.1437705536267044,0.09320092418993138,0.015390889185997965,0.1343275483480384,0.32189387682941323
12.5,401.1363636363636,2.2036761386806005,0.14936309813377988,0.0679625975716915,0.01122032304564326,0.1453128841875386,0.3401753732080489
23.295454545454547,401.1363636363636,2.1986620150543277,0.14590491358723612,0.06054406684540903,0.01041306058485921,0.14684573576387844,0.33719659870906316
34.09090909090909,401.1363636363636,2.193378536998889,0.1422222952395318,0.05610138313958341,0.010109551608273292,0.148484035545478,0.33403047098271477
44.88636363636363,401.1363636363636,2.1882330239718426,0.13838326611758717,0.05334898596904481,0.009887918436009807,0.15023049079969644,0.33076844168170305
55.68181818181818,401.1363636363636,2.1836374690336786,0.1344730430042028,0.051195767567858125,0.009479561064598426,0.1520780314354348,0.32751461646456426
66.47727272727272,401.1363636363636,2.179969433084656,0.1305877567395744,0.04917966581506267,0.00885385278242853,0.15400940007210648,0.32437715242742127
77.27272727272727,401.1363636363636,2.1775477792003457,0.1268298621533542,0.04746829126277817,0.008182303541796401,0.15599731205877615,0.32146242981627554
88.06818181818181,401.1363636363636,2.1766195513757784,0.12330154468843596,0.04654155663610774,0.007738360024552488,0.1580069989232617,0.3188689936078003
98.86363636363636,401.1363636363636,2.177357948232368,0.12009660534297156,0.04668553167811544,0.0076957096170001986,0.16000084217203703,0.3166816002203511
109.6590909090909,401.1363636363636,2.179866561102074,0.11729571216971499,0.047615380126738466,0.007946662197884593,0.1619416620778384,0.31496831129980446
120.45454545454545,401.1363636363636,2.184169756821422,0.11497220539971331,0.04864243522506065,0.008219887886776647,0.16378822488085895,0.3137835744169213
131.25,401.1363636363636,2.1901941559474087,0.11320295689424177,0.0491444619404211,0.008308628043280352,0.1654867817159777,0.3131739294821275
142.04545454545453,401.1363636363636,2.19775555531135,0.11207392074334666,0.04888077110405903,0.008155932376189778,0.16696635958966047,0.313180541159297
152.8409090909091,401.1363636363636,2.2065485255148163,0.11167627768821844,0.048070355467376896,0.007850877605581877,0.16813995814240618,0.31383536555408703
163.63636363636363,401.1363636363636,2.2161333364884714,0.11209147733858951,0.04726621150004439,0.007592339750774891,0.1689120965788308,0.3151491828812326
174.4318181818182,401.1363636363636,2.2259160726799028,0.1133635739362103,0.04702529543356339,0.00759063516881836,0.16919322893396027,0.31708992133977115
185.22727272727272,401.1363636363636,2.2351279344553414,0.1154616543673271,0.04748691811477006,0.007895450423564635,0.1689199935031354,0.3195538892749776
196.02272727272725,401.1363636363636,2.242857152390839,0.11826385172554073,0.048266399888620574,0.008339861158469174,0.1680681633269308,0.3223578693944267
206.8181818181818,401.1363636363636,2.248152822508857,0.12157849101779256,0.04880164042439845,0.008688863088609129,0.1666510624721684,0.325265122217136
217.61363636363635,401.1363636363636,2.250138930101591,0.12517132693022373,0.048743656953876155,0.008785688386128865,0.16471542627730978,0.32801678132671425
228.4090909090909,401.1363636363636,2.2481172675190932,0.12879084001887514,0.04814861989433983,0.008625929214143983,0.1623372396811845,0.3303606936848113
239.20454545454544,401.1363636363636,2.2416566527987154,0.13219437949573634,0.04744403464413716,0.008383028304300441,0.15961561142234548,0.3320794003027081
250.0,401.1363636363636,2.2306652178592925,0.13517894608739695,0.0471712388923976,0.008340398307843354,0.15666207320521788,0.33301959542376786
260.7954545454545,401.1363636363636,2.2154405250413007,0.13762093139558843,0.04757497661666103,0.00865520797785606,0.15358216646861567,0.33312555816397244
271.59090909090907,401.1363636363636,2.196674819953304,0.13950640736440517,0.048374666064993986,0.009166080865545927,0.15045790079985444,0.3324611272526753
282.3863636363636,401.1363636363636,2.1753890588694027,0.14091736535877128,0.049014327361072585,0.009556781644433299,0.1473489548695687,0.33119294915675324
293.1818181818182,401.1363636363636,2.1528263355689714,0.14200042514709782,0.04907501695305257,0.009602929499859919,0.14430003146292655,0.32955701014015304
303.9772727272727,401.1363636363636,2.130330478134263,0.14293660479158105,0.04852814644341149,0.00927749346715624,0.14134599993303437,0.32782433982982356
314.77272727272725,401.1363636363636,2.1092173188055456,0.14390984930586534,0.04777470055803712,0.00877238037341673,0.1385170004856771,0.32626505727270605
325.5681818181818,401.1363636363636,2.0906434586323224,0.14507347035633678,0.04746562177359175,0.008455457831893413,0.13584453013931921,0.32511067336807714
336.3636363636364,401.1363636363636,2.0754760917860726,0.14651706442121518,0.048108520738710484,0.008654219486470823,0.13336735555881613,0.3245168443805095
347.1590909090909,401.1363636363636,2.0641889550823307,0.14824136945774483,0.0496852396073083,0.00933247509847569,0.13113546281059724,0.3245345191322083
357.95454545454544,401.1363636363636,2.056856600635478,0.15015276094587177,0.05171063067006596,0.010144220040253803,0.12921273683087928,0.32510543788484203
368.75,401.1363636363636,2.0532229365739716,0.15207648347430425,0.0536299390817659,0.0107552170084205,0.12767635018076012,0.32607878332222573
379.5454545454545,401.1363636363636,2.052779731658538,0.1537802792815518,0.055138846062451535,0.011010101646343586,0.12661099928063113,0.3272362431158439
390.34090909090907,401.1363636363636,2.0548465003934826,0.15500624679398078,0.05629622912517208,0.010965866218468321,0.1260983694157236,0.32832303830247234
401.1363636363636,401.1363636363636,2.058654290550815,0.15551348264515139,0.057456512189780144,0.010863563053454647,0.1262005710189452,0.329086991313602
411.9318181818182,401.1363636363636,2.063436282998615,0.15513724665712014,0.05905860112652707,0.010996029406002665,0.12693442711069816,0.329330001393168
422.7272727272727,401.1363636363636,2.068520307102035,0.1538606316959544,0.06135924920167365,0.011471846166841267,0.1282384918364589,0.32896856525585233
433.52272727272725,401.1363636363636,2.073377020393075,0.15183334540272925,0.06434103130026264,0.012139025482525618,0.12996695516484122,0.32805218485783316
444.3181818181818,401.1363636363636,2.077606859733188,0.14931504199674414,0.06788870902722305,0.012776125190128294,0.13192211833015424,0.3267219122232034
455.1136363636363,401.1363636363636,2.0809184492468487,0.14661983648273172,0.07202811875228989,0.013267550231111484,0.13388525329375478,0.3251688208802776
465.9090909090909,401.1363636363636,2.0831133240287207,0.14407830114747225,0.07706582171971166,0.013651615441245893,0.1356376872231423,0.3236055101073247
476.70454545454544,401.1363636363636,2.084072928025606,0.14200553998526388,0.08356290327542373,0.01408825872149638,0.13697849692795463,0.32224214853918176
487.5,401.1363636363636,2.0837420544256626,0.14066154064857422,0.09214342165204059,0.014780613773621817,0.13774643950249657,0.3212566790644189
12.5,411.9318181818182,2.2011818457537515,0.15292348707352257,0.07052469678410417,0.011682704641044865,0.14291972039284664,0.3424271736605364
23.295454545454547,411.9318181818182,2.1949555744360194,0.14914150598075757,0.06251414269688485,0.010785180037775769,0.1445170425783496,0.33909043744491657
34.09090909090909,411.9318181818182,2.1881164914766185,0.14503046693961427,0.05744178285063428,0.010389052503953116,0.1462457760550952,0.3354558160500314
44.88636363636363,411.9318181818182,2.181110504930507,0.14068279568767475,0.05413913093696244,0.010076664985561163,0.14809815281439673,0.3316361221829119
55.68181818181818,411.9318181818182,2.1744071275594257,0.13621197673900837,0.05157671445891365,0.009581351993463121,0.15005633291308915,0.32776157037404247
66.47727272727272,411.9318181818182,2.1684544178178267,0.13174203680998098,0.04929437212983579,0.008875748981366529,0.1520938927675609,0.323967545109931
77.27272727272727,411.9318181818182,2.1636499728506,0.12739999190163087,0.047430982235447304,0.008137178285677232,0.1541772510533602,0.3203861730248986
88.06818181818181,411.9318181818182,2.1603250454238805,0.12330789305531815,0.04642838150360089,0.007645943513332433,0.1562687314153808,0.31713900832348957
98.86363636363636,411.9318181818182,2.1587413611803674,0.11957467407172813,0.046534116085043854,0.007576998578790807,0.1583310954130674,0.3143309300747961
109.6590909090909,411.9318181818182,2.159095263801014,0.11629206242892856,0.04742514546729224,0.007809985230095261,0.16033042735387218,0.31204769233677226
120.45454545454545,411.9318181818182,2.1615053414253156,0.11354187945219323,0.04838994771878327,0.008061678062263834,0.16223045466459363,0.3103597684948704
131.25,411.9318181818182,2.165988746746533,0.11140819306488761,0.048806164749110585,0.008124517584942835,0.16398276489643615,0.3093284230218269
142.04545454545453,411.9318181818182,2.172441536253769,0.10998331613704147,0.04844693694118567,0.007945717716933835,0.16552112836764174,0.30900785970203015
152.8409090909091,411.9318181818182,2.1806198124504346,0.10936391411000865,0.04755203138639219,0.007618196581933114,0.16676181689128194,0.3094404622780699
163.63636363636363,411.9318181818182,2.1901172870497145,0.10963580243165223,0.04669835704552279,0.007344053420330093,0.16761030040540567,0.3106436574696632
174.4318181818182,411.9318181818182,2.200336831681142,0.11084593867849016,0.046461694355201526,0.007337913918649175,0.1679749559475708,0.3125870842348353
185.22727272727272,411.9318181818182,2.2104623252885163,0.11296306123450515,0.046975825914732657,0.007650082642321841,0.16778759293149406,0.3151617673732715
196.02272727272725,411.9318181818182,2.219490115565573,0.11585991183107566,0.04782492851803718,0.008108121522455582,0.16701742572762002,0.3181708972288538
206.8181818181818,411.9318181818182,2.226343521223441,0.11933453091904561,0.04841763337577878,0.00847256319902739,0.1656705359603961,0.321357074412836
217.61363636363635,411.9318181818182,2.2300008418695882,0.12313667168375277,0.048390271117855876,0.008583002271850791,0.16378771377018367,0.3244346113894747
228.4090909090909,411.9318181818182,2.2296157717175533,0.12699335502232545,0.04779984023163186,0.008431296562893346,0.1614420038521702,0.32712041811853215
239.20454545454544,411.9318181818182,2.224625625287926,0.13063690426692368,0.04708880989034201,0.008190602663551637,0.15873347226389622,0.32916534359925453
250.0,411.9318181818182,2.2148412014683365,0.13383888866153856,0.046823173991601345,0.008152704045325554,0.15577848770153668,0.330387740577151
260.7954545454545,411.9318181818182,2.2005105063246075,0.136454202266567,0.04726579662341093,0.00848446457506647,0.15269016331775526,0.3307114137015398
271.59090909090907,411.9318181818182,2.1823309171361207,0.13845608739167012,0.04812946855241537,0.009018746891436455,0.14955872182207128,0.33019167699160773
282.3863636363636,411.9318181818182,2.161378294848354,0.13992154346044555,0.048841948326918364,0.009428878904310984,0.1464526693714993,0.3289974918006183
293.1818181818182,411.9318181818182,2.1389886472271957,0.14099808576612513,0.048973967741444545,0.009485178686322784,0.14342606385155734,0.32737536781488175
303.9772727272727,411.9318181818182,2.1166206870801485,0.14187130253386815,0.04849791492379245,0.009160158110274234,0.14052327246550073,0.3256117948498601
314.77272727272725,411.9318181818182,2.0957092431095874,0.14273131386555526,0.04782850134506068,0.00864987981974788,0.13778341185474974,0.3239939245484444
325.5681818181818,411.9318181818182,2.077517288952016,0.14373803777235955,0.04764120132244741,0.008333050075950792,0.13524535400584425,0.3227692615653887
336.3636363636364,411.9318181818182,2.06299213955849,0.1449878965539863,0.04846801688594934,0.00855037641736384,0.1329523150124706,0.32210681671578273
347.1590909090909,411.9318181818182,2.0526504135766004,0.14648897332113597,0.050294454783862824,0.00926374437482793,0.13095445611013562,0.3220672966448749
357.95454545454544,411.9318181818182,2.0465731598196446,0.14815665893255375,0.052620266421617864,0.01011876331953055,0.12931096626487407,0.3225995073120217
368.75,411.9318181818182,2.0444822109796026,0.1498279763245141,0.05486582105135393,0.010779735968349712,0.12808962957119727,0.32355860923410634
379.5454545454545,411.9318181818182,2.0458265841371457,0.15128519793955877,0.056688228294424804,0.011090501954638557,0.1273619086077933,0.3247320126749897
390.34090909090907,411.9318181818182,2.049870298900916,0.15228641065218843,0.05808919245058612,0.011098921553338864,0.12719402692840867,0.3258703358324065
401.1363636363636,411.9318181818182,2.0557826719451913,0.15260553011154648,0.059352818904851064,0.01102403922361405,0.1276326682628873,0.32672530765897023
411.9318181818182,411.9318181818182,2.062733736957216,0.15208812467534225,0.06085725580633442,0.011132588688128631,0.12868177361742078,0.32709939413406675
422.7272727272727,411.9318181818182,2.069992281370897,0.15072300006453226,0.06283575320102,0.01152423220716784,0.13027019844740165,0.3269068464024894
433.52272727272725,411.9318181818182,2.076977615218177,0.1486617357584977,0.0652970579256729,0.012062925540383157,0.13224554842617828,0.32619302416790397
444.3181818181818,411.9318181818182,2.0832456681308957,0.1461605177545071,0.06819514738878267,0.01255325406932863,0.1344074597819426,0.32509178972708086
455.1136363636363,411.9318181818182,2.0884683891065845,0.14352768466261825,0.07165065933461165,0.012900906655289902,0.13653675250479783,0.3237862286214388
465.9090909090909,411.9318181818182,2.0924192367458008,0.14108853433426466,0.07607834722064834,0.013160244204224172,0.1384149171085442,0.3224822223274413
476.70454545454544,411.9318181818182,2.0949601145211716,0.1391547269224108,0.08214484594368375,0.013505889039612968,0.13984100842109087,0.3213854245846027
487.5,411.9318181818182,2.09602400467992,0.13798486944952,0.09054589128260675,0.01415377731043937,0.14065335137013601,0.3206715449136365
12.5,422.7272727272727,2.198276575695313,0.1559547734099322,0.07430987106036877,0.012570010961316984,0.14079899720318959,0.3442611354488086
23.295454545454547,422.7272727272727,2.1908803311326723,0.1518838192385755,0.06565720750388844,0.011561189445023726,0.14244446906333125,0.34059554806854486
34.09090909090909,422.7272727272727,2.1825811839588782,0.14740285354578264,0.05983853300445605,0.011011628062879298,0.14423885055427552,0.3365439599791644
44.88636363636363,422.7272727272727,2.173847974984885,0.14261934534736206,0.055864061019789864,0.01055894370882879,0.14616782501720035,0.33223226103988535
55.68181818181818,422.7272727272727,2.165195059842717,0.13766770575483306,0.05282363132000789,0.009965462863115162,0.1482058202664763,0.327810234852886
66.47727272727272,422.7272727272727,2.1571327378321286,0.13269440492939955,0.0502829055151839,0.009209638712244424,0.15031962595387846,0.323435759367761
77.27272727272727,422.7272727272727,2.1501332977447083,0.12784685917589458,0.048332133190298256,0.008456608513310307,0.15247142028341457,0.31926333544679775
88.06818181818181,422.7272727272727,2.1446111773944674,0.1232635863671463,0.04731540522925832,0.007952582763802039,0.15462254112062912,0.3154350145173934
98.86363636363636,422.7272727272727,2.1409156212420553,0.11906617700009339,0.0473798879996192,0.007834427538423592,0.1567375024593716,0.3120739402963395
109.6590909090909,422.7272727272727,2.139328010358916,0.1153571630314788,0.04817610938664634,0.007988995009062775,0.15878498377457384,0.30928255777725827
120.45454545454545,422.7272727272727,2.140047956270707,0.11222775846013344,0.04902825401381351,0.008166738385345134,0.1607317240712428,0.30714660581898795
131.25,422.7272727272727,2.1431690819891913,0.10976963323592097,0.04935463650733813,0.00818113132592863,0.1625329079014616,0.3057408636715123
142.04545454545453,422.7272727272727,2.1486538094343968,0.10808098559183403,0.04895352818167686,0.007986481338357625,0.16412585282989375,0.3051307605437862
152.8409090909091,422.7272727272727,2.1563062664879036,0.10726219519449827,0.04806795402453628,0.007671898291930552,0.16542972315671595,0.3053664183281233
163.63636363636363,422.7272727272727,2.1657403000577897,0.1073994546077843,0.047250851840885184,0.007421762248040835,0.16635190675578626,0.30646767367415517
174.4318181818182,422.7272727272727,2.1763436247133416,0.10853607100576411,0.04703313026243717,0.007421575875621642,0.16680134871595487,0.30839997119328855
185.22727272727272,422.7272727272727,2.1872543133253246,0.11063779921802602,0.047529815835118276,0.007712462115144214,0.16670676555578962,0.31104735037725706
196.02272727272725,422.7272727272727,2.1973961394274726,0.11357667806210078,0.04835424552663107,0.00814665312783313,0.16603006652190286,0.3142047794087456
206.8181818181818,422.7272727272727,2.205587294140546,0.11714472035088098,0.04894583461895852,0.008509037102883196,0.16476974496446273,0.3175994068314037
217.61363636363635,422.7272727272727,2.2106775642869696,0.12107872016183585,0.04895418931958586,0.008649885182031676,0.16296065569238474,0.3209227030316883
228.4090909090909,422.7272727272727,2.211686146025394,0.12508764910536635,0.04843112713685376,0.008558837408940747,0.16067231281287908,0.32386449987212224
239.20454545454544,422.7272727272727,2.207929991874362,0.12888412479262906,0.04779479818842112,0.008390342750776512,0.15800374638303916,0.3261489018204774
250.0,422.7272727272727,2.1991328907467422,0.13222255008444048,0.047571488277750845,0.008396880282331735,0.15507232177897337,0.3275728626489549
260.7954545454545,422.7272727272727,2.185500433722759,0.13494329551727854,0.04800195146485939,0.008717187505856304,0.15199531641072989,0.32804540354520545
271.59090909090907,422.7272727272727,2.1677329663478835,0.13700341994692045,0.0488325553354569,0.00921190877222392,0.14887294003958298,0.3276107122787985
282.3863636363636,422.7272727272727,2.1469561365393814,0.13846919667715193,0.049537544333928964,0.009595135197628854,0.14578540824985559,0.3264354660908697
293.1818181818182,422.7272727272727,2.124593191113101,0.13948579121837762,0.04971479936184559,0.009658280622140797,0.1427974693251381,0.3247737994857748
303.9772727272727,422.7272727272727,2.1022096962084262,0.14024235716850963,0.04934343103621025,0.009379091733844267,0.13996273386870098,0.32292609714523385
314.77272727272725,422.7272727272727,2.081347548124934,0.14093549213923895,0.048826112833352815,0.008942815302547256,0.13732784446129886,0.32119548735783865
325.5681818181818,422.7272727272727,2.0633597094690495,0.14173224213908953,0.048807138734877485,0.008689012192807315,0.13493699236319295,0.3198440933992453
336.3636363636364,422.7272727272727,2.049257613199913,0.14273625989492386,0.04978607202386357,0.008906691398392945,0.13283589788799638,0.31905286328390176
347.1590909090909,422.7272727272727,2.039603978418448,0.14396479080720703,0.051762069003203175,0.009569416501561397,0.13107415414231155,0.31889388885940306
357.95454545454544,422.7272727272727,2.0345035174003425,0.1453454733856071,0.05427477327890744,0.010379889273512796,0.12970614986529452,0.3193271544216962
368.75,422.7272727272727,2.033673247412421,0.14673141502812218,0.05675867536626342,0.011037713847679063,0.12878954463514705,0.32021868012530696
379.5454545454545,422.7272727272727,2.036536274411823,0.14792606298014765,0.058844407396908556,0.011392930236130486,0.1283803890316822,0.32136808936378475
390.34090909090907,422.7272727272727,2.042318763708149,0.14871382265179275,0.06046869690939417,0.011474552080924677,0.12852514946398436,0.32254057894930294
401.1363636363636,422.7272727272727,2.0501473881165584,0.14889800625602945,0.06182346368901509,0.011455137229955541,0.12924840328765558,0.32350412288483416
411.9318181818182,422.7272727272727,2.0591480554781576,0.1483509114585067,0.06319612086992918,0.011541085308386524,0.13053342131339993,0.32407538861628715
422.7272727272727,422.7272727272727,2.068537624218896,0.1470683904278914,0.06478417308380567,0.011812942347890402,0.13229932050019474,0.32416808174770806
433.52272727272725,422.7272727272727,2.0776739764815604,0.1451835468451732,0.06663967886656078,0.012176395957240703,0.13439820878976236,0.3238079603050737
444.3181818181818,422.7272727272727,2.0860543700310124,0.14292689517164148,0.06880486271362865,0.012484695102806084,0.13663881815560117,0.3231044906617664
455.1136363636363,422.7272727272727,2.093299031377032,0.14058147000931429,0.0715089840564373,0.012672199088130071,0.13881158443040814,0.32221736201839846
465.9090909090909,422.7272727272727,2.0991373457186997,0.13844941947729208,0.07528458096134477,0.012806421522380174,0.14070714080320362,0.3213313968602517
476.70454545454544,422.7272727272727,2.1033949888642027,0.13682088205417572,0.08090681686088551,0.013068246113654808,0.14213354700551775,0.3206331761654505
487.5,422.7272727272727,2.1059769016662533,0.1359332839136923,0.08913363294648287,0.013674188767861422,0.14293880058424818,0.3202804490577489
12.5,433.52272727272725,2.194463977266463,0.1584219448845458,0.07916380122778509,0.013688625197677818,0.13891880338229684,0.34559966954927307
23.295454545454547,433.52272727272725,2.18596646207088,0.1541031144259074,0.06981975650987327,0.012556821699470002,0.14059517889678863,0.34164160079109657
34.09090909090909,433.52272727272725,2.1763337716198743,0.149316001361635,0.06315538119781082,0.011824418194734745,0.14243056200983212,0.33723160751209963
44.88636363636363,433.52272727272725,2.166048400304799,0.144176411945081,0.058386058693974854,0.011203464819525041,0.14440710716032829,0.332502927618615
55.68181818181818,433.52272727272725,2.1556578277916407,0.13883223443229123,0.054761922152261604,0.01050065530009154,0.1464947142343956,0.3276183993733083
66.47727272727272,433.52272727272725,2.1457244325961886,0.13344611009147847,0.05190121435852436,0.009702578625917077,0.1486560527568786,0.32275287779220213
77.27272727272727,433.52272727272725,2.136787374730735,0.1281810019222339,0.04984293323150891,0.00895187275787475,0.15085112848783883,0.3180789738645971
88.06818181818181,433.52272727272725,2.1293375959532925,0.12318832286884461,0.04880869001221522,0.008444265918512273,0.15304171679454023,0.31375599972260976
98.86363636363636,433.52272727272725,2.123803594468276,0.11860001878767774,0.048825421860074936,0.00827153261285417,0.1551945795860527,0.3099228568352742
109.6590909090909,433.52272727272725,2.120541023278162,0.1145279519925599,0.049513432911868965,0.008331733517335545,0.15728072649455746,0.3066964929491533
120.45454545454545,433.52272727272725,2.119816821660094,0.11107185012755048,0.05024546597559497,0.008419974872584491,0.15926897556697425,0.3041758330598602
131.25,433.52272727272725,2.121785816723152,0.10833042080037958,0.050496293809832574,0.008380080079150809,0.16111682060045152,0.302447147150682
142.04545454545453,433.52272727272725,2.1264623540163976,0.10640717752090927,0.05009294180007309,0.008175399907050449,0.16276392982253673,0.30158514952434146
152.8409090909091,433.52272727272725,2.133686382428944,0.10540543888828073,0.04926913532248742,0.007886933391312606,0.16413152423079114,0.30164585296862323
163.63636363636363,433.52272727272725,2.1430833431217,0.10541064699292284,0.04852757077898896,0.007672187210914994,0.16512867432945416,0.30264979767884903
174.4318181818182,433.52272727272725,2.154024314790316,0.10646186426839573,0.04833213249221862,0.007679855678341269,0.16566509101726398,0.30455765629146775
185.22727272727272,433.52272727272725,2.165608212206193,0.10852164178567983,0.04877939909832319,0.007941108266260434,0.1656672371554306,0.30724703494463595
196.02272727272725,433.52272727272725,2.1766992241975665,0.11146098547331686,0.04953399544550907,0.008338538233846542,0.16509129672360265,0.3105058290236486
206.8181818181818,433.52272727272725,2.186028881175498,0.11506719424857263,0.05009750858137212,0.008692265262628177,0.16392935542936612,0.3140486295743124
217.61363636363635,433.52272727272725,2.1923367960177003,0.11906642257033168,0.050150125898760126,0.008870591536171313,0.16221089872680639,0.3175476569402827
228.4090909090909,433.52272727272725,2.1945228975619266,0.1231532237455583,0.04973437504222486,0.008860988469261729,0.16000136153080985,0.32066985334573656
239.20454545454544,433.52272727272725,2.1917950100942205,0.1270257154261337,0.049220081100825964,0.008789364989100438,0.1573968227614107,0.32311745514530354
250.0,433.52272727272725,2.183796945953722,0.13042654906587778,0.04906298752616568,0.008853106175052665,0.15451315720373213,0.3246705943678235
260.7954545454545,433.52272727272725,2.1706949032353573,0.13318481507927696,0.049467763763351394,0.009155228217502366,0.15147018997369832,0.3252261236035649
271.59090909090907,433.52272727272725,2.1531931436697036,0.13524320769465145,0.05022245926080517,0.009588432344080735,0.14837713187074447,0.32481849124113804
282.3863636363636,433.52272727272725,2.132464251701402,0.1366561585820839,0.050874507444018766,0.009924217115247082,0.14532627111162444,0.3236109982899234
293.1818181818182,433.52272727272725,2.110012053724885,0.13756461160623845,0.05107086159994674,0.009988622878823409,0.14239345611777005,0.32186337173723545
303.9772727272727,433.52272727272725,2.087498745867329,0.138160405424065,0.05080141414580891,0.009766852229761064,0.1396409787333636,0.31988818049468937
314.77272727272725,433.52272727272725,2.0665602100322173,0.13864684450536968,0.050442225290302165,0.009423026971029591,0.13712147790504298,0.3180032991361322
325.5681818181818,433.52272727272725,2.048626141865046,0.13919894739541952,0.050581610104818514,0.009238725243174196,0.13488254844556488,0.3164846556421619
336.3636363636364,433.52272727272725,2.0347642156776775,0.13992859033035893,0.0516733938215452,0.009441653794653811,0.1329709829980366,0.3155249989336394
347.1590909090909,433.52272727272725,2.025580961932103,0.1408628538583711,0.053735961638598215,0.01002022940577259,0.1314351607828516,0.31520803812896475
357.95454545454544,433.52272727272725,2.0212100503546147,0.14194254845263302,0.05637009743188093,0.010748662698650052,0.13032468147121462,0.31550615289878836
368.75,433.52272727272725,2.0213758079599375,0.14303921741895065,0.0590461383608702,0.011377027396610626,0.12968696558876727,0.316299176248978
379.5454545454545,433.52272727272725,2.0254911118118044,0.1439823962317115,0.061378423044750295,0.011766785514847533,0.1295613847948621,0.31740408794848224
390.34090909090907,433.52272727272725,2.032762407823679,0.14459089112942836,0.06323924007629182,0.0119253014253657,0.12997174882022217,0.3186083082328976
401.1363636363636,433.52272727272725,2.042292531962903,0.1447071433446367,0.06472392616703317,0.011973042363934155,0.13091671453202547,0.3197049392240951
411.9318181818182,433.52272727272725,2.053178093555027,0.14423570334818459,0.06602491580779882,0.012054067601846718,0.13235716005056553,0.3205303334195152
422.7272727272727,433.52272727272725,2.06459170199314,0.1431775933828873,0.06729888503037504,0.012227512450187038,0.13420440264055952,0.3209971417250612
433.52272727272725,433.52272727272725,2.075830008655713,0.14163893884832873,0.0686340595253282,0.012435721917842353,0.13632015450630916,0.3211055299508425
444.3181818181818,433.52272727272725,2.086323821746319,0.1398091291335446,0.07015728264927075,0.01258167209146026,0.1385306503687352,0.3209288145146827
455.1136363636363,433.52272727272725,2.095629876103432,0.1379293201577814,0.07220172169301944,0.012630301431370977,0.14064459401268595,0.32059031668897253
465.9090909090909,433.52272727272725,2.1034196869987656,0.13626293517557858,0.07540834768062889,0.012660518931643633,0.14246960029281203,0.3202413192870941
476.70454545454544,433.52272727272725,2.1094681943278166,0.1350643727956856,0.08064612899105242,0.012853810034858332,0.14382968618136593,0.32003773348223474
487.5,433.52272727272725,2.113639739299467,0.13453990918375208,0.08872019562635665,0.013421156096486801,0.14458714256210103,0.320110962727225
12.5,444.3181818181818,2.189452118604868,0.1603535175453527,0.08481379533407324,0.014777582344337462,0.13723102320526281,0.34643186292066985
23.295454545454547,444.3181818181818,2.179949037833387,0.1558331551937011,0.07471992905220957,0.013515849065844441,0.13892079471483676,0.34222426707429565
34.09090909090909,444.3181818181818,2.1691338076630275,0.15080509912833565,0.06712427775044075,0.012600355879495958,0.1407742874963537,0.33751804375408695
44.88636363636363,444.3181818181818,2.157499342536317,0.14538961848074616,0.06143732682726218,0.011806741126052782,0.1427720981764812,0.33245069542628786
55.68181818181818,444.3181818181818,2.145617844738757,0.13974212608675893,0.057081684991287324,0.010983565418387284,0.14488226162372334,0.3271930120735722
66.47727272727272,444.3181818181818,2.134093128329972,0.13403547816223804,0.05375310501903068,0.010126913355308274,0.1470657536169136,0.32193148161858137
77.27272727272727,444.3181818181818,2.1235200893820942,0.12844349047049763,0.05146355283773334,0.009360958727519486,0.1492820272395635,0.316852321136024
88.06818181818181,444.3181818181818,2.11445430578941,0.12312726289583607,0.05033438771623968,0.008842705648752624,0.15149394924009157,0.31212857194104593
98.86363636363636,444.3181818181818,2.1073902546005,0.11822667925704451,0.05028554781995873,0.008631051919701094,0.15367056100774382,0.307911771028862
109.6590909090909,444.3181818181818,2.102743969028379,0.11386021854562477,0.05089155306213132,0.008626782258317521,0.15578534529504595,0.30432997153430236
120.45454545454545,444.3181818181818,2.1008349878035677,0.11013330442189369,0.051543110492610615,0.008651901039012219,0.15780931522353023,0.30149172467972646
131.25,444.3181818181818,2.101863929738413,0.10714963591900768,0.05175087066644844,0.0085722831393793,0.15970185606932957,0.29949170385434437
142.04545454545453,444.3181818181818,2.105883340803825,0.1050172156928698,0.05136121562912336,0.008358973650554645,0.161404019640521,0.29841186358325655
152.8409090909091,444.3181818181818,2.1127598329183286,0.10384305217849986,0.050596653633797894,0.00808670723172897,0.1628376600747747,0.29831366363801926
163.63636363636363,444.3181818181818,2.1221286188879236,0.10371449672278547,0.049917739433295076,0.00789325674274035,0.16391174706680153,0.2992200342637504
174.4318181818182,444.3181818181818,2.1333505725783986,0.10467013937560753,0.04973971997765024,0.007903375356194443,0.16453518755148586,0.3010902278505716
185.22727272727272,444.3181818181818,2.145495369941134,0.10667046772422742,0.05014949579831392,0.008142664082937661,0.1646325651749403,0.3037972792538323
196.02272727272725,444.3181818181818,2.1573784909370706,0.10958284840690379,0.05085315437033304,0.008513848897710148,0.16415705389498572,0.30712132593626856
206.8181818181818,444.3181818181818,2.167660218477895,0.1131878265767066,0.051405513816815615,0.00886281254104085,0.1630971914486408,0.3107645998590099
217.61363636363635,444.3181818181818,2.174988393011048,0.1172016359282548,0.051514623605525105,0.009072222604569942,0.16147862310891753,0.31438253833033275
228.4090909090909,444.3181818181818,2.178160293158566,0.1213075984543945,0.05121332574516228,0.009126997134802587,0.15936256889375056,0.3176232160500638
239.20454545454544,444.3181818181818,2.1762855003523316,0.1251934931938275,0.050825976191535345,0.009129445197417497,0.15684082849874814,0.32017110215892114
250.0,444.3181818181818,2.1689319919160037,0.128593321651106,0.050747209537409896,0.009236984870252493,0.15402637356287516,0.32179214061938005
260.7954545454545,444.3181818181818,2.156227595921747,0.13132726966434427,0.05115042824912728,0.009528419548536516,0.15104026619173722,0.3223728038988825
271.59090909090907,444.3181818181818,2.1388821161540665,0.13332734007443878,0.05185149636211604,0.009916238365298155,0.14799869619219141,0.32194057116668645
282.3863636363636,444.3181818181818,2.1181137570399144,0.13463860083663978,0.05245628038463979,0.010212752530996752,0.14500440349023005,0.32065697902644325
293.1818181818182,444.3181818181818,2.0954993412956937,0.13539799414046014,0.052656514058631546,0.010272160919790664,0.14214339799046202,0.31878669527238646
303.9772727272727,444.3181818181818,2.0727852068700026,0.1357997098467553,0.05245440006789677,0.01008557667118672,0.13948552298018377,0.3166529076932433
314.77272727272725,444.3181818181818,2.0516880135557876,0.13605429179505654,0.05220550036063529,0.009798662416913868,0.1370876896482373,0.3145872077511736
325.5681818181818,444.3181818181818,2.033704892029908,0.13634633426602255,0.052457575407632025,0.009650856146271154,0.1349989485727269,0.31287947191392607
336.3636363636364,444.3181818181818,2.019954855830515,0.13679737213860785,0.05363824704747587,0.009832306980481237,0.13326578529434163,0.3117347428846467
347.1590909090909,444.3181818181818,2.0110824485966097,0.13744393411672762,0.05578691242170768,0.010343186539126218,0.13193497922085579,0.31124745624759886
357.95454545454544,444.3181818181818,2.007246488620736,0.13823843352910187,0.05855427555632916,0.011007178203578206,0.13105187320314887,0.3114008722018848
368.75,444.3181818181818,2.0081830197177473,0.13907034878616137,0.06144146590017262,0.011613933800892975,0.13065441710005662,0.3120887516312649
379.5454545454545,444.3181818181818,2.0133067088404886,0.1397971662426149,0.06405013300249364,0.012035999913100375,0.13076546988901547,0.31314802697584615
390.34090909090907,444.3181818181818,2.02182050207522,0.14027584811547145,0.06619850295908863,0.01226445449803385,0.13138566707386548,0.3143927234001956
401.1363636363636,444.3181818181818,2.0328195388325017,0.14039094990123724,0.0679021052852373,0.01238081922574488,0.13248767913513684,0.3156448998644907
411.9318181818182,444.3181818181818,2.045383525463741,0.14007844056109645,0.06927688227712647,0.012485125492391717,0.13401180952942418,0.3167613234783023
422.7272727272727,444.3181818181818,2.058650430716033,0.13934252106018222,0.07044297399995635,0.012618769744263951,0.13586378860976356,0.3176532052691597
433.52272727272725,444.3181818181818,2.0718626536591724,0.13826026080454537,0.07150841733077114,0.012743521261868618,0.13791691728993954,0.3182943926477936
444.3181818181818,444.3181818181818,2.084385086905999,0.13697312289223262,0.07266020635163854,0.012795138499813317,0.1400190542271533,0.3187173002409476
455.1136363636363,444.3181818181818,2.095705585569817,0.1356701685804403,0.07430726052097382,0.012761240181550776,0.14200270260724207,0.31900108484311407
465.9090909090909,444.3181818181818,2.1054289486544193,0.13456585384934522,0.07716443476797594,0.012728935508174147,0.14369763807557187,0.319255306240486
476.70454545454544,444.3181818181818,2.1132694820185023,0.13387144658153732,0.08215805522152614,0.012878695841717993,0.14494719794877342,0.3195989266260252
487.5,444.3181818181818,2.1190427108731877,0.13376024740861098,0.09011932762833476,0.013417150650816684,0.14562818277381834,0.3201348384853631
12.5,455.1136363636363,2.183102779469765,0.1618180460710005,0.0911201354473624,0.0156825034041709,0.13567997608524873,0.34679147296641477
23.295454545454547,455.1136363636363,2.1727170003392153,0.15714771971857835,0.08023427943762973,0.014287819260463295,0.13736540569747216,0.34238388878244647
34.09090909090909,455.1136363636363,2.1608938581839707,0.15194568484081455,0.07165275673459245,0.013202657208006719,0.13921557922431635,0.33744736949883064
44.88636363636363,455.1136363636363,2.148135559984902,0.14633399232315328,0.06494980230445856,0.012244655021498702,0.14121101767865987,0.33212166648468483
55.68181818181818,455.1136363636363,2.1350328934967724,0.14047116635586265,0.05970897596600291,0.01129189427799833,0.14331987494626441,0.3265817478835867
66.47727272727272,455.1136363636363,2.1222206110246735,0.13453534198987058,0.05572237446835332,0.010350682698966041,0.1455032654504471,0.321021127150738
77.27272727272727,455.1136363636363,2.110336213657841,0.1287071633392506,0.053017002332905815,0.009540141052800313,0.1477210968150179,0.31563538432258015
88.06818181818181,455.1136363636363,2.099985186409869,0.12315466937105819,0.05166529807206619,0.00900218517049631,0.14993740143074938,0.3106077792415253
98.86363636363636,455.1136363636363,2.0917122738768765,0.11802319870290968,0.051510905974831246,0.008778207728883096,0.1521233116905304,0.3060990563608263
109.6590909090909,455.1136363636363,2.085977916316214,0.11343443283002233,0.05206557715277024,0.008758974545580122,0.15425512347974532,0.30224426000723
120.45454545454545,455.1136363636363,2.083138374496032,0.10949557295517388,0.05269076169798324,0.008766900395533617,0.15630669656451313,0.2991571070699349
131.25,455.1136363636363,2.0834249602586836,0.10631229959842209,0.05289255443969418,0.008672995541433757,0.15823949923049813,0.2969369390404825
142.04545454545453,455.1136363636363,2.0869161755476404,0.10399601232026466,0.052518246212469935,0.008452034941267917,0.15999531621623087,0.29567087505328554
152.8409090909091,455.1136363636363,2.0934990259127,0.1026589977334367,0.05178366950806931,0.008178148899760679,0.16149501827193802,0.29542627752294187
163.63636363636363,455.1136363636363,2.1028208444713434,0.10239510893680008,0.051133586582825304,0.007984191329404042,0.16264497985125537,0.296231963786738
174.4318181818182,455.1136363636363,2.1142421550756327,0.10324796782753676,0.05096874120189239,0.00798936473199732,0.16335106364280003,0.2980507066507623
185.22727272727272,455.1136363636363,2.1268151813330727,0.1051777055214339,0.0513771790172007,0.008218969525487226,0.16353620859679355,0.3007534312136944
196.02272727272725,455.1136363636363,2.1393184051341483,0.10804485322169424,0.05208422673079949,0.008582262959625282,0.16315373519746168,0.304111503800907
206.8181818181818,455.1136363636363,2.1503564038363385,0.11161974556430054,0.05266856466260371,0.00893361129352875,0.16219235330445336,0.3078140076237446
217.61363636363635,455.1136363636363,2.1585052840644248,0.11560854844532774,0.05285058720495924,0.009160498280979543,0.16067608889198515,0.3115016260131246
228.4090909090909,455.1136363636363,2.1624791808338206,0.11968622473716536,0.052655576691417884,0.0092457462820863,0.15866230706975315,0.31480767326229897
239.20454545454544,455.1136363636363,2.1613021514141164,0.12353390506639186,0.05238139333019933,0.009281393467359324,0.15623767692145424,0.31740281423067035
250.0,455.1136363636363,2.154470294313521,0.12687975876154495,0.052389272613368856,0.00940975473447494,0.1535110041816272,0.3190412181870433
260.7954545454545,455.1136363636363,2.1420733470900974,0.12953782697988664,0.052832971040299444,0.00970044842947645,0.1506029684079679,0.31960095856079934
271.59090909090907,455.1136363636363,2.1248276861808133,0.13143340535050507,0.05353548112359184,0.01007117156561352,0.14763446720783824,0.3191054719408929
282.3863636363636,455.1136363636363,2.1039945940427107,0.13260563462524644,0.05412842849553936,0.010348203838011235,0.14471636800770774,0.31771668966731825
293.1818181818182,455.1136363636363,2.0812130239448297,0.13318861378527094,0.05432881671615701,0.010397186039862482,0.14194299329529117,0.31570388280324474
303.9772727272727,455.1136363636363,2.05829680335324,0.13337868469141015,0.054151096849416325,0.010212097369209956,0.13939008428386715,0.31339894461141027
314.77272727272725,455.1136363636363,2.0370277751710115,0.1333940166975809,0.053949297767485256,0.009931455904414237,0.13711693365657251,0.3111457964674696
325.5681818181818,455.1136363636363,2.018960946161819,0.13343055793117975,0.05426517488774582,0.009780630435283377,0.13517196766787412,0.3092485030017699
336.3636363636364,455.1136363636363,2.005260873744148,0.13362098382420098,0.0555304364370869,0.00994038502672676,0.13359986229174206,0.3079248315691735
347.1590909090909,455.1136363636363,1.9966020809821265,0.1340099469304069,0.0578052029341557,0.010418644385241746,0.13244573336198173,0.30727815273893205
357.95454545454544,455.1136363636363,1.9931605725640495,0.13455791534919548,0.0607660503964187,0.011059424814759949,0.13175193967861495,0.30729925109599504
368.75,455.1136363636363,1.9946835702951486,0.13516923431568204,0.06392591366224852,0.011670083160801216,0.13154873665777136,0.3078935886784424
379.5454545454545,455.1136363636363,2.000595887620403,0.13572784988500275,0.06687314575229,0.012129312701367408,0.13184425123255264,0.3089178858079745
390.34090909090907,455.1136363636363,2.0101104039757662,0.13612811249663007,0.06938831274052408,0.012420546662347536,0.13261783338307293,0.3102136596493346
401.1363636363636,455.1136363636363,2.0223285221414007,0.1362952893082812,0.07143506173788994,0.012605952758560475,0.13381849135536414,0.3116324202857502
411.9318181818182,455.1136363636363,2.036325319251571,0.1361946112322007,0.07308082584028075,0.01276338413189942,0.13536854915566354,0.31305113118216266
422.7272727272727,455.1136363636363,2.051215599385761,0.1358324517662911,0.0744194484921292,0.012922491580968238,0.13716997307970705,0.31438007364437764
433.52272727272725,455.1136363636363,2.0661980306263183,0.13525715667564195,0.07556355816230075,0.013049312337005075,0.1391085740850314,0.315568131612728
444.3181818181818,455.1136363636363,2.080578384887281,0.1345613855388147,0.0767278686974314,0.013092051862206222,0.1410550822737662,0.316606920979312
455.1136363636363,455.1136363636363,2.093777534534478,0.1338792942565225,0.07835379207889082,0.013047898668796335,0.142867681804095,0.31752964873630896
465.9090909090909,455.1136363636363,2.1053316259056474,0.13337323971140524,0.08117642601972994,0.013006495602662926,0.14439997454236037,0.31840173122536425
476.70454545454544,455.1136363636363,2.114890274851865,0.1332101361135259,0.08612512425722008,0.013146502672177493,0.14551491723278814,0.319303885258834
487.5,455.1136363636363,2.12221568180598,0.13353163883738095,0.09402750634907345,0.013673250539791721,0.1461025451848758,0.3203109529639801
12.5,465.9090909090909,2.175390373559855,0.16290713281651112,0.0982010439253804,0.016413190982556097,0.13420819769585576,0.3467405418722444
23.295454545454547,465.9090909090909,2.1642695985365417,0.15814340847529326,0.08654577282841279,0.01489170344752481,0.13587120428054747,0.34218868552401893
34.09090909090909,465.9090909090909,2.151635035687672,0.15283707574607444,0.07700065528943666,0.013657784162103781,0.13769733338282855,0.3370920524708146
44.88636363636363,465.9090909090909,2.1379967287458164,0.1471097059665175,0.06926490616632644,0.012551214311720023,0.13966822677471724,0.3315908892119655
55.68181818181818,465.9090909090909,2.1239580668219014,0.14111937558813212,0.06305651920140581,0.011466726330276551,0.14175364726212586,0.32586118868104974
66.47727272727272,465.9090909090909,2.110174024269303,0.13504533869604912,0.058268206118005185,0.010420495244516857,0.14391619308534367,0.3200994080676695
77.27272727272727,465.9090909090909,2.0973106523671556,0.12907149176966443,0.05497816201412436,0.009539612553122584,0.14611686731634335,0.3145064659660713
88.06818181818181,465.9090909090909,2.0860076477397067,0.12337038500890922,0.053265005611055426,0.008973778243305634,0.14832064813726917,0.3092724534668733
98.86363636363636,465.9090909090909,2.076843817757956,0.11809067394362605,0.05293730867080839,0.00876129168372954,0.15050031160532562,0.30456408600664303
109.6590909090909,465.9090909090909,2.0703076105175082,0.11335399655258453,0.05344007683493992,0.008771484421259837,0.15263516091404974,0.300519358447734
120.45454545454545,465.9090909090909,2.0667761743735444,0.10926551108231751,0.05406889816088799,0.008803790008538983,0.15470250006848293,0.29725276663116623
131.25,465.9090909090909,2.0664974274270125,0.10592993812295799,0.05428979999248074,0.008719405065822063,0.15666613865859488,0.2948647410064121
142.04545454545453,465.9090909090909,2.069564833985654,0.10346064489354269,0.05393247431603249,0.00849328969039269,0.1584682782405286,0.2934453845775012
152.8409090909091,465.9090909090909,2.0758802024835217,0.10197586987377301,0.05320748662500035,0.008204045500522715,0.16002780847731451,0.2930678436126128
163.63636363636363,465.9090909090909,2.085105405780043,0.10157958238296765,0.052564448323727,0.007992407077823612,0.16124660614306813,0.2937696356204036
174.4318181818182,465.9090909090909,2.096610634767375,0.10232571500394548,0.052417283564716526,0.00798743488888429,0.16202540135988505,0.29552185239501993
185.22727272727272,465.9090909090909,2.1094430539379445,0.10417572371332573,0.05286321768195357,0.00821837461730791,0.1622858028333899,0.2981958172340662
196.02272727272725,465.9090909090909,2.122357267208831,0.10698002031420517,0.05362692581990069,0.008589481138086653,0.1619846366164941,0.3015532000324679
206.8181818181818,465.9090909090909,2.1339206850482557,0.11049612690693444,0.05428540212571471,0.008948870977018594,0.16111431298950749,0.30527006889734415
217.61363636363635,465.9090909090909,2.142662402884926,0.1144213053731828,0.054557952539952326,0.009180697383622326,0.1596991747681079,0.30897580762172
228.4090909090909,465.9090909090909,2.1472390572139424,0.11842601850153682,0.05446438464639072,0.00926658426992102,0.15779315582565318,0.3122944283510082
239.20454545454544,465.9090909090909,2.146608092952814,0.12218911383014233,0.05429274192936396,0.009300281350361393,0.15547719902734325,0.31488789115710913
250.0,465.9090909090909,2.1402010159061047,0.1254363688807755,0.05439484107788676,0.009429779812069695,0.15285466384047353,0.3165017986361786
260.7954545454545,465.9090909090909,2.1280698812242753,0.1279788477228684,0.054915215816428824,0.00972762579639124,0.15004399778933303,0.31700810820781516
271.59090909090907,465.9090909090909,2.1109374549078592,0.12973903190106986,0.055667217223047454,0.0101049295874792,0.1471684602931868,0.316428946954425
282.3863636363636,465.9090909090909,2.0901010297424483,0.13075313442282627,0.05628128223816402,0.010379763958811402,0.14434450150421416,0.31492800933989556
293.1818181818182,465.9090909090909,2.067243213688498,0.13115291154309208,0.056483542926893525,0.01041487429180843,0.14167249074056004,0.31277755688402825
303.9772727272727,465.9090909090909,2.0442208030679936,0.1311355184729632,0.05630093444555729,0.010204790384224637,0.13923225699763142,0.3103146317469108
314.77272727272725,465.9090909090909,2.0228586389755936,0.13092553431449463,0.05610189868760001,0.009891221834391471,0.13708383950379371,0.30789226415237675
325.5681818181818,465.9090909090909,2.004755527363899,0.1307308093965626,0.05645001397244141,0.009708566990486051,0.13527321407797377,0.3058275961775159
336.3636363636364,465.9090909090909,1.991113573306617,0.13069625496605883,0.057804372815992204,0.009849917450468496,0.13384174144761543,0.30435104305258576
347.1590909090909,465.9090909090909,1.9826280399988145,0.13087271772436346,0.06024375893826039,0.010327240118879408,0.13283304356655967,0.30357256249249015
357.95454545454544,465.9090909090909,1.9794836834783076,0.13122444202937122,0.06345033511075064,0.010981212212156456,0.1322881541151557,0.3034865405550784
368.75,465.9090909090909,1.981438460578479,0.1316669165858471,0.06693495523388823,0.01161842645962115,0.13223181196072475,0.30400746075313234
379.5454545454545,465.9090909090909,1.9879350460841536,0.13210723828274687,0.07027574509310497,0.012119428015105328,0.13266021055181787,0.305010313027228
390.34090909090907,465.9090909090909,1.9982080524580157,0.13247315785231134,0.07323354341806157,0.012467615489054382,0.13353505351783929,0.30636254297167687
401.1363636363636,465.9090909090909,2.0113776479854244,0.13272655800776162,0.07574703701466805,0.012722036807886222,0.13478546546181955,0.3079435465117487
411.9318181818182,465.9090909090909,2.0265264582956672,0.13285960841786693,0.07786068011961873,0.012955704634907278,0.13631847552121712,0.3096501371569955
422.7272727272727,465.9090909090909,2.042758445457338,0.1328806623015333,0.0796514317458864,0.01319206152315155,0.13803371284617683,0.31139284185660154
433.52272727272725,465.9090909090909,2.0592408491310654,0.13281086429957198,0.08122308558603532,0.013391473049968355,0.1398298981454821,0.31309796709782833
444.3181818181818,465.9090909090909,2.075231156330239,0.13269726544951513,0.08278722106406187,0.013499705425683238,0.1415998770942895,0.31471974240766115
455.1136363636363,465.9090909090909,2.090091302071702,0.13262259086512537,0.08477390258527323,0.013512419300958657,0.14322629484502508,0.3162487380001624
465.9090909090909,465.9090909090909,2.1032937899181823,0.13270000295968376,0.08788326917626893,0.013515448939023405,0.1445853769834481,0.3177088137147392
476.70454545454544,465.9090909090909,2.1144256747346253,0.13305480155778673,0.09299172246474634,0.013682676007497561,0.14555828933119924,0.31914460436905445
487.5,465.9090909090909,2.123195169087906,0.13379930774358947,0.10089026733388291,0.014218252958360288,0.14604685036373916,0.32060446507513723
12.5,476.70454545454544,2.166370741366695,0.16372176063941996,0.10640929635624594,0.017125411061718054,0.13276128550295666,0.3463564116327244
23.295454545454547,476.70454545454544,2.15468282977084,0.1589254309168142,0.09411281060928611,0.015499984507084254,0.13438340775523794,0.34172113323124514
34.09090909090909,476.70454545454544,2.1414511770946554,0.15358753596421407,0.08374782235771061,0.014146851027310128,0.1361648407592335,0.33653862728653167
44.88636363636363,476.70454545454544,2.1271904840536817,0.14782704035501334,0.07510527296861472,0.012917414977791265,0.13808927978102,0.330947792948126
55.68181818181818,476.70454545454544,2.1125095730728845,0.1417984073142945,0.06800647626025534,0.011716477244492316,0.1401292252105561,0.32512264683641956
66.47727272727272,476.70454545454544,2.0980724541662057,0.13567823342914817,0.062428579638742515,0.010568221141823061,0.14224982518996251,0.3192587290105661
77.27272727272727,476.70454545454544,2.084559349093665,0.12964999202143537,0.058504463140013944,0.009610794613815008,0.14441384404780463,0.31355816726047725
88.06818181818181,476.70454545454544,2.072628301964666,0.12388800593361499,0.05634399368762055,0.009011039899231911,0.1465871536539917,0.3082142589942245
98.86363636363636,476.70454545454544,2.0628765917833363,0.11854255356790189,0.05575902080189912,0.008814457845123387,0.14874352646982753,0.3033968332886178
109.6590909090909,476.70454545454544,2.055805443829298,0.11373307431380851,0.05615165592575648,0.008866674387111945,0.15086493961834663,0.2992436906060458
120.45454545454545,476.70454545454544,2.0517989489421717,0.10956047588425526,0.05675547966726548,0.008936076221429104,0.15293197618207932,0.29586706052236084
131.25,476.70454545454544,2.05110979631239,0.10612695876197238,0.056991567517024645,0.008869985720749485,0.1549104596057545,0.2933660995524595
142.04545454545453,476.70454545454544,2.0538365593562933,0.10354632096017526,0.05666306868468668,0.008642309677827474,0.1567428778472567,0.29183175912597936
152.8409090909091,476.70454545454544,2.0598888910073154,0.1019410721465372,0.05596561053541119,0.008336553376461043,0.15834640315437254,0.2913410403846585
163.63636363636363,476.70454545454544,2.068941560499618,0.10142459697833571,0.0553471963638855,0.00810404732052711,0.15961865853435192,0.2919394905339584
174.4318181818182,476.70454545454544,2.08038085095452,0.10206324412161749,0.055235584671893864,0.008089027956124714,0.16045466730641864,0.2936086928692322
185.22727272727272,476.70454545454544,2.09326046384189,0.10382077783146465,0.05573757593854781,0.008326207555678254,0.16077535459932032,0.2962222985436977
196.02272727272725,476.70454545454544,2.1063264144234086,0.10653559952869686,0.05657300124690438,0.008709784624745798,0.16054380954567288,0.2995325715145782
206.8181818181818,476.70454545454544,2.118132753734521,0.10995386535939626,0.057317249752192594,0.009077762387586065,0.15975781257393123,0.3032061217551423
217.61363636363635,476.70454545454544,2.127192163273465,0.11376837893268554,0.057690353270587136,0.009309849892293089,0.15844262353939004,0.3068674337344453
228.4090909090909,476.70454545454544,2.1321367415193393,0.11765062543110172,0.057706391408286865,0.009387144004014017,0.15664895338473792,0.31013863050559143
239.20454545454544,476.70454545454544,2.1318865737242088,0.12128266963964576,0.05764219025480957,0.00940788834416531,0.15445184561468453,0.31267997007328346
250.0,476.70454545454544,2.125825255418305,0.12439236378856394,0.05784195784957345,0.009531813850206324,0.1519483200443499,0.3142334220932769
260.7954545454545,476.70454545454544,2.113969928825752,0.12679125793769008,0.058444130482702764,0.009838930040439446,0.14925281745695784,0.3146675712782174
271.59090909090907,476.70454545454544,2.0970464683271364,0.1284024994431732,0.059249151868922406,0.010228815869851573,0.14648853026099687,0.31400534633253446
282.3863636363636,476.70454545454544,2.0763709165972934,0.12926104921774037,0.05988472760409678,0.010505064694438642,0.14377465268757042,0.31241155228784084
293.1818181818182,476.70454545454544,2.0536396507852657,0.12949531855823962,0.060088208798779026,0.01052494424489045,0.14121501863878508,0.3101575513396088
303.9772727272727,476.70454545454544,2.0307188310934867,0.12930017316317807,0.059900365704128225,0.01028335873179329,0.13889182204438613,0.30757976363215916
314.77272727272725,476.70454545454544,2.0094453947390964,0.12890248249237957,0.05970282321074589,0.00992719627699058,0.1368650210100464,0.3050341263193792
325.5681818181818,476.70454545454544,1.9914392691672174,0.12851901113831726,0.06007925642163527,0.009705526003924806,0.13517751255081717,0.30284633242516446
336.3636363636364,476.70454545454544,1.977927965551913,0.12830637809663317,0.06151639845209293,0.009830935499802552,0.13386636530383106,0.3012577792842978
347.1590909090909,476.70454545454544,1.9696184116164714,0.12831976657384261,0.06410830529534702,0.010316594891948125,0.13297385139886994,0.3003827322906811
357.95454545454544,476.70454545454544,1.9667001527850487,0.1285248824709329,0.06754172838222915,0.010990987738427447,0.1325406409183465,0.30021712066652906
368.75,476.70454545454544,1.96894708797077,0.1288470897882771,0.07133382899602503,0.011655642818708383,0.13258726829697717,0.3006841070268814
379.5454545454545,476.70454545454544,1.9758296774095352,0.12921360886942565,0.07506610016231226,0.012193253024051179,0.13310085900983748,0.30167586685459324
390.34090909090907,476.70454545454544,1.9866152817840432,0.12957954414443298,0.07849523033945632,0.012590868932494042,0.1340302562447861,0.3030826715576467
401.1363636363636,476.70454545454544,2.0004536768750776,0.12993623007825325,0.08155096265524427,0.01291122542941412,0.1352901360688044,0.3048078919492566
411.9318181818182,476.70454545454544,2.0164461375734994,0.13029881734591933,0.08426833496505057,0.01323085552171847,0.13677577949287098,0.3067665749550362
422.7272727272727,476.70454545454544,2.033697774782068,0.13067752902208848,0.08671054531680486,0.013570415455376487,0.13838582054532447,0.3088706918586303
433.52272727272725,476.70454545454544,2.051357279932105,0.13106926583998765,0.08896095300036792,0.013880585456680628,0.14003149351487654,0.31102743357495166
444.3181818181818,476.70454545454544,2.0686470358287403,0.13148269303310053,0.09120578761638602,0.014099203377046454,0.14162484642673379,0.3131601529895483
455.1136363636363,476.70454545454544,2.084882300923034,0.13195729405173057,0.09383187611023275,0.014215478043423936,0.1430693967802472,0.315223878607484
465.9090909090909,476.70454545454544,2.0994825226685414,0.1325637061210202,0.09746446477579074,0.014306300650507383,0.14426113527608214,0.3172067560571188
476.70454545454544,476.70454545454544,2.111980404643295,0.13339030066678353,0.10288601399895556,0.014534558536213098,0.14509751039169513,0.31912152518444376
487.5,476.70454545454544,2.1220343643510278,0.13452253148201038,0.11082185841163776,0.015097546311857384,0.1454910958150922,0.3209922446359742
12.5,487.5,2.1561603877395723,0.16436116554244928,0.11618948544383607,0.018043772815214777,0.13129233831444892,0.3457216465979948
23.295454545454547,487.5,2.144086720589185,0.1595956058890065,0.10348800367457171,0.01635660022668447,0.13285501076579714,0.3410670617264276
34.09090909090909,487.5,2.130483307949466,0.1543008225700846,0.09256918192175112,0.014922783838079668,0.13457110852042922,0.33587546494846976
44.88636363636363,487.5,2.1158636614759354,0.1485909437846464,0.0832971163506153,0.01360902246082195,0.13642709045058637,0.33028220937593844
55.68181818181818,487.5,2.100833667226753,0.14261407929714562,0.07557071852614096,0.012332778970611958,0.13839894115752246,0.3244565069715327
66.47727272727272,487.5,2.0860552267089436,0.13654084127485427,0.06942151879620274,0.011123864601034867,0.14045516058082338,0.31858944218190366
77.27272727272727,487.5,2.0722087799431663,0.13055041949468124,0.06500340477881032,0.01012089665913199,0.14256109609173442,0.31288013742964293
88.06818181818181,487.5,2.0599548830458057,0.12481504367786156,0.062430221918455146,0.00949136349049492,0.1446841377828891,0.3075206776120748
98.86363636363636,487.5,2.049893947554961,0.11948422085644377,0.06152459332227482,0.00928329334808458,0.14679885252336858,0.30268067986675395
109.6590909090909,487.5,2.042527155216755,0.11467492201525673,0.06169706672436084,0.009335698160579015,0.14888868789981494,0.298496194782883
120.45454545454545,487.5,2.0382354957531073,0.11048486818240853,0.06218190351813279,0.009408168213766766,0.15093580123092756,0.2950768687511255
131.25,487.5,2.037267705211716,0.10701427333961994,0.06239314642390483,0.009344776185281557,0.15290678228394883,0.29252003297457213
142.04545454545453,487.5,2.0397190751893564,0.10437617099277015,0.06211349415744898,0.009118447625384638,0.15474422654550515,0.29091574901797407
152.8409090909091,487.5,2.045498964261873,0.10269375185099242,0.06150431756092999,0.008811850444621445,0.15636486794584095,0.29034146820767837
163.63636363636363,487.5,2.054287803422944,0.1020833551168889,0.0609739554614118,0.008576015039208835,0.15766516654892962,0.29084542937278174
174.4318181818182,487.5,2.0654855747771412,0.10261710255975717,0.06092480071078505,0.008557789530722913,0.15853815390938025,0.2924147557655982
185.22727272727272,487.5,2.0781614064695195,0.10425972545016793,0.06146215160506871,0.008793638461871362,0.15890581937300935,0.2949254243467766
196.02272727272725,487.5,2.0910741609903303,0.10684267257225619,0.06232441292351628,0.009176177418602433,0.15873677443596096,0.29812615086939404
206.8181818181818,487.5,2.102794561655174,0.1101090679492341,0.06311870836762475,0.00954523028636398,0.1580323861834768,0.30168317618716745
217.61363636363635,487.5,2.1118526004709945,0.11375449913607331,0.06358417080052105,0.009783085988098102,0.15681809343111158,0.30522479572837447
228.4090909090909,487.5,2.1168922902927174,0.1174576340540676,0.06372628417843923,0.009870660731956441,0.155141583007712,0.308379479196339
239.20454545454544,487.5,2.1168344725907375,0.12090970058079008,0.06378915664954819,0.009902120708100154,0.1530725031280675,0.3108140436844555
250.0,487.5,2.1110483190563443,0.12384655393165266,0.06408115601717763,0.010032462444304963,0.15070155574170996,0.31227458185904106
260.7954545454545,487.5,2.099528987658238,0.1260846756705227,0.06472433483223744,0.010339655531146437,0.14813789448625697,0.31263082503926404
271.59090909090907,487.5,2.082991506102438,0.12754983338126524,0.06552476563450839,0.010720557959030272,0.14550199136684144,0.3119063999347674
282.3863636363636,487.5,2.0627361716720394,0.1282751396587868,0.06613914929107415,0.010981957719155513,0.14291246913035718,0.3102631287355605
293.1818181818182,487.5,2.040433804389843,0.12838348096747443,0.06633699995327294,0.010986858466558908,0.14047374283528694,0.3079657469716254
303.9772727272727,487.5,2.0179216758515177,0.12806342643504443,0.06617406623518456,0.010732548368524561,0.1382686941314976,0.305343147858191
314.77272727272725,487.5,1.997012328833136,0.12753775456425978,0.06602453470886654,0.010363623008379196,0.13635712917173906,0.3027457794407577
325.5681818181818,487.5,1.979313310640423,0.12702388726005995,0.0664538966817074,0.010125597956039449,0.13478023435894299,0.3004984816758687
336.3636363636364,487.5,1.9660545681476025,0.12668416526978238,0.06794291715138766,0.010232368776669706,0.13357191832918944,0.2988469566244249
347.1590909090909,487.5,1.9579483546409253,0.1265777672424493,0.07059859314072162,0.010698678413629687,0.13277263245117563,0.2979088614642521
357.95454545454544,487.5,1.9551972905896569,0.12667596800971614,0.07414071829909419,0.01135765751138038,0.1324211106391995,0.29768545460283896
368.75,487.5,1.957604143702073,0.12691681873724578,0.07812647735132229,0.012019617482822537,0.13253337853434152,0.29811194182548034
379.5454545454545,487.5,1.9646787975044293,0.12724571097449233,0.08216377230757521,0.012573869817406725,0.1330898990787752,0.2990975426499172
390.34090909090907,487.5,1.9757311655571184,0.12763822684863696,0.08601632562672519,0.01300973431943108,0.13403180771791495,0.3005515364102921
401.1363636363636,487.5,1.9899493515340179,0.12810485298115196,0.089606904156399,0.013389191302204922,0.13526641517823199,0.302394914917541
411.9318181818182,487.5,2.0064623170863527,0.12867464785548818,0.0929578646058589,0.01378801371354418,0.13668363840910433,0.3045555054783065
422.7272727272727,487.5,2.0243871741145387,0.12935823335944385,0.09611489994602761,0.014224384071868764,0.1381831505614917,0.3069468387995333
433.52272727272725,487.5,2.0428670918670147,0.1301354647222674,0.09913684213779171,0.014643962577211027,0.13968578436113585,0.3094634662816662
444.3181818181818,487.5,2.0611036687648125,0.13098816205435437,0.10217617859691801,0.014981271485003727,0.1411174178491322,0.3120075480690597
455.1136363636363,487.5,2.0783798706133143,0.13192316625469888,0.10556136440528201,0.015219950536290005,0.14239763803378225,0.3145075959621614
465.9090909090909,487.5,2.0940759325617173,0.1329766498241568,0.10982377438611608,0.015424699070576513,0.14343885747447116,0.3169232139862468
476.70454545454544,487.5,2.1076831087175747,0.13420528575688764,0.11563127544914464,0.01573947243537823,0.14415305525869093,0.31924031810371317
487.5,487.5,2.1188204146465464,0.13566994528245307,0.12362117297516868,0.016343138904281126,0.14446330125266757,0.3214613921689156
